#
# There is insufficient memory for the Java Runtime Environment to continue.
# Native memory allocation (malloc) failed to allocate 11151320 bytes. Error detail: Chunk::new
# Possible reasons:
#   The system is out of physical RAM or swap space
#   This process is running with CompressedOops enabled, and the Java Heap may be blocking the growth of the native heap
# Possible solutions:
#   Reduce memory load on the system
#   Increase physical memory or swap space
#   Check if swap backing store is full
#   Decrease Java heap size (-Xmx/-Xms)
#   Decrease number of Java threads
#   Decrease Java thread stack sizes (-Xss)
#   Set larger code cache with -XX:ReservedCodeCacheSize=
#   JVM is running with Unscaled Compressed Oops mode in which the Java heap is
#     placed in the first 4GB address space. The Java Heap base address is the
#     maximum limit for the native heap growth. Please use -XX:HeapBaseMinAddress
#     to set the Java Heap base and to place the Java Heap above 4GB virtual address.
# This output file may be truncated or incomplete.
#
#  Out of Memory Error (arena.cpp:186), pid=16968, tid=11612
#
# JRE version: OpenJDK Runtime Environment (25.0.2) (build 25.0.2+-15348964-b329.117)
# Java VM: OpenJDK 64-Bit Server VM (25.0.2+-15348964-b329.117, mixed mode, tiered, compressed oops, compressed class ptrs, g1 gc, windows-amd64)
# No core dump will be written. Minidumps are not enabled by default on client versions of Windows
#

---------------  S U M M A R Y ------------

Command Line: --add-opens=java.base/java.lang=ALL-UNNAMED --add-opens=java.base/java.lang.invoke=ALL-UNNAMED --add-opens=java.base/java.util=ALL-UNNAMED --add-opens=java.prefs/java.util.prefs=ALL-UNNAMED --add-exports=jdk.compiler/com.sun.tools.javac.api=ALL-UNNAMED --add-exports=jdk.compiler/com.sun.tools.javac.util=ALL-UNNAMED --add-opens=java.base/java.nio.charset=ALL-UNNAMED --add-opens=java.base/java.net=ALL-UNNAMED --add-opens=java.base/java.util.concurrent=ALL-UNNAMED --add-opens=java.base/java.util.concurrent.atomic=ALL-UNNAMED --add-opens=java.xml/javax.xml.namespace=ALL-UNNAMED --add-opens=java.base/java.time=ALL-UNNAMED --enable-native-access=ALL-UNNAMED -Xmx2048m -Dfile.encoding=UTF-8 -Duser.country=US -Duser.language=en -Duser.variant -javaagent:C:\Users\ADVAN\.gradle\wrapper\dists\gradle-9.5.0-bin\bvnork1r7n8i6kp5cnkibsc9q\gradle-9.5.0\lib\agents\gradle-instrumentation-agent-9.5.0.jar org.gradle.launcher.daemon.bootstrap.GradleDaemon 9.5.0

Host: AMD Ryzen 5 3500U with Radeon Vega Mobile Gfx  , 8 cores, 7G,  Windows 11 , 64 bit Build 26100 (10.0.26100.9444)
Time: Wed Sep 30 11:13:10 2026 SE Asia Standard Time elapsed time: 2234.305631 seconds (0d 0h 37m 14s)

---------------  T H R E A D  ---------------

Current thread (0x000001f973adfdb0):  JavaThread "C2 CompilerThread1" daemon [_thread_in_native, id=11612, stack(0x0000004dc9300000,0x0000004dc9400000) (1024K)]


Current CompileTask:
C2:2234306 29528       4       org.gradle.tooling.internal.adapter.ProtocolToModelAdapter$SupportedPropertyInvoker::invoke (154 bytes)

Stack: [0x0000004dc9300000,0x0000004dc9400000]
Native frames: (J=compiled Java code, j=interpreted, Vv=VM code, C=native code)
V  [jvm.dll+0x7bd439]  (no source info available)
V  [jvm.dll+0x78763d]  (no source info available)
V  [jvm.dll+0xa0c885]  (no source info available)
V  [jvm.dll+0xa0ef04]  (no source info available)
V  [jvm.dll+0xa0f603]  (no source info available)
V  [jvm.dll+0x309bf6]  (no source info available)
V  [jvm.dll+0x10ea69]  (no source info available)
V  [jvm.dll+0x10ed92]  (no source info available)
V  [jvm.dll+0x1a9837]  (no source info available)
V  [jvm.dll+0x3bec92]  (no source info available)
V  [jvm.dll+0x7c2cb7]  (no source info available)
V  [jvm.dll+0x2ce046]  (no source info available)
V  [jvm.dll+0x2cd221]  (no source info available)
V  [jvm.dll+0x242ffa]  (no source info available)
V  [jvm.dll+0x2dcc05]  (no source info available)
V  [jvm.dll+0x2dae06]  (no source info available)
V  [jvm.dll+0x49b59e]  (no source info available)
V  [jvm.dll+0x9ab9c8]  (no source info available)
V  [jvm.dll+0x7bb985]  (no source info available)
C  [ucrtbase.dll+0x2cd30]  (no source info available)
C  [KERNEL32.DLL+0x2cd87]  (no source info available)
C  [ntdll.dll+0xacaec]  (no source info available)

Lock stack of current Java thread (top to bottom):


---------------  P R O C E S S  ---------------

Threads class SMR info:
_java_thread_list=0x000001f974b76de0, length=65, elements={
0x000001f94b5d0ac0, 0x000001f9631a9680, 0x000001f9631c6920, 0x000001f9631c7780,
0x000001f9631c85e0, 0x000001f9631c91a0, 0x000001f9631d3140, 0x000001f9631d3d00,
0x000001f9631dd4f0, 0x000001f9631e1d10, 0x000001f96369f500, 0x000001f9691717b0,
0x000001f969ad67a0, 0x000001f96977f5a0, 0x000001f96a8a6eb0, 0x000001f96a8a95c0,
0x000001f96a8aad30, 0x000001f96a8a9d90, 0x000001f96a8aa560, 0x000001f96ac41580,
0x000001f96ac3fe10, 0x000001f96ac405e0, 0x000001f96ac41d50, 0x000001f96ac40db0,
0x000001f96ac3ee70, 0x000001f96ac45400, 0x000001f96ac42cf0, 0x000001f96af1aca0,
0x000001f96b078d50, 0x000001f9722c0aa0, 0x000001f96af19d00, 0x000001f96af1b470,
0x000001f96af1db80, 0x000001f96a6662d0, 0x000001f96a667270, 0x000001f96d520e90,
0x000001f96d51ef50, 0x000001f96d51fef0, 0x000001f96d5206c0, 0x000001f96d521660,
0x000001f96d51dfb0, 0x000001f96d51e780, 0x000001f96d51f720, 0x000001f96a6642c0,
0x000001f96a665260, 0x000001f96d506b90, 0x000001f96d505420, 0x000001f96d507360,
0x000001f96d507b30, 0x000001f96d504c50, 0x000001f96d505bf0, 0x000001f96ca18940,
0x000001f96cb2f7d0, 0x000001f973168230, 0x000001f96ca198e0, 0x000001f97345d810,
0x000001f97345c0a0, 0x000001f97345c870, 0x000001f97345e7b0, 0x000001f97345ef80,
0x000001f972d40740, 0x000001f972d40f10, 0x000001f979bab770, 0x000001f969cbafa0,
0x000001f973adfdb0
}

Java Threads: ( => current thread )
  0x000001f94b5d0ac0 JavaThread "main"                              [_thread_blocked, id=12920, stack(0x0000004dc4600000,0x0000004dc4700000) (1024K)]
  0x000001f9631a9680 JavaThread "Common-Cleaner"             daemon [_thread_blocked, id=21168, stack(0x0000004dc4e00000,0x0000004dc4f00000) (1024K)]
  0x000001f9631c6920 JavaThread "Reference Handler"          daemon [_thread_blocked, id=14116, stack(0x0000004dc4f00000,0x0000004dc5000000) (1024K)]
  0x000001f9631c7780 JavaThread "Finalizer"                  daemon [_thread_blocked, id=17732, stack(0x0000004dc5000000,0x0000004dc5100000) (1024K)]
  0x000001f9631c85e0 JavaThread "Signal Dispatcher"          daemon [_thread_blocked, id=17064, stack(0x0000004dc5100000,0x0000004dc5200000) (1024K)]
  0x000001f9631c91a0 JavaThread "Attach Listener"            daemon [_thread_blocked, id=14968, stack(0x0000004dc5200000,0x0000004dc5300000) (1024K)]
  0x000001f9631d3140 JavaThread "Service Thread"             daemon [_thread_blocked, id=14140, stack(0x0000004dc5300000,0x0000004dc5400000) (1024K)]
  0x000001f9631d3d00 JavaThread "Monitor Deflation Thread"   daemon [_thread_blocked, id=16344, stack(0x0000004dc5400000,0x0000004dc5500000) (1024K)]
  0x000001f9631dd4f0 JavaThread "C2 CompilerThread0"         daemon [_thread_in_native, id=19900, stack(0x0000004dc5500000,0x0000004dc5600000) (1024K)]
  0x000001f9631e1d10 JavaThread "C1 CompilerThread0"         daemon [_thread_blocked, id=6036, stack(0x0000004dc5600000,0x0000004dc5700000) (1024K)]
  0x000001f96369f500 JavaThread "Notification Thread"        daemon [_thread_blocked, id=12376, stack(0x0000004dc5700000,0x0000004dc5800000) (1024K)]
  0x000001f9691717b0 JavaThread "Daemon health stats"               [_thread_blocked, id=15660, stack(0x0000004dc5800000,0x0000004dc5900000) (1024K)]
  0x000001f969ad67a0 JavaThread "Incoming local TCP Connector on port 54757"        [_thread_in_native, id=20980, stack(0x0000004dc6000000,0x0000004dc6100000) (1024K)]
  0x000001f96977f5a0 JavaThread "Daemon periodic checks"            [_thread_blocked, id=9924, stack(0x0000004dc6100000,0x0000004dc6200000) (1024K)]
  0x000001f96a8a6eb0 JavaThread "Cache worker for journal cache (C:\Users\ADVAN\.gradle\caches\journal-1)"        [_thread_blocked, id=19764, stack(0x0000004dc6a00000,0x0000004dc6b00000) (1024K)]
  0x000001f96a8a95c0 JavaThread "File lock request listener"        [_thread_in_native, id=11780, stack(0x0000004dc6b00000,0x0000004dc6c00000) (1024K)]
  0x000001f96a8aad30 JavaThread "Cache worker for file hash cache (C:\Users\ADVAN\.gradle\caches\9.5.0\fileHashes)"        [_thread_blocked, id=15996, stack(0x0000004dc6c00000,0x0000004dc6d00000) (1024K)]
  0x000001f96a8a9d90 JavaThread "File watcher server"        daemon [_thread_in_native, id=6848, stack(0x0000004dc6f00000,0x0000004dc7000000) (1024K)]
  0x000001f96a8aa560 JavaThread "File watcher consumer"      daemon [_thread_blocked, id=15948, stack(0x0000004dc7000000,0x0000004dc7100000) (1024K)]
  0x000001f96ac41580 JavaThread "jar transforms"                    [_thread_blocked, id=19072, stack(0x0000004dc7100000,0x0000004dc7200000) (1024K)]
  0x000001f96ac3fe10 JavaThread "jar transforms Thread 2"           [_thread_blocked, id=16256, stack(0x0000004dc7200000,0x0000004dc7300000) (1024K)]
  0x000001f96ac405e0 JavaThread "jar transforms Thread 3"           [_thread_blocked, id=11136, stack(0x0000004dc7300000,0x0000004dc7400000) (1024K)]
  0x000001f96ac41d50 JavaThread "jar transforms Thread 4"           [_thread_blocked, id=15588, stack(0x0000004dc7400000,0x0000004dc7500000) (1024K)]
  0x000001f96ac40db0 JavaThread "jar transforms Thread 5"           [_thread_blocked, id=19208, stack(0x0000004dc7500000,0x0000004dc7600000) (1024K)]
  0x000001f96ac3ee70 JavaThread "jar transforms Thread 6"           [_thread_blocked, id=18472, stack(0x0000004dc7600000,0x0000004dc7700000) (1024K)]
  0x000001f96ac45400 JavaThread "jar transforms Thread 7"           [_thread_blocked, id=20068, stack(0x0000004dc7700000,0x0000004dc7800000) (1024K)]
  0x000001f96ac42cf0 JavaThread "jar transforms Thread 8"           [_thread_blocked, id=15328, stack(0x0000004dc7800000,0x0000004dc7900000) (1024K)]
  0x000001f96af1aca0 JavaThread "Cache worker for file content cache (C:\Users\ADVAN\.gradle\caches\9.5.0\fileContent)"        [_thread_blocked, id=9600, stack(0x0000004dc7900000,0x0000004dc7a00000) (1024K)]
  0x000001f96b078d50 JavaThread "Memory manager"                    [_thread_blocked, id=13608, stack(0x0000004dc8700000,0x0000004dc8800000) (1024K)]
  0x000001f9722c0aa0 JavaThread "Daemon Thread 3"                   [_thread_blocked, id=7836, stack(0x0000004dc4300000,0x0000004dc4400000) (1024K)]
  0x000001f96af19d00 JavaThread "Handler for socket connection from /127.0.0.1:54757 to /127.0.0.1:57643"        [_thread_in_native, id=18064, stack(0x0000004dc4400000,0x0000004dc4500000) (1024K)]
  0x000001f96af1b470 JavaThread "Cancel handler"                    [_thread_blocked, id=13936, stack(0x0000004dc4500000,0x0000004dc4600000) (1024K)]
  0x000001f96af1db80 JavaThread "Daemon worker Thread 3"            [_thread_in_native, id=17256, stack(0x0000004dc6300000,0x0000004dc6400000) (1024K)]
  0x000001f96a6662d0 JavaThread "Asynchronous log dispatcher for DefaultDaemonConnection: socket connection from /127.0.0.1:54757 to /127.0.0.1:57643"        [_thread_blocked, id=10600, stack(0x0000004dc6400000,0x0000004dc6500000) (1024K)]
  0x000001f96a667270 JavaThread "Stdin handler"                     [_thread_blocked, id=14088, stack(0x0000004dc6500000,0x0000004dc6600000) (1024K)]
  0x000001f96d520e90 JavaThread "Daemon client event forwarder"        [_thread_blocked, id=2596, stack(0x0000004dc6600000,0x0000004dc6700000) (1024K)]
  0x000001f96d51ef50 JavaThread "Cache worker for file hash cache (C:\Users\ADVAN\AndroidStudioProjects\Jualan\.gradle\9.5.0\fileHashes)"        [_thread_blocked, id=20164, stack(0x0000004dc6700000,0x0000004dc6800000) (1024K)]
  0x000001f96d51fef0 JavaThread "Cache worker for Build Output Cleanup Cache (C:\Users\ADVAN\AndroidStudioProjects\Jualan\.gradle\buildOutputCleanup)"        [_thread_blocked, id=18828, stack(0x0000004dc6800000,0x0000004dc6900000) (1024K)]
  0x000001f96d5206c0 JavaThread "Cache worker for checksums cache (C:\Users\ADVAN\AndroidStudioProjects\Jualan\.gradle\9.5.0\checksums)"        [_thread_blocked, id=20496, stack(0x0000004dc6900000,0x0000004dc6a00000) (1024K)]
  0x000001f96d521660 JavaThread "Cache worker for cache directory md-supplier (C:\Users\ADVAN\.gradle\caches\9.5.0\md-supplier)"        [_thread_blocked, id=20620, stack(0x0000004dc6d00000,0x0000004dc6e00000) (1024K)]
  0x000001f96d51dfb0 JavaThread "Cache worker for cache directory md-rule (C:\Users\ADVAN\.gradle\caches\9.5.0\md-rule)"        [_thread_blocked, id=13084, stack(0x0000004dc6e00000,0x0000004dc6f00000) (1024K)]
  0x000001f96d51e780 JavaThread "Build operations"                  [_thread_blocked, id=11192, stack(0x0000004dc7a00000,0x0000004dc7b00000) (1024K)]
  0x000001f96d51f720 JavaThread "Build operations Thread 2"         [_thread_blocked, id=12752, stack(0x0000004dc7b00000,0x0000004dc7c00000) (1024K)]
  0x000001f96a6642c0 JavaThread "Build operations Thread 3"         [_thread_blocked, id=9964, stack(0x0000004dc7c00000,0x0000004dc7d00000) (1024K)]
  0x000001f96a665260 JavaThread "Build operations Thread 4"         [_thread_blocked, id=14792, stack(0x0000004dc7d00000,0x0000004dc7e00000) (1024K)]
  0x000001f96d506b90 JavaThread "Build operations Thread 5"         [_thread_blocked, id=18168, stack(0x0000004dc7e00000,0x0000004dc7f00000) (1024K)]
  0x000001f96d505420 JavaThread "Build operations Thread 6"         [_thread_blocked, id=17780, stack(0x0000004dc7f00000,0x0000004dc8000000) (1024K)]
  0x000001f96d507360 JavaThread "Build operations Thread 7"         [_thread_blocked, id=19416, stack(0x0000004dc8000000,0x0000004dc8100000) (1024K)]
  0x000001f96d507b30 JavaThread "Build operations Thread 8"         [_thread_blocked, id=17392, stack(0x0000004dc8100000,0x0000004dc8200000) (1024K)]
  0x000001f96d504c50 JavaThread "Kotlin DSL Writer"                 [_thread_blocked, id=18924, stack(0x0000004dc8300000,0x0000004dc8400000) (1024K)]
  0x000001f96d505bf0 JavaThread "Cache worker for Kotlin DSL Plugin Entries (C:\Users\ADVAN\AndroidStudioProjects\Jualan\.gradle\9.5.0\kotlin-dsl-plugin-entries)"        [_thread_blocked, id=17788, stack(0x0000004dc8400000,0x0000004dc8500000) (1024K)]
  0x000001f96ca18940 JavaThread "DefaultDispatcher-worker-1" daemon [_thread_blocked, id=1352, stack(0x0000004dc8200000,0x0000004dc8300000) (1024K)]
  0x000001f96cb2f7d0 JavaThread "DefaultDispatcher-worker-2" daemon [_thread_blocked, id=8968, stack(0x0000004dc8600000,0x0000004dc8700000) (1024K)]
  0x000001f973168230 JavaThread "DefaultDispatcher-worker-3" daemon [_thread_blocked, id=1076, stack(0x0000004dc8800000,0x0000004dc8900000) (1024K)]
  0x000001f96ca198e0 JavaThread "included builds"                   [_thread_blocked, id=4680, stack(0x0000004dc8900000,0x0000004dc8a00000) (1024K)]
  0x000001f97345d810 JavaThread "Execution worker"                  [_thread_blocked, id=1844, stack(0x0000004dc8a00000,0x0000004dc8b00000) (1024K)]
  0x000001f97345c0a0 JavaThread "Execution worker Thread 2"         [_thread_blocked, id=10696, stack(0x0000004dc8b00000,0x0000004dc8c00000) (1024K)]
  0x000001f97345c870 JavaThread "Execution worker Thread 3"         [_thread_blocked, id=1952, stack(0x0000004dc8c00000,0x0000004dc8d00000) (1024K)]
  0x000001f97345e7b0 JavaThread "Execution worker Thread 4"         [_thread_blocked, id=13364, stack(0x0000004dc8d00000,0x0000004dc8e00000) (1024K)]
  0x000001f97345ef80 JavaThread "Execution worker Thread 5"         [_thread_blocked, id=18072, stack(0x0000004dc8e00000,0x0000004dc8f00000) (1024K)]
  0x000001f972d40740 JavaThread "Execution worker Thread 6"         [_thread_blocked, id=15724, stack(0x0000004dc8f00000,0x0000004dc9000000) (1024K)]
  0x000001f972d40f10 JavaThread "Execution worker Thread 7"         [_thread_blocked, id=6592, stack(0x0000004dc9000000,0x0000004dc9100000) (1024K)]
  0x000001f979bab770 JavaThread "Cache worker for execution history cache (C:\Users\ADVAN\AndroidStudioProjects\Jualan\.gradle\9.5.0\executionHistory)"        [_thread_blocked, id=14808, stack(0x0000004dc9100000,0x0000004dc9200000) (1024K)]
  0x000001f969cbafa0 JavaThread "idea-tooling-model-converter"        [_thread_blocked, id=16304, stack(0x0000004dc9200000,0x0000004dc9300000) (1024K)]
=>0x000001f973adfdb0 JavaThread "C2 CompilerThread1"         daemon [_thread_in_native, id=11612, stack(0x0000004dc9300000,0x0000004dc9400000) (1024K)]
Total: 65

Other Threads:
  0x000001f963160190 VMThread "VM Thread"                           [id=19092, stack(0x0000004dc4d00000,0x0000004dc4e00000) (1024K)]
  0x000001f96313b030 WatcherThread "VM Periodic Task Thread"        [id=6884, stack(0x0000004dc4c00000,0x0000004dc4d00000) (1024K)]
  0x000001f94b6289a0 WorkerThread "GC Thread#0"                     [id=14360, stack(0x0000004dc4700000,0x0000004dc4800000) (1024K)]
  0x000001f968813000 WorkerThread "GC Thread#1"                     [id=21312, stack(0x0000004dc5900000,0x0000004dc5a00000) (1024K)]
  0x000001f9686e1130 WorkerThread "GC Thread#2"                     [id=16920, stack(0x0000004dc5a00000,0x0000004dc5b00000) (1024K)]
  0x000001f9686e1560 WorkerThread "GC Thread#3"                     [id=17824, stack(0x0000004dc5b00000,0x0000004dc5c00000) (1024K)]
  0x000001f9686e79b0 WorkerThread "GC Thread#4"                     [id=13788, stack(0x0000004dc5c00000,0x0000004dc5d00000) (1024K)]
  0x000001f9686e9df0 WorkerThread "GC Thread#5"                     [id=21004, stack(0x0000004dc5d00000,0x0000004dc5e00000) (1024K)]
  0x000001f968a9eb20 WorkerThread "GC Thread#6"                     [id=6684, stack(0x0000004dc5e00000,0x0000004dc5f00000) (1024K)]
  0x000001f968a9c8a0 WorkerThread "GC Thread#7"                     [id=19012, stack(0x0000004dc5f00000,0x0000004dc6000000) (1024K)]
  0x000001f94b641a70 ConcurrentGCThread "G1 Main Marker"            [id=16940, stack(0x0000004dc4800000,0x0000004dc4900000) (1024K)]
  0x000001f94b644500 WorkerThread "G1 Conc#0"                       [id=1268, stack(0x0000004dc4900000,0x0000004dc4a00000) (1024K)]
  0x000001f968a9d9e0 WorkerThread "G1 Conc#1"                       [id=14168, stack(0x0000004dc6200000,0x0000004dc6300000) (1024K)]
  0x000001f94b68d810 ConcurrentGCThread "G1 Refine#0"               [id=17928, stack(0x0000004dc4a00000,0x0000004dc4b00000) (1024K)]
  0x000001f94b68e420 ConcurrentGCThread "G1 Service"                [id=8272, stack(0x0000004dc4b00000,0x0000004dc4c00000) (1024K)]
Total: 15

Threads with active compile tasks:
C2 CompilerThread0  2234540 29529       4       org.gradle.tooling.internal.adapter.ProtocolToModelAdapter$PropertyCachingMethodInvoker::invoke (110 bytes)
C2 CompilerThread1  2234540 29528       4       org.gradle.tooling.internal.adapter.ProtocolToModelAdapter$SupportedPropertyInvoker::invoke (154 bytes)
Total: 2

VM state: not at safepoint (normal execution)

VM Mutex/Monitor currently owned by a thread: None

Heap address: 0x0000000080000000, size: 2048 MB, Compressed Oops mode: 32-bit

CDS archive(s) not mapped
Compressed class space mapped at: 0x000000001b000000-0x000000005b000000, reserved size: 1073741824
UseCompressedClassPointers 1, UseCompactObjectHeaders 0
Narrow klass pointer bits 32, Max shift 3
Narrow klass base: 0x0000000000000000, Narrow klass shift: 0
Encoding Range: [0x0000000000000000 - 0x0000000100000000), (4294967296 bytes)
Klass Range:    [0x000000001b000000 - 0x000000005b000000), (1073741824 bytes)
Klass ID Range:  [452984832 - 1526726649) (1073741817)
No protection zone.

GC Precious Log:
 CardTable entry size: 512
 Card Set container configuration: InlinePtr #cards 5 size 8 Array Of Cards #cards 10 size 36 Howl #buckets 4 coarsen threshold 1843 Howl Bitmap #cards 512 size 80 coarsen threshold 460 Card regions per heap region 1 cards per card region 2048
 CPUs: 8 total, 8 available
 Memory: 7882M
 Large Page Support: Disabled
 NUMA Support: Disabled
 Compressed Oops: Enabled (32-bit)
 Heap Region Size: 1M
 Heap Min Capacity: 8M
 Heap Initial Capacity: 124M
 Heap Max Capacity: 2G
 Pre-touch: Disabled
 Parallel Workers: 8
 Concurrent Workers: 2
 Concurrent Refinement Workers: 8
 Periodic GC: Disabled

Heap:
 garbage-first heap   total reserved 2097152K, committed 429056K, used 365352K [0x0000000080000000, 0x0000000100000000)
  region size 1024K, 114 young (116736K), 9 survivors (9216K)

Heap Regions: E=young(eden), S=young(survivor), O=old, HS=humongous(starts), HC=humongous(continues), CS=collection set, F=free, TAMS=top-at-mark-start, PB=parsable bottom
|   0|0x0000000080000000, 0x0000000080100000, 0x0000000080100000|100%|HS|  |TAMS 0x0000000080000000| PB 0x0000000080000000| Complete |  0
|   1|0x0000000080100000, 0x0000000080200000, 0x0000000080200000|100%|HC|  |TAMS 0x0000000080100000| PB 0x0000000080100000| Complete |  0
|   2|0x0000000080200000, 0x0000000080300000, 0x0000000080300000|100%|HC|  |TAMS 0x0000000080200000| PB 0x0000000080200000| Complete |  0
|   3|0x0000000080300000, 0x0000000080400000, 0x0000000080400000|100%|HC|  |TAMS 0x0000000080300000| PB 0x0000000080300000| Complete |  0
|   4|0x0000000080400000, 0x0000000080500000, 0x0000000080500000|100%| O|  |TAMS 0x0000000080400000| PB 0x0000000080400000| Untracked |  0
|   5|0x0000000080500000, 0x0000000080600000, 0x0000000080600000|100%| O|  |TAMS 0x0000000080500000| PB 0x0000000080500000| Untracked |  0
|   6|0x0000000080600000, 0x0000000080700000, 0x0000000080700000|100%| O|  |TAMS 0x0000000080600000| PB 0x0000000080600000| Untracked |  0
|   7|0x0000000080700000, 0x0000000080800000, 0x0000000080800000|100%|HS|  |TAMS 0x0000000080700000| PB 0x0000000080700000| Complete |  0
|   8|0x0000000080800000, 0x0000000080900000, 0x0000000080900000|100%| O|  |TAMS 0x0000000080800000| PB 0x0000000080800000| Untracked |  0
|   9|0x0000000080900000, 0x0000000080a00000, 0x0000000080a00000|100%| O|  |TAMS 0x0000000080900000| PB 0x0000000080900000| Untracked |  0
|  10|0x0000000080a00000, 0x0000000080b00000, 0x0000000080b00000|100%| O|  |TAMS 0x0000000080a00000| PB 0x0000000080a00000| Untracked |  0
|  11|0x0000000080b00000, 0x0000000080c00000, 0x0000000080c00000|100%| O|  |TAMS 0x0000000080b00000| PB 0x0000000080b00000| Untracked |  0
|  12|0x0000000080c00000, 0x0000000080d00000, 0x0000000080d00000|100%| O|  |TAMS 0x0000000080c00000| PB 0x0000000080c00000| Untracked |  0
|  13|0x0000000080d00000, 0x0000000080e00000, 0x0000000080e00000|100%| O|  |TAMS 0x0000000080d00000| PB 0x0000000080d00000| Untracked |  0
|  14|0x0000000080e00000, 0x0000000080f00000, 0x0000000080f00000|100%| O|  |TAMS 0x0000000080e00000| PB 0x0000000080e00000| Untracked |  0
|  15|0x0000000080f00000, 0x0000000081000000, 0x0000000081000000|100%| O|  |TAMS 0x0000000080f00000| PB 0x0000000080f00000| Untracked |  0
|  16|0x0000000081000000, 0x0000000081100000, 0x0000000081100000|100%| O|  |TAMS 0x0000000081000000| PB 0x0000000081000000| Untracked |  0
|  17|0x0000000081100000, 0x0000000081200000, 0x0000000081200000|100%| O|  |TAMS 0x0000000081100000| PB 0x0000000081100000| Untracked |  0
|  18|0x0000000081200000, 0x0000000081300000, 0x0000000081300000|100%| O|  |TAMS 0x0000000081200000| PB 0x0000000081200000| Untracked |  0
|  19|0x0000000081300000, 0x0000000081400000, 0x0000000081400000|100%| O|  |TAMS 0x0000000081300000| PB 0x0000000081300000| Untracked |  0
|  20|0x0000000081400000, 0x0000000081500000, 0x0000000081500000|100%| O|  |TAMS 0x0000000081400000| PB 0x0000000081400000| Untracked |  0
|  21|0x0000000081500000, 0x0000000081600000, 0x0000000081600000|100%| O|  |TAMS 0x0000000081500000| PB 0x0000000081500000| Untracked |  0
|  22|0x0000000081600000, 0x0000000081700000, 0x0000000081700000|100%| O|  |TAMS 0x0000000081600000| PB 0x0000000081600000| Untracked |  0
|  23|0x0000000081700000, 0x0000000081800000, 0x0000000081800000|100%| O|  |TAMS 0x0000000081700000| PB 0x0000000081700000| Untracked |  0
|  24|0x0000000081800000, 0x0000000081900000, 0x0000000081900000|100%|HS|  |TAMS 0x0000000081800000| PB 0x0000000081800000| Complete |  0
|  25|0x0000000081900000, 0x0000000081a00000, 0x0000000081a00000|100%|HC|  |TAMS 0x0000000081900000| PB 0x0000000081900000| Complete |  0
|  26|0x0000000081a00000, 0x0000000081b00000, 0x0000000081b00000|100%|HC|  |TAMS 0x0000000081a00000| PB 0x0000000081a00000| Complete |  0
|  27|0x0000000081b00000, 0x0000000081c00000, 0x0000000081c00000|100%|HC|  |TAMS 0x0000000081b00000| PB 0x0000000081b00000| Complete |  0
|  28|0x0000000081c00000, 0x0000000081d00000, 0x0000000081d00000|100%|HC|  |TAMS 0x0000000081c00000| PB 0x0000000081c00000| Complete |  0
|  29|0x0000000081d00000, 0x0000000081e00000, 0x0000000081e00000|100%|HC|  |TAMS 0x0000000081d00000| PB 0x0000000081d00000| Complete |  0
|  30|0x0000000081e00000, 0x0000000081f00000, 0x0000000081f00000|100%|HS|  |TAMS 0x0000000081e00000| PB 0x0000000081e00000| Complete |  0
|  31|0x0000000081f00000, 0x0000000082000000, 0x0000000082000000|100%| O|  |TAMS 0x0000000081f00000| PB 0x0000000081f00000| Untracked |  0
|  32|0x0000000082000000, 0x0000000082100000, 0x0000000082100000|100%| O|  |TAMS 0x0000000082000000| PB 0x0000000082000000| Untracked |  0
|  33|0x0000000082100000, 0x0000000082200000, 0x0000000082200000|100%| O|  |TAMS 0x0000000082100000| PB 0x0000000082100000| Untracked |  0
|  34|0x0000000082200000, 0x0000000082300000, 0x0000000082300000|100%| O|  |TAMS 0x0000000082200000| PB 0x0000000082200000| Untracked |  0
|  35|0x0000000082300000, 0x0000000082400000, 0x0000000082400000|100%| O|  |TAMS 0x0000000082300000| PB 0x0000000082300000| Untracked |  0
|  36|0x0000000082400000, 0x0000000082500000, 0x0000000082500000|100%| O|  |TAMS 0x0000000082400000| PB 0x0000000082400000| Untracked |  0
|  37|0x0000000082500000, 0x0000000082600000, 0x0000000082600000|100%|HS|  |TAMS 0x0000000082500000| PB 0x0000000082500000| Complete |  0
|  38|0x0000000082600000, 0x0000000082700000, 0x0000000082700000|100%|HS|  |TAMS 0x0000000082600000| PB 0x0000000082600000| Complete |  0
|  39|0x0000000082700000, 0x0000000082800000, 0x0000000082800000|100%|HC|  |TAMS 0x0000000082700000| PB 0x0000000082700000| Complete |  0
|  40|0x0000000082800000, 0x0000000082900000, 0x0000000082900000|100%|HC|  |TAMS 0x0000000082800000| PB 0x0000000082800000| Complete |  0
|  41|0x0000000082900000, 0x0000000082a00000, 0x0000000082a00000|100%|HC|  |TAMS 0x0000000082900000| PB 0x0000000082900000| Complete |  0
|  42|0x0000000082a00000, 0x0000000082b00000, 0x0000000082b00000|100%|HC|  |TAMS 0x0000000082a00000| PB 0x0000000082a00000| Complete |  0
|  43|0x0000000082b00000, 0x0000000082c00000, 0x0000000082c00000|100%|HC|  |TAMS 0x0000000082b00000| PB 0x0000000082b00000| Complete |  0
|  44|0x0000000082c00000, 0x0000000082d00000, 0x0000000082d00000|100%|HS|  |TAMS 0x0000000082c00000| PB 0x0000000082c00000| Complete |  0
|  45|0x0000000082d00000, 0x0000000082e00000, 0x0000000082e00000|100%|HS|  |TAMS 0x0000000082d00000| PB 0x0000000082d00000| Complete |  0
|  46|0x0000000082e00000, 0x0000000082f00000, 0x0000000082f00000|100%| O|  |TAMS 0x0000000082e00000| PB 0x0000000082e00000| Untracked |  0
|  47|0x0000000082f00000, 0x0000000083000000, 0x0000000083000000|100%| O|  |TAMS 0x0000000082f00000| PB 0x0000000082f00000| Untracked |  0
|  48|0x0000000083000000, 0x0000000083100000, 0x0000000083100000|100%| O|  |TAMS 0x0000000083000000| PB 0x0000000083000000| Untracked |  0
|  49|0x0000000083100000, 0x0000000083200000, 0x0000000083200000|100%| O|  |TAMS 0x0000000083100000| PB 0x0000000083100000| Untracked |  0
|  50|0x0000000083200000, 0x0000000083300000, 0x0000000083300000|100%| O|  |TAMS 0x0000000083200000| PB 0x0000000083200000| Untracked |  0
|  51|0x0000000083300000, 0x0000000083400000, 0x0000000083400000|100%| O|  |TAMS 0x0000000083300000| PB 0x0000000083300000| Untracked |  0
|  52|0x0000000083400000, 0x0000000083500000, 0x0000000083500000|100%| O|Cm|TAMS 0x0000000083400000| PB 0x0000000083400000| Complete |  0
|  53|0x0000000083500000, 0x0000000083600000, 0x0000000083600000|100%| O|  |TAMS 0x0000000083500000| PB 0x0000000083500000| Untracked |  0
|  54|0x0000000083600000, 0x0000000083700000, 0x0000000083700000|100%| O|  |TAMS 0x0000000083600000| PB 0x0000000083600000| Untracked |  0
|  55|0x0000000083700000, 0x0000000083800000, 0x0000000083800000|100%| O|  |TAMS 0x0000000083700000| PB 0x0000000083700000| Untracked |  0
|  56|0x0000000083800000, 0x0000000083900000, 0x0000000083900000|100%| O|  |TAMS 0x0000000083800000| PB 0x0000000083800000| Untracked |  0
|  57|0x0000000083900000, 0x0000000083a00000, 0x0000000083a00000|100%| O|  |TAMS 0x0000000083900000| PB 0x0000000083900000| Untracked |  0
|  58|0x0000000083a00000, 0x0000000083b00000, 0x0000000083b00000|100%| O|  |TAMS 0x0000000083a00000| PB 0x0000000083a00000| Untracked |  0
|  59|0x0000000083b00000, 0x0000000083c00000, 0x0000000083c00000|100%| O|  |TAMS 0x0000000083b00000| PB 0x0000000083b00000| Untracked |  0
|  60|0x0000000083c00000, 0x0000000083d00000, 0x0000000083d00000|100%| O|  |TAMS 0x0000000083c00000| PB 0x0000000083c00000| Untracked |  0
|  61|0x0000000083d00000, 0x0000000083e00000, 0x0000000083e00000|100%| O|  |TAMS 0x0000000083d00000| PB 0x0000000083d00000| Untracked |  0
|  62|0x0000000083e00000, 0x0000000083f00000, 0x0000000083f00000|100%| O|  |TAMS 0x0000000083e00000| PB 0x0000000083e00000| Untracked |  0
|  63|0x0000000083f00000, 0x0000000084000000, 0x0000000084000000|100%| O|  |TAMS 0x0000000083f00000| PB 0x0000000083f00000| Untracked |  0
|  64|0x0000000084000000, 0x0000000084100000, 0x0000000084100000|100%| O|  |TAMS 0x0000000084000000| PB 0x0000000084000000| Untracked |  0
|  65|0x0000000084100000, 0x0000000084200000, 0x0000000084200000|100%|HS|  |TAMS 0x0000000084100000| PB 0x0000000084100000| Complete |  0
|  66|0x0000000084200000, 0x0000000084300000, 0x0000000084300000|100%| O|  |TAMS 0x0000000084200000| PB 0x0000000084200000| Untracked |  0
|  67|0x0000000084300000, 0x0000000084400000, 0x0000000084400000|100%| O|  |TAMS 0x0000000084300000| PB 0x0000000084300000| Untracked |  0
|  68|0x0000000084400000, 0x0000000084500000, 0x0000000084500000|100%| O|  |TAMS 0x0000000084400000| PB 0x0000000084400000| Untracked |  0
|  69|0x0000000084500000, 0x0000000084600000, 0x0000000084600000|100%|HS|  |TAMS 0x0000000084500000| PB 0x0000000084500000| Complete |  0
|  70|0x0000000084600000, 0x0000000084700000, 0x0000000084700000|100%|HS|  |TAMS 0x0000000084600000| PB 0x0000000084600000| Complete |  0
|  71|0x0000000084700000, 0x0000000084800000, 0x0000000084800000|100%|HS|  |TAMS 0x0000000084700000| PB 0x0000000084700000| Complete |  0
|  72|0x0000000084800000, 0x0000000084900000, 0x0000000084900000|100%| O|  |TAMS 0x0000000084800000| PB 0x0000000084800000| Untracked |  0
|  73|0x0000000084900000, 0x0000000084a00000, 0x0000000084a00000|100%| O|  |TAMS 0x0000000084900000| PB 0x0000000084900000| Untracked |  0
|  74|0x0000000084a00000, 0x0000000084b00000, 0x0000000084b00000|100%|HS|  |TAMS 0x0000000084a00000| PB 0x0000000084a00000| Complete |  0
|  75|0x0000000084b00000, 0x0000000084c00000, 0x0000000084c00000|100%| O|  |TAMS 0x0000000084b00000| PB 0x0000000084b00000| Untracked |  0
|  76|0x0000000084c00000, 0x0000000084d00000, 0x0000000084d00000|100%| O|  |TAMS 0x0000000084c00000| PB 0x0000000084c00000| Untracked |  0
|  77|0x0000000084d00000, 0x0000000084e00000, 0x0000000084e00000|100%| O|  |TAMS 0x0000000084d00000| PB 0x0000000084d00000| Untracked |  0
|  78|0x0000000084e00000, 0x0000000084f00000, 0x0000000084f00000|100%|HS|  |TAMS 0x0000000084e00000| PB 0x0000000084e00000| Complete |  0
|  79|0x0000000084f00000, 0x0000000085000000, 0x0000000085000000|100%|HC|  |TAMS 0x0000000084f00000| PB 0x0000000084f00000| Complete |  0
|  80|0x0000000085000000, 0x0000000085100000, 0x0000000085100000|100%|HS|  |TAMS 0x0000000085000000| PB 0x0000000085000000| Complete |  0
|  81|0x0000000085100000, 0x0000000085200000, 0x0000000085200000|100%|HS|  |TAMS 0x0000000085100000| PB 0x0000000085100000| Complete |  0
|  82|0x0000000085200000, 0x0000000085300000, 0x0000000085300000|100%|HS|  |TAMS 0x0000000085200000| PB 0x0000000085200000| Complete |  0
|  83|0x0000000085300000, 0x0000000085400000, 0x0000000085400000|100%| O|  |TAMS 0x0000000085300000| PB 0x0000000085300000| Untracked |  0
|  84|0x0000000085400000, 0x0000000085500000, 0x0000000085500000|100%| O|  |TAMS 0x0000000085400000| PB 0x0000000085400000| Untracked |  0
|  85|0x0000000085500000, 0x0000000085600000, 0x0000000085600000|100%| O|  |TAMS 0x0000000085500000| PB 0x0000000085500000| Untracked |  0
|  86|0x0000000085600000, 0x0000000085700000, 0x0000000085700000|100%|HS|  |TAMS 0x0000000085600000| PB 0x0000000085600000| Complete |  0
|  87|0x0000000085700000, 0x0000000085800000, 0x0000000085800000|100%|HS|  |TAMS 0x0000000085700000| PB 0x0000000085700000| Complete |  0
|  88|0x0000000085800000, 0x0000000085900000, 0x0000000085900000|100%| O|  |TAMS 0x0000000085800000| PB 0x0000000085800000| Untracked |  0
|  89|0x0000000085900000, 0x0000000085a00000, 0x0000000085a00000|100%| O|  |TAMS 0x0000000085900000| PB 0x0000000085900000| Untracked |  0
|  90|0x0000000085a00000, 0x0000000085b00000, 0x0000000085b00000|100%| O|  |TAMS 0x0000000085a00000| PB 0x0000000085a00000| Untracked |  0
|  91|0x0000000085b00000, 0x0000000085c00000, 0x0000000085c00000|100%| O|  |TAMS 0x0000000085b00000| PB 0x0000000085b00000| Untracked |  0
|  92|0x0000000085c00000, 0x0000000085d00000, 0x0000000085d00000|100%| O|  |TAMS 0x0000000085c00000| PB 0x0000000085c00000| Untracked |  0
|  93|0x0000000085d00000, 0x0000000085e00000, 0x0000000085e00000|100%| O|  |TAMS 0x0000000085d00000| PB 0x0000000085d00000| Untracked |  0
|  94|0x0000000085e00000, 0x0000000085f00000, 0x0000000085f00000|100%|HS|  |TAMS 0x0000000085e00000| PB 0x0000000085e00000| Complete |  0
|  95|0x0000000085f00000, 0x0000000086000000, 0x0000000086000000|100%|HC|  |TAMS 0x0000000085f00000| PB 0x0000000085f00000| Complete |  0
|  96|0x0000000086000000, 0x0000000086100000, 0x0000000086100000|100%| O|Cm|TAMS 0x0000000086000000| PB 0x0000000086000000| Complete |  0
|  97|0x0000000086100000, 0x0000000086200000, 0x0000000086200000|100%|HS|  |TAMS 0x0000000086100000| PB 0x0000000086100000| Complete |  0
|  98|0x0000000086200000, 0x0000000086300000, 0x0000000086300000|100%| O|  |TAMS 0x0000000086200000| PB 0x0000000086200000| Untracked |  0
|  99|0x0000000086300000, 0x0000000086400000, 0x0000000086400000|100%| O|Cm|TAMS 0x0000000086300000| PB 0x0000000086300000| Complete |  0
| 100|0x0000000086400000, 0x0000000086500000, 0x0000000086500000|100%| O|  |TAMS 0x0000000086400000| PB 0x0000000086400000| Untracked |  0
| 101|0x0000000086500000, 0x0000000086600000, 0x0000000086600000|100%| O|  |TAMS 0x0000000086500000| PB 0x0000000086500000| Untracked |  0
| 102|0x0000000086600000, 0x0000000086700000, 0x0000000086700000|100%| O|  |TAMS 0x0000000086600000| PB 0x0000000086600000| Untracked |  0
| 103|0x0000000086700000, 0x0000000086800000, 0x0000000086800000|100%| O|  |TAMS 0x0000000086700000| PB 0x0000000086700000| Untracked |  0
| 104|0x0000000086800000, 0x0000000086900000, 0x0000000086900000|100%| O|  |TAMS 0x0000000086800000| PB 0x0000000086800000| Untracked |  0
| 105|0x0000000086900000, 0x0000000086a00000, 0x0000000086a00000|100%| O|  |TAMS 0x0000000086900000| PB 0x0000000086900000| Untracked |  0
| 106|0x0000000086a00000, 0x0000000086b00000, 0x0000000086b00000|100%| O|  |TAMS 0x0000000086a00000| PB 0x0000000086a00000| Untracked |  0
| 107|0x0000000086b00000, 0x0000000086c00000, 0x0000000086c00000|100%| O|  |TAMS 0x0000000086b00000| PB 0x0000000086b00000| Untracked |  0
| 108|0x0000000086c00000, 0x0000000086d00000, 0x0000000086d00000|100%| O|  |TAMS 0x0000000086c00000| PB 0x0000000086c00000| Untracked |  0
| 109|0x0000000086d00000, 0x0000000086e00000, 0x0000000086e00000|100%| O|  |TAMS 0x0000000086d00000| PB 0x0000000086d00000| Untracked |  0
| 110|0x0000000086e00000, 0x0000000086f00000, 0x0000000086f00000|100%| O|  |TAMS 0x0000000086e00000| PB 0x0000000086e00000| Untracked |  0
| 111|0x0000000086f00000, 0x0000000087000000, 0x0000000087000000|100%| O|  |TAMS 0x0000000086f00000| PB 0x0000000086f00000| Untracked |  0
| 112|0x0000000087000000, 0x0000000087100000, 0x0000000087100000|100%| O|  |TAMS 0x0000000087000000| PB 0x0000000087000000| Untracked |  0
| 113|0x0000000087100000, 0x0000000087200000, 0x0000000087200000|100%| O|  |TAMS 0x0000000087100000| PB 0x0000000087100000| Untracked |  0
| 114|0x0000000087200000, 0x0000000087300000, 0x0000000087300000|100%| O|  |TAMS 0x0000000087200000| PB 0x0000000087200000| Untracked |  0
| 115|0x0000000087300000, 0x0000000087400000, 0x0000000087400000|100%| O|  |TAMS 0x0000000087300000| PB 0x0000000087300000| Untracked |  0
| 116|0x0000000087400000, 0x0000000087500000, 0x0000000087500000|100%| O|  |TAMS 0x0000000087400000| PB 0x0000000087400000| Untracked |  0
| 117|0x0000000087500000, 0x0000000087600000, 0x0000000087600000|100%| O|  |TAMS 0x0000000087500000| PB 0x0000000087500000| Untracked |  0
| 118|0x0000000087600000, 0x0000000087700000, 0x0000000087700000|100%| O|  |TAMS 0x0000000087600000| PB 0x0000000087600000| Untracked |  0
| 119|0x0000000087700000, 0x0000000087800000, 0x0000000087800000|100%| O|  |TAMS 0x0000000087700000| PB 0x0000000087700000| Untracked |  0
| 120|0x0000000087800000, 0x0000000087900000, 0x0000000087900000|100%| O|  |TAMS 0x0000000087800000| PB 0x0000000087800000| Untracked |  0
| 121|0x0000000087900000, 0x0000000087a00000, 0x0000000087a00000|100%| O|  |TAMS 0x0000000087900000| PB 0x0000000087900000| Untracked |  0
| 122|0x0000000087a00000, 0x0000000087b00000, 0x0000000087b00000|100%| O|  |TAMS 0x0000000087a00000| PB 0x0000000087a00000| Untracked |  0
| 123|0x0000000087b00000, 0x0000000087c00000, 0x0000000087c00000|100%| O|Cm|TAMS 0x0000000087b00000| PB 0x0000000087b00000| Complete |  0
| 124|0x0000000087c00000, 0x0000000087d00000, 0x0000000087d00000|100%| O|  |TAMS 0x0000000087c00000| PB 0x0000000087c00000| Untracked |  0
| 125|0x0000000087d00000, 0x0000000087e00000, 0x0000000087e00000|100%| O|  |TAMS 0x0000000087d00000| PB 0x0000000087d00000| Untracked |  0
| 126|0x0000000087e00000, 0x0000000087f00000, 0x0000000087f00000|100%| O|  |TAMS 0x0000000087e00000| PB 0x0000000087e00000| Untracked |  0
| 127|0x0000000087f00000, 0x0000000088000000, 0x0000000088000000|100%| O|  |TAMS 0x0000000087f00000| PB 0x0000000087f00000| Untracked |  0
| 128|0x0000000088000000, 0x0000000088100000, 0x0000000088100000|100%| O|  |TAMS 0x0000000088000000| PB 0x0000000088000000| Untracked |  0
| 129|0x0000000088100000, 0x0000000088200000, 0x0000000088200000|100%| O|  |TAMS 0x0000000088100000| PB 0x0000000088100000| Untracked |  0
| 130|0x0000000088200000, 0x0000000088300000, 0x0000000088300000|100%| O|  |TAMS 0x0000000088200000| PB 0x0000000088200000| Untracked |  0
| 131|0x0000000088300000, 0x0000000088400000, 0x0000000088400000|100%| O|  |TAMS 0x0000000088300000| PB 0x0000000088300000| Untracked |  0
| 132|0x0000000088400000, 0x0000000088500000, 0x0000000088500000|100%| O|  |TAMS 0x0000000088400000| PB 0x0000000088400000| Untracked |  0
| 133|0x0000000088500000, 0x0000000088600000, 0x0000000088600000|100%| O|  |TAMS 0x0000000088500000| PB 0x0000000088500000| Untracked |  0
| 134|0x0000000088600000, 0x0000000088700000, 0x0000000088700000|100%| O|  |TAMS 0x0000000088600000| PB 0x0000000088600000| Untracked |  0
| 135|0x0000000088700000, 0x0000000088800000, 0x0000000088800000|100%| O|  |TAMS 0x0000000088700000| PB 0x0000000088700000| Untracked |  0
| 136|0x0000000088800000, 0x0000000088900000, 0x0000000088900000|100%| O|  |TAMS 0x0000000088800000| PB 0x0000000088800000| Untracked |  0
| 137|0x0000000088900000, 0x0000000088a00000, 0x0000000088a00000|100%| O|  |TAMS 0x0000000088900000| PB 0x0000000088900000| Untracked |  0
| 138|0x0000000088a00000, 0x0000000088b00000, 0x0000000088b00000|100%| O|  |TAMS 0x0000000088a00000| PB 0x0000000088a00000| Untracked |  0
| 139|0x0000000088b00000, 0x0000000088c00000, 0x0000000088c00000|100%| O|  |TAMS 0x0000000088b00000| PB 0x0000000088b00000| Untracked |  0
| 140|0x0000000088c00000, 0x0000000088d00000, 0x0000000088d00000|100%| O|  |TAMS 0x0000000088c00000| PB 0x0000000088c00000| Untracked |  0
| 141|0x0000000088d00000, 0x0000000088e00000, 0x0000000088e00000|100%| O|  |TAMS 0x0000000088d00000| PB 0x0000000088d00000| Untracked |  0
| 142|0x0000000088e00000, 0x0000000088f00000, 0x0000000088f00000|100%| O|  |TAMS 0x0000000088e00000| PB 0x0000000088e00000| Untracked |  0
| 143|0x0000000088f00000, 0x0000000089000000, 0x0000000089000000|100%| O|  |TAMS 0x0000000088f00000| PB 0x0000000088f00000| Untracked |  0
| 144|0x0000000089000000, 0x0000000089100000, 0x0000000089100000|100%| O|Cm|TAMS 0x0000000089000000| PB 0x0000000089000000| Complete |  0
| 145|0x0000000089100000, 0x0000000089200000, 0x0000000089200000|100%| O|  |TAMS 0x0000000089100000| PB 0x0000000089100000| Untracked |  0
| 146|0x0000000089200000, 0x0000000089300000, 0x0000000089300000|100%| O|  |TAMS 0x0000000089200000| PB 0x0000000089200000| Untracked |  0
| 147|0x0000000089300000, 0x0000000089400000, 0x0000000089400000|100%| O|  |TAMS 0x0000000089300000| PB 0x0000000089300000| Untracked |  0
| 148|0x0000000089400000, 0x0000000089500000, 0x0000000089500000|100%| O|  |TAMS 0x0000000089400000| PB 0x0000000089400000| Untracked |  0
| 149|0x0000000089500000, 0x0000000089600000, 0x0000000089600000|100%| O|  |TAMS 0x0000000089500000| PB 0x0000000089500000| Untracked |  0
| 150|0x0000000089600000, 0x0000000089700000, 0x0000000089700000|100%| O|  |TAMS 0x0000000089600000| PB 0x0000000089600000| Untracked |  0
| 151|0x0000000089700000, 0x0000000089800000, 0x0000000089800000|100%| O|  |TAMS 0x0000000089700000| PB 0x0000000089700000| Untracked |  0
| 152|0x0000000089800000, 0x0000000089900000, 0x0000000089900000|100%| O|  |TAMS 0x0000000089800000| PB 0x0000000089800000| Untracked |  0
| 153|0x0000000089900000, 0x0000000089a00000, 0x0000000089a00000|100%| O|  |TAMS 0x0000000089900000| PB 0x0000000089900000| Untracked |  0
| 154|0x0000000089a00000, 0x0000000089b00000, 0x0000000089b00000|100%| O|  |TAMS 0x0000000089a00000| PB 0x0000000089a00000| Untracked |  0
| 155|0x0000000089b00000, 0x0000000089c00000, 0x0000000089c00000|100%| O|  |TAMS 0x0000000089b00000| PB 0x0000000089b00000| Untracked |  0
| 156|0x0000000089c00000, 0x0000000089d00000, 0x0000000089d00000|100%| O|  |TAMS 0x0000000089c00000| PB 0x0000000089c00000| Untracked |  0
| 157|0x0000000089d00000, 0x0000000089e00000, 0x0000000089e00000|100%| O|  |TAMS 0x0000000089d00000| PB 0x0000000089d00000| Untracked |  0
| 158|0x0000000089e00000, 0x0000000089f00000, 0x0000000089f00000|100%| O|  |TAMS 0x0000000089e00000| PB 0x0000000089e00000| Untracked |  0
| 159|0x0000000089f00000, 0x000000008a000000, 0x000000008a000000|100%| O|  |TAMS 0x0000000089f00000| PB 0x0000000089f00000| Untracked |  0
| 160|0x000000008a000000, 0x000000008a100000, 0x000000008a100000|100%| O|  |TAMS 0x000000008a000000| PB 0x000000008a000000| Untracked |  0
| 161|0x000000008a100000, 0x000000008a200000, 0x000000008a200000|100%| O|  |TAMS 0x000000008a100000| PB 0x000000008a100000| Untracked |  0
| 162|0x000000008a200000, 0x000000008a300000, 0x000000008a300000|100%| O|  |TAMS 0x000000008a200000| PB 0x000000008a200000| Untracked |  0
| 163|0x000000008a300000, 0x000000008a400000, 0x000000008a400000|100%| O|  |TAMS 0x000000008a300000| PB 0x000000008a300000| Untracked |  0
| 164|0x000000008a400000, 0x000000008a500000, 0x000000008a500000|100%| O|  |TAMS 0x000000008a400000| PB 0x000000008a400000| Untracked |  0
| 165|0x000000008a500000, 0x000000008a600000, 0x000000008a600000|100%| O|  |TAMS 0x000000008a500000| PB 0x000000008a500000| Untracked |  0
| 166|0x000000008a600000, 0x000000008a700000, 0x000000008a700000|100%| O|  |TAMS 0x000000008a600000| PB 0x000000008a600000| Untracked |  0
| 167|0x000000008a700000, 0x000000008a800000, 0x000000008a800000|100%| O|  |TAMS 0x000000008a700000| PB 0x000000008a700000| Untracked |  0
| 168|0x000000008a800000, 0x000000008a900000, 0x000000008a900000|100%| O|  |TAMS 0x000000008a800000| PB 0x000000008a800000| Untracked |  0
| 169|0x000000008a900000, 0x000000008aa00000, 0x000000008aa00000|100%| O|  |TAMS 0x000000008a900000| PB 0x000000008a900000| Untracked |  0
| 170|0x000000008aa00000, 0x000000008ab00000, 0x000000008ab00000|100%| O|  |TAMS 0x000000008aa00000| PB 0x000000008aa00000| Untracked |  0
| 171|0x000000008ab00000, 0x000000008ac00000, 0x000000008ac00000|100%| O|  |TAMS 0x000000008ab00000| PB 0x000000008ab00000| Untracked |  0
| 172|0x000000008ac00000, 0x000000008ad00000, 0x000000008ad00000|100%| O|  |TAMS 0x000000008ac00000| PB 0x000000008ac00000| Untracked |  0
| 173|0x000000008ad00000, 0x000000008ae00000, 0x000000008ae00000|100%| O|  |TAMS 0x000000008ad00000| PB 0x000000008ad00000| Untracked |  0
| 174|0x000000008ae00000, 0x000000008af00000, 0x000000008af00000|100%| O|  |TAMS 0x000000008ae00000| PB 0x000000008ae00000| Untracked |  0
| 175|0x000000008af00000, 0x000000008b000000, 0x000000008b000000|100%| O|  |TAMS 0x000000008af00000| PB 0x000000008af00000| Untracked |  0
| 176|0x000000008b000000, 0x000000008b100000, 0x000000008b100000|100%| O|  |TAMS 0x000000008b000000| PB 0x000000008b000000| Untracked |  0
| 177|0x000000008b100000, 0x000000008b200000, 0x000000008b200000|100%| O|  |TAMS 0x000000008b100000| PB 0x000000008b100000| Untracked |  0
| 178|0x000000008b200000, 0x000000008b300000, 0x000000008b300000|100%| O|  |TAMS 0x000000008b200000| PB 0x000000008b200000| Untracked |  0
| 179|0x000000008b300000, 0x000000008b400000, 0x000000008b400000|100%| O|  |TAMS 0x000000008b300000| PB 0x000000008b300000| Untracked |  0
| 180|0x000000008b400000, 0x000000008b500000, 0x000000008b500000|100%| O|  |TAMS 0x000000008b400000| PB 0x000000008b400000| Untracked |  0
| 181|0x000000008b500000, 0x000000008b600000, 0x000000008b600000|100%| O|  |TAMS 0x000000008b500000| PB 0x000000008b500000| Untracked |  0
| 182|0x000000008b600000, 0x000000008b700000, 0x000000008b700000|100%| O|  |TAMS 0x000000008b600000| PB 0x000000008b600000| Untracked |  0
| 183|0x000000008b700000, 0x000000008b800000, 0x000000008b800000|100%| O|Cm|TAMS 0x000000008b700000| PB 0x000000008b700000| Complete |  0
| 184|0x000000008b800000, 0x000000008b900000, 0x000000008b900000|100%| O|  |TAMS 0x000000008b800000| PB 0x000000008b800000| Untracked |  0
| 185|0x000000008b900000, 0x000000008ba00000, 0x000000008ba00000|100%| O|  |TAMS 0x000000008b900000| PB 0x000000008b900000| Untracked |  0
| 186|0x000000008ba00000, 0x000000008bb00000, 0x000000008bb00000|100%| O|  |TAMS 0x000000008ba00000| PB 0x000000008ba00000| Untracked |  0
| 187|0x000000008bb00000, 0x000000008bc00000, 0x000000008bc00000|100%| O|  |TAMS 0x000000008bb00000| PB 0x000000008bb00000| Untracked |  0
| 188|0x000000008bc00000, 0x000000008bd00000, 0x000000008bd00000|100%| O|  |TAMS 0x000000008bc00000| PB 0x000000008bc00000| Untracked |  0
| 189|0x000000008bd00000, 0x000000008be00000, 0x000000008be00000|100%| O|  |TAMS 0x000000008bd00000| PB 0x000000008bd00000| Untracked |  0
| 190|0x000000008be00000, 0x000000008bf00000, 0x000000008bf00000|100%| O|  |TAMS 0x000000008be00000| PB 0x000000008be00000| Untracked |  0
| 191|0x000000008bf00000, 0x000000008c000000, 0x000000008c000000|100%| O|  |TAMS 0x000000008bf00000| PB 0x000000008bf00000| Untracked |  0
| 192|0x000000008c000000, 0x000000008c100000, 0x000000008c100000|100%| O|  |TAMS 0x000000008c000000| PB 0x000000008c000000| Untracked |  0
| 193|0x000000008c100000, 0x000000008c200000, 0x000000008c200000|100%| O|  |TAMS 0x000000008c100000| PB 0x000000008c100000| Untracked |  0
| 194|0x000000008c200000, 0x000000008c300000, 0x000000008c300000|100%| O|  |TAMS 0x000000008c200000| PB 0x000000008c200000| Untracked |  0
| 195|0x000000008c300000, 0x000000008c400000, 0x000000008c400000|100%| O|  |TAMS 0x000000008c300000| PB 0x000000008c300000| Untracked |  0
| 196|0x000000008c400000, 0x000000008c500000, 0x000000008c500000|100%| O|  |TAMS 0x000000008c400000| PB 0x000000008c400000| Untracked |  0
| 197|0x000000008c500000, 0x000000008c600000, 0x000000008c600000|100%| O|  |TAMS 0x000000008c500000| PB 0x000000008c500000| Untracked |  0
| 198|0x000000008c600000, 0x000000008c700000, 0x000000008c700000|100%| O|  |TAMS 0x000000008c600000| PB 0x000000008c600000| Untracked |  0
| 199|0x000000008c700000, 0x000000008c800000, 0x000000008c800000|100%| O|  |TAMS 0x000000008c700000| PB 0x000000008c700000| Untracked |  0
| 200|0x000000008c800000, 0x000000008c900000, 0x000000008c900000|100%| O|Cm|TAMS 0x000000008c800000| PB 0x000000008c800000| Complete |  0
| 201|0x000000008c900000, 0x000000008ca00000, 0x000000008ca00000|100%| O|  |TAMS 0x000000008c900000| PB 0x000000008c900000| Untracked |  0
| 202|0x000000008ca00000, 0x000000008cb00000, 0x000000008cb00000|100%| O|  |TAMS 0x000000008ca00000| PB 0x000000008ca00000| Untracked |  0
| 203|0x000000008cb00000, 0x000000008cc00000, 0x000000008cc00000|100%| O|  |TAMS 0x000000008cb00000| PB 0x000000008cb00000| Untracked |  0
| 204|0x000000008cc00000, 0x000000008cd00000, 0x000000008cd00000|100%| O|  |TAMS 0x000000008cc00000| PB 0x000000008cc00000| Untracked |  0
| 205|0x000000008cd00000, 0x000000008ce00000, 0x000000008ce00000|100%| O|  |TAMS 0x000000008cd00000| PB 0x000000008cd00000| Untracked |  0
| 206|0x000000008ce00000, 0x000000008cf00000, 0x000000008cf00000|100%| O|  |TAMS 0x000000008ce00000| PB 0x000000008ce00000| Untracked |  0
| 207|0x000000008cf00000, 0x000000008d000000, 0x000000008d000000|100%| O|  |TAMS 0x000000008cf00000| PB 0x000000008cf00000| Untracked |  0
| 208|0x000000008d000000, 0x000000008d100000, 0x000000008d100000|100%| O|  |TAMS 0x000000008d000000| PB 0x000000008d000000| Untracked |  0
| 209|0x000000008d100000, 0x000000008d200000, 0x000000008d200000|100%| O|  |TAMS 0x000000008d100000| PB 0x000000008d100000| Untracked |  0
| 210|0x000000008d200000, 0x000000008d300000, 0x000000008d300000|100%| O|  |TAMS 0x000000008d200000| PB 0x000000008d200000| Untracked |  0
| 211|0x000000008d300000, 0x000000008d400000, 0x000000008d400000|100%| O|  |TAMS 0x000000008d300000| PB 0x000000008d300000| Untracked |  0
| 212|0x000000008d400000, 0x000000008d500000, 0x000000008d500000|100%| O|  |TAMS 0x000000008d400000| PB 0x000000008d400000| Untracked |  0
| 213|0x000000008d500000, 0x000000008d600000, 0x000000008d600000|100%| O|  |TAMS 0x000000008d500000| PB 0x000000008d500000| Untracked |  0
| 214|0x000000008d600000, 0x000000008d700000, 0x000000008d700000|100%| O|  |TAMS 0x000000008d600000| PB 0x000000008d600000| Untracked |  0
| 215|0x000000008d700000, 0x000000008d800000, 0x000000008d800000|100%| O|  |TAMS 0x000000008d700000| PB 0x000000008d700000| Untracked |  0
| 216|0x000000008d800000, 0x000000008d900000, 0x000000008d900000|100%| O|  |TAMS 0x000000008d800000| PB 0x000000008d800000| Untracked |  0
| 217|0x000000008d900000, 0x000000008da00000, 0x000000008da00000|100%| O|  |TAMS 0x000000008d900000| PB 0x000000008d900000| Untracked |  0
| 218|0x000000008da00000, 0x000000008da80000, 0x000000008db00000| 50%| O|  |TAMS 0x000000008da00000| PB 0x000000008da00000| Untracked |  0
| 219|0x000000008db00000, 0x000000008dc00000, 0x000000008dc00000|100%| O|Cm|TAMS 0x000000008db00000| PB 0x000000008db00000| Complete |  0
| 220|0x000000008dc00000, 0x000000008dc00000, 0x000000008dd00000|  0%| F|  |TAMS 0x000000008dc00000| PB 0x000000008dc00000| Untracked |  0
| 221|0x000000008dd00000, 0x000000008de00000, 0x000000008de00000|100%| O|  |TAMS 0x000000008dd00000| PB 0x000000008dd00000| Untracked |  0
| 222|0x000000008de00000, 0x000000008de00000, 0x000000008df00000|  0%| F|  |TAMS 0x000000008de00000| PB 0x000000008de00000| Untracked |  0
| 223|0x000000008df00000, 0x000000008df00000, 0x000000008e000000|  0%| F|  |TAMS 0x000000008df00000| PB 0x000000008df00000| Untracked |  0
| 224|0x000000008e000000, 0x000000008e000000, 0x000000008e100000|  0%| F|  |TAMS 0x000000008e000000| PB 0x000000008e000000| Untracked |  0
| 225|0x000000008e100000, 0x000000008e200000, 0x000000008e200000|100%| O|  |TAMS 0x000000008e100000| PB 0x000000008e100000| Untracked |  0
| 226|0x000000008e200000, 0x000000008e300000, 0x000000008e300000|100%| O|Cm|TAMS 0x000000008e200000| PB 0x000000008e200000| Complete |  0
| 227|0x000000008e300000, 0x000000008e300000, 0x000000008e400000|  0%| F|  |TAMS 0x000000008e300000| PB 0x000000008e300000| Untracked |  0
| 228|0x000000008e400000, 0x000000008e400000, 0x000000008e500000|  0%| F|  |TAMS 0x000000008e400000| PB 0x000000008e400000| Untracked |  0
| 229|0x000000008e500000, 0x000000008e500000, 0x000000008e600000|  0%| F|  |TAMS 0x000000008e500000| PB 0x000000008e500000| Untracked |  0
| 230|0x000000008e600000, 0x000000008e700000, 0x000000008e700000|100%| O|  |TAMS 0x000000008e600000| PB 0x000000008e600000| Untracked |  0
| 231|0x000000008e700000, 0x000000008e700000, 0x000000008e800000|  0%| F|  |TAMS 0x000000008e700000| PB 0x000000008e700000| Untracked |  0
| 232|0x000000008e800000, 0x000000008e900000, 0x000000008e900000|100%| O|  |TAMS 0x000000008e800000| PB 0x000000008e800000| Untracked |  0
| 233|0x000000008e900000, 0x000000008e900000, 0x000000008ea00000|  0%| F|  |TAMS 0x000000008e900000| PB 0x000000008e900000| Untracked |  0
| 234|0x000000008ea00000, 0x000000008ea00000, 0x000000008eb00000|  0%| F|  |TAMS 0x000000008ea00000| PB 0x000000008ea00000| Untracked |  0
| 235|0x000000008eb00000, 0x000000008ec00000, 0x000000008ec00000|100%| O|Cm|TAMS 0x000000008eb00000| PB 0x000000008eb00000| Complete |  0
| 236|0x000000008ec00000, 0x000000008ed00000, 0x000000008ed00000|100%| O|Cm|TAMS 0x000000008ec00000| PB 0x000000008ec00000| Complete |  0
| 237|0x000000008ed00000, 0x000000008ed00000, 0x000000008ee00000|  0%| F|  |TAMS 0x000000008ed00000| PB 0x000000008ed00000| Untracked |  0
| 238|0x000000008ee00000, 0x000000008ee00000, 0x000000008ef00000|  0%| F|  |TAMS 0x000000008ee00000| PB 0x000000008ee00000| Untracked |  0
| 239|0x000000008ef00000, 0x000000008ef00000, 0x000000008f000000|  0%| F|  |TAMS 0x000000008ef00000| PB 0x000000008ef00000| Untracked |  0
| 240|0x000000008f000000, 0x000000008f000000, 0x000000008f100000|  0%| F|  |TAMS 0x000000008f000000| PB 0x000000008f000000| Untracked |  0
| 241|0x000000008f100000, 0x000000008f100000, 0x000000008f200000|  0%| F|  |TAMS 0x000000008f100000| PB 0x000000008f100000| Untracked |  0
| 242|0x000000008f200000, 0x000000008f200000, 0x000000008f300000|  0%| F|  |TAMS 0x000000008f200000| PB 0x000000008f200000| Untracked |  0
| 243|0x000000008f300000, 0x000000008f300000, 0x000000008f400000|  0%| F|  |TAMS 0x000000008f300000| PB 0x000000008f300000| Untracked |  0
| 244|0x000000008f400000, 0x000000008f400000, 0x000000008f500000|  0%| F|  |TAMS 0x000000008f400000| PB 0x000000008f400000| Untracked |  0
| 245|0x000000008f500000, 0x000000008f500000, 0x000000008f600000|  0%| F|  |TAMS 0x000000008f500000| PB 0x000000008f500000| Untracked |  0
| 246|0x000000008f600000, 0x000000008f600000, 0x000000008f700000|  0%| F|  |TAMS 0x000000008f600000| PB 0x000000008f600000| Untracked |  0
| 247|0x000000008f700000, 0x000000008f700000, 0x000000008f800000|  0%| F|  |TAMS 0x000000008f700000| PB 0x000000008f700000| Untracked |  0
| 248|0x000000008f800000, 0x000000008f800000, 0x000000008f900000|  0%| F|  |TAMS 0x000000008f800000| PB 0x000000008f800000| Untracked |  0
| 249|0x000000008f900000, 0x000000008f900000, 0x000000008fa00000|  0%| F|  |TAMS 0x000000008f900000| PB 0x000000008f900000| Untracked |  0
| 250|0x000000008fa00000, 0x000000008fa00000, 0x000000008fb00000|  0%| F|  |TAMS 0x000000008fa00000| PB 0x000000008fa00000| Untracked |  0
| 251|0x000000008fb00000, 0x000000008fb00000, 0x000000008fc00000|  0%| F|  |TAMS 0x000000008fb00000| PB 0x000000008fb00000| Untracked |  0
| 252|0x000000008fc00000, 0x000000008fc00000, 0x000000008fd00000|  0%| F|  |TAMS 0x000000008fc00000| PB 0x000000008fc00000| Untracked |  0
| 253|0x000000008fd00000, 0x000000008fd00000, 0x000000008fe00000|  0%| F|  |TAMS 0x000000008fd00000| PB 0x000000008fd00000| Untracked |  0
| 254|0x000000008fe00000, 0x000000008fe00000, 0x000000008ff00000|  0%| F|  |TAMS 0x000000008fe00000| PB 0x000000008fe00000| Untracked |  0
| 255|0x000000008ff00000, 0x000000008ff00000, 0x0000000090000000|  0%| F|  |TAMS 0x000000008ff00000| PB 0x000000008ff00000| Untracked |  0
| 256|0x0000000090000000, 0x0000000090000000, 0x0000000090100000|  0%| F|  |TAMS 0x0000000090000000| PB 0x0000000090000000| Untracked |  0
| 257|0x0000000090100000, 0x0000000090100000, 0x0000000090200000|  0%| F|  |TAMS 0x0000000090100000| PB 0x0000000090100000| Untracked |  0
| 258|0x0000000090200000, 0x0000000090200000, 0x0000000090300000|  0%| F|  |TAMS 0x0000000090200000| PB 0x0000000090200000| Untracked |  0
| 259|0x0000000090300000, 0x0000000090300000, 0x0000000090400000|  0%| F|  |TAMS 0x0000000090300000| PB 0x0000000090300000| Untracked |  0
| 260|0x0000000090400000, 0x0000000090400000, 0x0000000090500000|  0%| F|  |TAMS 0x0000000090400000| PB 0x0000000090400000| Untracked |  0
| 261|0x0000000090500000, 0x0000000090600000, 0x0000000090600000|100%| O|  |TAMS 0x0000000090500000| PB 0x0000000090500000| Untracked |  0
| 262|0x0000000090600000, 0x0000000090700000, 0x0000000090700000|100%| O|  |TAMS 0x0000000090600000| PB 0x0000000090600000| Untracked |  0
| 263|0x0000000090700000, 0x0000000090700000, 0x0000000090800000|  0%| F|  |TAMS 0x0000000090700000| PB 0x0000000090700000| Untracked |  0
| 264|0x0000000090800000, 0x0000000090900000, 0x0000000090900000|100%| O|  |TAMS 0x0000000090800000| PB 0x0000000090800000| Untracked |  0
| 265|0x0000000090900000, 0x0000000090900000, 0x0000000090a00000|  0%| F|  |TAMS 0x0000000090900000| PB 0x0000000090900000| Untracked |  0
| 266|0x0000000090a00000, 0x0000000090b00000, 0x0000000090b00000|100%| O|  |TAMS 0x0000000090a00000| PB 0x0000000090a00000| Untracked |  0
| 267|0x0000000090b00000, 0x0000000090b00000, 0x0000000090c00000|  0%| F|  |TAMS 0x0000000090b00000| PB 0x0000000090b00000| Untracked |  0
| 268|0x0000000090c00000, 0x0000000090c00000, 0x0000000090d00000|  0%| F|  |TAMS 0x0000000090c00000| PB 0x0000000090c00000| Untracked |  0
| 269|0x0000000090d00000, 0x0000000090d00000, 0x0000000090e00000|  0%| F|  |TAMS 0x0000000090d00000| PB 0x0000000090d00000| Untracked |  0
| 270|0x0000000090e00000, 0x0000000090e00000, 0x0000000090f00000|  0%| F|  |TAMS 0x0000000090e00000| PB 0x0000000090e00000| Untracked |  0
| 271|0x0000000090f00000, 0x0000000090f00000, 0x0000000091000000|  0%| F|  |TAMS 0x0000000090f00000| PB 0x0000000090f00000| Untracked |  0
| 272|0x0000000091000000, 0x0000000091000000, 0x0000000091100000|  0%| F|  |TAMS 0x0000000091000000| PB 0x0000000091000000| Untracked |  0
| 273|0x0000000091100000, 0x0000000091100000, 0x0000000091200000|  0%| F|  |TAMS 0x0000000091100000| PB 0x0000000091100000| Untracked |  0
| 274|0x0000000091200000, 0x0000000091200000, 0x0000000091300000|  0%| F|  |TAMS 0x0000000091200000| PB 0x0000000091200000| Untracked |  0
| 275|0x0000000091300000, 0x0000000091300000, 0x0000000091400000|  0%| F|  |TAMS 0x0000000091300000| PB 0x0000000091300000| Untracked |  0
| 276|0x0000000091400000, 0x0000000091400000, 0x0000000091500000|  0%| F|  |TAMS 0x0000000091400000| PB 0x0000000091400000| Untracked |  0
| 277|0x0000000091500000, 0x0000000091500000, 0x0000000091600000|  0%| F|  |TAMS 0x0000000091500000| PB 0x0000000091500000| Untracked |  0
| 278|0x0000000091600000, 0x0000000091600000, 0x0000000091700000|  0%| F|  |TAMS 0x0000000091600000| PB 0x0000000091600000| Untracked |  0
| 279|0x0000000091700000, 0x0000000091700000, 0x0000000091800000|  0%| F|  |TAMS 0x0000000091700000| PB 0x0000000091700000| Untracked |  0
| 280|0x0000000091800000, 0x0000000091800000, 0x0000000091900000|  0%| F|  |TAMS 0x0000000091800000| PB 0x0000000091800000| Untracked |  0
| 281|0x0000000091900000, 0x0000000091900000, 0x0000000091a00000|  0%| F|  |TAMS 0x0000000091900000| PB 0x0000000091900000| Untracked |  0
| 282|0x0000000091a00000, 0x0000000091a00000, 0x0000000091b00000|  0%| F|  |TAMS 0x0000000091a00000| PB 0x0000000091a00000| Untracked |  0
| 283|0x0000000091b00000, 0x0000000091b00000, 0x0000000091c00000|  0%| F|  |TAMS 0x0000000091b00000| PB 0x0000000091b00000| Untracked |  0
| 284|0x0000000091c00000, 0x0000000091c00000, 0x0000000091d00000|  0%| F|  |TAMS 0x0000000091c00000| PB 0x0000000091c00000| Untracked |  0
| 285|0x0000000091d00000, 0x0000000091d00000, 0x0000000091e00000|  0%| F|  |TAMS 0x0000000091d00000| PB 0x0000000091d00000| Untracked |  0
| 286|0x0000000091e00000, 0x0000000091e00000, 0x0000000091f00000|  0%| F|  |TAMS 0x0000000091e00000| PB 0x0000000091e00000| Untracked |  0
| 287|0x0000000091f00000, 0x0000000091f00000, 0x0000000092000000|  0%| F|  |TAMS 0x0000000091f00000| PB 0x0000000091f00000| Untracked |  0
| 288|0x0000000092000000, 0x0000000092000000, 0x0000000092100000|  0%| F|  |TAMS 0x0000000092000000| PB 0x0000000092000000| Untracked |  0
| 289|0x0000000092100000, 0x0000000092100000, 0x0000000092200000|  0%| F|  |TAMS 0x0000000092100000| PB 0x0000000092100000| Untracked |  0
| 290|0x0000000092200000, 0x0000000092300000, 0x0000000092300000|100%| E|  |TAMS 0x0000000092200000| PB 0x0000000092200000| Complete |  0
| 291|0x0000000092300000, 0x0000000092400000, 0x0000000092400000|100%| E|CS|TAMS 0x0000000092300000| PB 0x0000000092300000| Complete |  0
| 292|0x0000000092400000, 0x0000000092500000, 0x0000000092500000|100%| E|CS|TAMS 0x0000000092400000| PB 0x0000000092400000| Complete |  0
| 293|0x0000000092500000, 0x0000000092600000, 0x0000000092600000|100%| E|CS|TAMS 0x0000000092500000| PB 0x0000000092500000| Complete |  0
| 294|0x0000000092600000, 0x0000000092700000, 0x0000000092700000|100%| E|CS|TAMS 0x0000000092600000| PB 0x0000000092600000| Complete |  0
| 295|0x0000000092700000, 0x0000000092800000, 0x0000000092800000|100%| E|CS|TAMS 0x0000000092700000| PB 0x0000000092700000| Complete |  0
| 296|0x0000000092800000, 0x0000000092900000, 0x0000000092900000|100%| E|CS|TAMS 0x0000000092800000| PB 0x0000000092800000| Complete |  0
| 297|0x0000000092900000, 0x0000000092a00000, 0x0000000092a00000|100%| E|CS|TAMS 0x0000000092900000| PB 0x0000000092900000| Complete |  0
| 298|0x0000000092a00000, 0x0000000092b00000, 0x0000000092b00000|100%| E|CS|TAMS 0x0000000092a00000| PB 0x0000000092a00000| Complete |  0
| 299|0x0000000092b00000, 0x0000000092b4a1f0, 0x0000000092c00000| 28%| S|CS|TAMS 0x0000000092b00000| PB 0x0000000092b00000| Complete |  0
| 300|0x0000000092c00000, 0x0000000092d00000, 0x0000000092d00000|100%| S|CS|TAMS 0x0000000092c00000| PB 0x0000000092c00000| Complete |  0
| 301|0x0000000092d00000, 0x0000000092e00000, 0x0000000092e00000|100%| S|CS|TAMS 0x0000000092d00000| PB 0x0000000092d00000| Complete |  0
| 302|0x0000000092e00000, 0x0000000092f00000, 0x0000000092f00000|100%| S|CS|TAMS 0x0000000092e00000| PB 0x0000000092e00000| Complete |  0
| 303|0x0000000092f00000, 0x0000000093000000, 0x0000000093000000|100%| S|CS|TAMS 0x0000000092f00000| PB 0x0000000092f00000| Complete |  0
| 304|0x0000000093000000, 0x0000000093100000, 0x0000000093100000|100%| S|CS|TAMS 0x0000000093000000| PB 0x0000000093000000| Complete |  0
| 305|0x0000000093100000, 0x0000000093200000, 0x0000000093200000|100%| S|CS|TAMS 0x0000000093100000| PB 0x0000000093100000| Complete |  0
| 306|0x0000000093200000, 0x0000000093300000, 0x0000000093300000|100%| S|CS|TAMS 0x0000000093200000| PB 0x0000000093200000| Complete |  0
| 307|0x0000000093300000, 0x0000000093400000, 0x0000000093400000|100%| S|CS|TAMS 0x0000000093300000| PB 0x0000000093300000| Complete |  0
| 308|0x0000000093400000, 0x0000000093500000, 0x0000000093500000|100%| E|CS|TAMS 0x0000000093400000| PB 0x0000000093400000| Complete |  0
| 309|0x0000000093500000, 0x0000000093600000, 0x0000000093600000|100%| E|CS|TAMS 0x0000000093500000| PB 0x0000000093500000| Complete |  0
| 310|0x0000000093600000, 0x0000000093700000, 0x0000000093700000|100%| E|CS|TAMS 0x0000000093600000| PB 0x0000000093600000| Complete |  0
| 311|0x0000000093700000, 0x0000000093800000, 0x0000000093800000|100%| E|CS|TAMS 0x0000000093700000| PB 0x0000000093700000| Complete |  0
| 312|0x0000000093800000, 0x0000000093900000, 0x0000000093900000|100%| E|CS|TAMS 0x0000000093800000| PB 0x0000000093800000| Complete |  0
| 313|0x0000000093900000, 0x0000000093a00000, 0x0000000093a00000|100%| E|CS|TAMS 0x0000000093900000| PB 0x0000000093900000| Complete |  0
| 314|0x0000000093a00000, 0x0000000093b00000, 0x0000000093b00000|100%| E|CS|TAMS 0x0000000093a00000| PB 0x0000000093a00000| Complete |  0
| 315|0x0000000093b00000, 0x0000000093c00000, 0x0000000093c00000|100%| E|CS|TAMS 0x0000000093b00000| PB 0x0000000093b00000| Complete |  0
| 316|0x0000000093c00000, 0x0000000093d00000, 0x0000000093d00000|100%| E|CS|TAMS 0x0000000093c00000| PB 0x0000000093c00000| Complete |  0
| 317|0x0000000093d00000, 0x0000000093e00000, 0x0000000093e00000|100%| E|CS|TAMS 0x0000000093d00000| PB 0x0000000093d00000| Complete |  0
| 318|0x0000000093e00000, 0x0000000093f00000, 0x0000000093f00000|100%| E|CS|TAMS 0x0000000093e00000| PB 0x0000000093e00000| Complete |  0
| 319|0x0000000093f00000, 0x0000000094000000, 0x0000000094000000|100%| E|CS|TAMS 0x0000000093f00000| PB 0x0000000093f00000| Complete |  0
| 320|0x0000000094000000, 0x0000000094100000, 0x0000000094100000|100%| E|CS|TAMS 0x0000000094000000| PB 0x0000000094000000| Complete |  0
| 321|0x0000000094100000, 0x0000000094200000, 0x0000000094200000|100%| E|CS|TAMS 0x0000000094100000| PB 0x0000000094100000| Complete |  0
| 322|0x0000000094200000, 0x0000000094300000, 0x0000000094300000|100%| E|CS|TAMS 0x0000000094200000| PB 0x0000000094200000| Complete |  0
| 323|0x0000000094300000, 0x0000000094400000, 0x0000000094400000|100%| E|CS|TAMS 0x0000000094300000| PB 0x0000000094300000| Complete |  0
| 324|0x0000000094400000, 0x0000000094500000, 0x0000000094500000|100%| E|CS|TAMS 0x0000000094400000| PB 0x0000000094400000| Complete |  0
| 325|0x0000000094500000, 0x0000000094600000, 0x0000000094600000|100%| E|CS|TAMS 0x0000000094500000| PB 0x0000000094500000| Complete |  0
| 326|0x0000000094600000, 0x0000000094700000, 0x0000000094700000|100%| E|  |TAMS 0x0000000094600000| PB 0x0000000094600000| Complete |  0
| 327|0x0000000094700000, 0x0000000094800000, 0x0000000094800000|100%| E|CS|TAMS 0x0000000094700000| PB 0x0000000094700000| Complete |  0
| 328|0x0000000094800000, 0x0000000094900000, 0x0000000094900000|100%| E|CS|TAMS 0x0000000094800000| PB 0x0000000094800000| Complete |  0
| 329|0x0000000094900000, 0x0000000094a00000, 0x0000000094a00000|100%| E|CS|TAMS 0x0000000094900000| PB 0x0000000094900000| Complete |  0
| 330|0x0000000094a00000, 0x0000000094b00000, 0x0000000094b00000|100%| E|CS|TAMS 0x0000000094a00000| PB 0x0000000094a00000| Complete |  0
| 331|0x0000000094b00000, 0x0000000094c00000, 0x0000000094c00000|100%| E|CS|TAMS 0x0000000094b00000| PB 0x0000000094b00000| Complete |  0
| 332|0x0000000094c00000, 0x0000000094d00000, 0x0000000094d00000|100%| E|CS|TAMS 0x0000000094c00000| PB 0x0000000094c00000| Complete |  0
| 333|0x0000000094d00000, 0x0000000094e00000, 0x0000000094e00000|100%| E|CS|TAMS 0x0000000094d00000| PB 0x0000000094d00000| Complete |  0
| 334|0x0000000094e00000, 0x0000000094f00000, 0x0000000094f00000|100%| E|CS|TAMS 0x0000000094e00000| PB 0x0000000094e00000| Complete |  0
| 335|0x0000000094f00000, 0x0000000095000000, 0x0000000095000000|100%| E|CS|TAMS 0x0000000094f00000| PB 0x0000000094f00000| Complete |  0
| 336|0x0000000095000000, 0x0000000095100000, 0x0000000095100000|100%| E|CS|TAMS 0x0000000095000000| PB 0x0000000095000000| Complete |  0
| 337|0x0000000095100000, 0x0000000095200000, 0x0000000095200000|100%| E|CS|TAMS 0x0000000095100000| PB 0x0000000095100000| Complete |  0
| 338|0x0000000095200000, 0x0000000095300000, 0x0000000095300000|100%| E|CS|TAMS 0x0000000095200000| PB 0x0000000095200000| Complete |  0
| 339|0x0000000095300000, 0x0000000095400000, 0x0000000095400000|100%| E|CS|TAMS 0x0000000095300000| PB 0x0000000095300000| Complete |  0
| 340|0x0000000095400000, 0x0000000095500000, 0x0000000095500000|100%| E|CS|TAMS 0x0000000095400000| PB 0x0000000095400000| Complete |  0
| 341|0x0000000095500000, 0x0000000095600000, 0x0000000095600000|100%| E|CS|TAMS 0x0000000095500000| PB 0x0000000095500000| Complete |  0
| 342|0x0000000095600000, 0x0000000095700000, 0x0000000095700000|100%| E|CS|TAMS 0x0000000095600000| PB 0x0000000095600000| Complete |  0
| 343|0x0000000095700000, 0x0000000095800000, 0x0000000095800000|100%| E|CS|TAMS 0x0000000095700000| PB 0x0000000095700000| Complete |  0
| 344|0x0000000095800000, 0x0000000095900000, 0x0000000095900000|100%| E|CS|TAMS 0x0000000095800000| PB 0x0000000095800000| Complete |  0
| 345|0x0000000095900000, 0x0000000095a00000, 0x0000000095a00000|100%| E|CS|TAMS 0x0000000095900000| PB 0x0000000095900000| Complete |  0
| 346|0x0000000095a00000, 0x0000000095b00000, 0x0000000095b00000|100%| E|CS|TAMS 0x0000000095a00000| PB 0x0000000095a00000| Complete |  0
| 347|0x0000000095b00000, 0x0000000095c00000, 0x0000000095c00000|100%| E|CS|TAMS 0x0000000095b00000| PB 0x0000000095b00000| Complete |  0
| 348|0x0000000095c00000, 0x0000000095d00000, 0x0000000095d00000|100%| E|CS|TAMS 0x0000000095c00000| PB 0x0000000095c00000| Complete |  0
| 349|0x0000000095d00000, 0x0000000095e00000, 0x0000000095e00000|100%| E|CS|TAMS 0x0000000095d00000| PB 0x0000000095d00000| Complete |  0
| 350|0x0000000095e00000, 0x0000000095f00000, 0x0000000095f00000|100%| E|CS|TAMS 0x0000000095e00000| PB 0x0000000095e00000| Complete |  0
| 351|0x0000000095f00000, 0x0000000096000000, 0x0000000096000000|100%| E|CS|TAMS 0x0000000095f00000| PB 0x0000000095f00000| Complete |  0
| 352|0x0000000096000000, 0x0000000096100000, 0x0000000096100000|100%| E|CS|TAMS 0x0000000096000000| PB 0x0000000096000000| Complete |  0
| 353|0x0000000096100000, 0x0000000096200000, 0x0000000096200000|100%| E|CS|TAMS 0x0000000096100000| PB 0x0000000096100000| Complete |  0
| 354|0x0000000096200000, 0x0000000096300000, 0x0000000096300000|100%| E|CS|TAMS 0x0000000096200000| PB 0x0000000096200000| Complete |  0
| 355|0x0000000096300000, 0x0000000096400000, 0x0000000096400000|100%| E|CS|TAMS 0x0000000096300000| PB 0x0000000096300000| Complete |  0
| 356|0x0000000096400000, 0x0000000096500000, 0x0000000096500000|100%| E|CS|TAMS 0x0000000096400000| PB 0x0000000096400000| Complete |  0
| 357|0x0000000096500000, 0x0000000096600000, 0x0000000096600000|100%| E|CS|TAMS 0x0000000096500000| PB 0x0000000096500000| Complete |  0
| 358|0x0000000096600000, 0x0000000096700000, 0x0000000096700000|100%| E|CS|TAMS 0x0000000096600000| PB 0x0000000096600000| Complete |  0
| 359|0x0000000096700000, 0x0000000096800000, 0x0000000096800000|100%| E|CS|TAMS 0x0000000096700000| PB 0x0000000096700000| Complete |  0
| 360|0x0000000096800000, 0x0000000096900000, 0x0000000096900000|100%| E|CS|TAMS 0x0000000096800000| PB 0x0000000096800000| Complete |  0
| 361|0x0000000096900000, 0x0000000096a00000, 0x0000000096a00000|100%| E|CS|TAMS 0x0000000096900000| PB 0x0000000096900000| Complete |  0
| 362|0x0000000096a00000, 0x0000000096b00000, 0x0000000096b00000|100%| E|CS|TAMS 0x0000000096a00000| PB 0x0000000096a00000| Complete |  0
| 363|0x0000000096b00000, 0x0000000096c00000, 0x0000000096c00000|100%| E|CS|TAMS 0x0000000096b00000| PB 0x0000000096b00000| Complete |  0
| 364|0x0000000096c00000, 0x0000000096d00000, 0x0000000096d00000|100%| E|CS|TAMS 0x0000000096c00000| PB 0x0000000096c00000| Complete |  0
| 365|0x0000000096d00000, 0x0000000096e00000, 0x0000000096e00000|100%| E|CS|TAMS 0x0000000096d00000| PB 0x0000000096d00000| Complete |  0
| 366|0x0000000096e00000, 0x0000000096f00000, 0x0000000096f00000|100%| E|CS|TAMS 0x0000000096e00000| PB 0x0000000096e00000| Complete |  0
| 367|0x0000000096f00000, 0x0000000097000000, 0x0000000097000000|100%| E|CS|TAMS 0x0000000096f00000| PB 0x0000000096f00000| Complete |  0
| 368|0x0000000097000000, 0x0000000097100000, 0x0000000097100000|100%| E|CS|TAMS 0x0000000097000000| PB 0x0000000097000000| Complete |  0
| 369|0x0000000097100000, 0x0000000097200000, 0x0000000097200000|100%| E|CS|TAMS 0x0000000097100000| PB 0x0000000097100000| Complete |  0
| 370|0x0000000097200000, 0x0000000097300000, 0x0000000097300000|100%| E|CS|TAMS 0x0000000097200000| PB 0x0000000097200000| Complete |  0
| 371|0x0000000097300000, 0x0000000097400000, 0x0000000097400000|100%| E|CS|TAMS 0x0000000097300000| PB 0x0000000097300000| Complete |  0
| 372|0x0000000097400000, 0x0000000097500000, 0x0000000097500000|100%| E|CS|TAMS 0x0000000097400000| PB 0x0000000097400000| Complete |  0
| 373|0x0000000097500000, 0x0000000097600000, 0x0000000097600000|100%| E|CS|TAMS 0x0000000097500000| PB 0x0000000097500000| Complete |  0
| 374|0x0000000097600000, 0x0000000097700000, 0x0000000097700000|100%| E|CS|TAMS 0x0000000097600000| PB 0x0000000097600000| Complete |  0
| 375|0x0000000097700000, 0x0000000097800000, 0x0000000097800000|100%| E|CS|TAMS 0x0000000097700000| PB 0x0000000097700000| Complete |  0
| 376|0x0000000097800000, 0x0000000097900000, 0x0000000097900000|100%| E|CS|TAMS 0x0000000097800000| PB 0x0000000097800000| Complete |  0
| 377|0x0000000097900000, 0x0000000097a00000, 0x0000000097a00000|100%| E|CS|TAMS 0x0000000097900000| PB 0x0000000097900000| Complete |  0
| 378|0x0000000097a00000, 0x0000000097b00000, 0x0000000097b00000|100%| E|CS|TAMS 0x0000000097a00000| PB 0x0000000097a00000| Complete |  0
| 379|0x0000000097b00000, 0x0000000097c00000, 0x0000000097c00000|100%| E|CS|TAMS 0x0000000097b00000| PB 0x0000000097b00000| Complete |  0
| 380|0x0000000097c00000, 0x0000000097d00000, 0x0000000097d00000|100%| E|CS|TAMS 0x0000000097c00000| PB 0x0000000097c00000| Complete |  0
| 381|0x0000000097d00000, 0x0000000097e00000, 0x0000000097e00000|100%| E|CS|TAMS 0x0000000097d00000| PB 0x0000000097d00000| Complete |  0
| 382|0x0000000097e00000, 0x0000000097f00000, 0x0000000097f00000|100%| E|CS|TAMS 0x0000000097e00000| PB 0x0000000097e00000| Complete |  0
| 383|0x0000000097f00000, 0x0000000098000000, 0x0000000098000000|100%| E|CS|TAMS 0x0000000097f00000| PB 0x0000000097f00000| Complete |  0
| 384|0x0000000098000000, 0x0000000098100000, 0x0000000098100000|100%| E|CS|TAMS 0x0000000098000000| PB 0x0000000098000000| Complete |  0
| 385|0x0000000098100000, 0x0000000098200000, 0x0000000098200000|100%| E|CS|TAMS 0x0000000098100000| PB 0x0000000098100000| Complete |  0
| 386|0x0000000098200000, 0x0000000098300000, 0x0000000098300000|100%| E|CS|TAMS 0x0000000098200000| PB 0x0000000098200000| Complete |  0
| 387|0x0000000098300000, 0x0000000098400000, 0x0000000098400000|100%| E|CS|TAMS 0x0000000098300000| PB 0x0000000098300000| Complete |  0
| 388|0x0000000098400000, 0x0000000098500000, 0x0000000098500000|100%| E|CS|TAMS 0x0000000098400000| PB 0x0000000098400000| Complete |  0
| 389|0x0000000098500000, 0x0000000098600000, 0x0000000098600000|100%| E|CS|TAMS 0x0000000098500000| PB 0x0000000098500000| Complete |  0
| 390|0x0000000098600000, 0x0000000098700000, 0x0000000098700000|100%| E|CS|TAMS 0x0000000098600000| PB 0x0000000098600000| Complete |  0
| 391|0x0000000098700000, 0x0000000098800000, 0x0000000098800000|100%| E|CS|TAMS 0x0000000098700000| PB 0x0000000098700000| Complete |  0
| 392|0x0000000098800000, 0x0000000098900000, 0x0000000098900000|100%| E|CS|TAMS 0x0000000098800000| PB 0x0000000098800000| Complete |  0
|2022|0x00000000fe600000, 0x00000000fe700000, 0x00000000fe700000|100%| O|Cm|TAMS 0x00000000fe600000| PB 0x00000000fe600000| Complete |  0
|2023|0x00000000fe700000, 0x00000000fe800000, 0x00000000fe800000|100%| O|Cm|TAMS 0x00000000fe700000| PB 0x00000000fe700000| Complete |  0
|2024|0x00000000fe800000, 0x00000000fe900000, 0x00000000fe900000|100%| O|Cm|TAMS 0x00000000fe800000| PB 0x00000000fe800000| Complete |  0
|2025|0x00000000fe900000, 0x00000000fea00000, 0x00000000fea00000|100%| O|  |TAMS 0x00000000fe900000| PB 0x00000000fe900000| Untracked |  0
|2026|0x00000000fea00000, 0x00000000feb00000, 0x00000000feb00000|100%| O|  |TAMS 0x00000000fea00000| PB 0x00000000fea00000| Untracked |  0
|2027|0x00000000feb00000, 0x00000000fec00000, 0x00000000fec00000|100%| O|  |TAMS 0x00000000feb00000| PB 0x00000000feb00000| Untracked |  0
|2028|0x00000000fec00000, 0x00000000fed00000, 0x00000000fed00000|100%| O|  |TAMS 0x00000000fec00000| PB 0x00000000fec00000| Untracked |  0
|2029|0x00000000fed00000, 0x00000000fee00000, 0x00000000fee00000|100%| O|  |TAMS 0x00000000fed00000| PB 0x00000000fed00000| Untracked |  0
|2030|0x00000000fee00000, 0x00000000fef00000, 0x00000000fef00000|100%| O|  |TAMS 0x00000000fee00000| PB 0x00000000fee00000| Untracked |  0
|2031|0x00000000fef00000, 0x00000000ff000000, 0x00000000ff000000|100%| O|  |TAMS 0x00000000fef00000| PB 0x00000000fef00000| Untracked |  0
|2032|0x00000000ff000000, 0x00000000ff100000, 0x00000000ff100000|100%| E|CS|TAMS 0x00000000ff000000| PB 0x00000000ff000000| Complete |  0
|2033|0x00000000ff100000, 0x00000000ff200000, 0x00000000ff200000|100%| E|CS|TAMS 0x00000000ff100000| PB 0x00000000ff100000| Complete |  0
|2034|0x00000000ff200000, 0x00000000ff300000, 0x00000000ff300000|100%| E|CS|TAMS 0x00000000ff200000| PB 0x00000000ff200000| Complete |  0
|2035|0x00000000ff300000, 0x00000000ff400000, 0x00000000ff400000|100%| E|CS|TAMS 0x00000000ff300000| PB 0x00000000ff300000| Complete |  0
|2036|0x00000000ff400000, 0x00000000ff500000, 0x00000000ff500000|100%| E|CS|TAMS 0x00000000ff400000| PB 0x00000000ff400000| Complete |  0
|2037|0x00000000ff500000, 0x00000000ff600000, 0x00000000ff600000|100%| E|CS|TAMS 0x00000000ff500000| PB 0x00000000ff500000| Complete |  0
|2038|0x00000000ff600000, 0x00000000ff700000, 0x00000000ff700000|100%| E|CS|TAMS 0x00000000ff600000| PB 0x00000000ff600000| Complete |  0
|2039|0x00000000ff700000, 0x00000000ff800000, 0x00000000ff800000|100%| E|CS|TAMS 0x00000000ff700000| PB 0x00000000ff700000| Complete |  0
|2040|0x00000000ff800000, 0x00000000ff900000, 0x00000000ff900000|100%| E|CS|TAMS 0x00000000ff800000| PB 0x00000000ff800000| Complete |  0
|2041|0x00000000ff900000, 0x00000000ffa00000, 0x00000000ffa00000|100%| E|CS|TAMS 0x00000000ff900000| PB 0x00000000ff900000| Complete |  0
|2042|0x00000000ffa00000, 0x00000000ffb00000, 0x00000000ffb00000|100%| O|  |TAMS 0x00000000ffa00000| PB 0x00000000ffa00000| Untracked |  0
|2043|0x00000000ffb00000, 0x00000000ffc00000, 0x00000000ffc00000|100%| O|  |TAMS 0x00000000ffb00000| PB 0x00000000ffb00000| Untracked |  0
|2044|0x00000000ffc00000, 0x00000000ffd00000, 0x00000000ffd00000|100%| O|  |TAMS 0x00000000ffc00000| PB 0x00000000ffc00000| Untracked |  0
|2045|0x00000000ffd00000, 0x00000000ffe00000, 0x00000000ffe00000|100%| E|CS|TAMS 0x00000000ffd00000| PB 0x00000000ffd00000| Complete |  0
|2046|0x00000000ffe00000, 0x00000000fff00000, 0x00000000fff00000|100%| O|  |TAMS 0x00000000ffe00000| PB 0x00000000ffe00000| Untracked |  0
|2047|0x00000000fff00000, 0x0000000100000000, 0x0000000100000000|100%| O|  |TAMS 0x00000000fff00000| PB 0x00000000fff00000| Untracked |  0

Card table byte_map: [0x000001f95e300000,0x000001f95e700000] _byte_map_base: 0x000001f95df00000

Marking Bits: (CMBitMap*) 0x000001f94b629130
 Bits: [0x000001f95e700000, 0x000001f960700000)

Polling page: 0x000001f949640000

Metaspace:
Metaspace        used 243593K, committed 245120K, reserved 1310720K
 class space     used 33245K, committed 33920K, reserved 1048576K

Usage:
  Non-class:    205.42 MB used.
      Class:     32.47 MB used.
       Both:    237.88 MB used.

Virtual space:
  Non-class space:      256.00 MB reserved,     206.25 MB ( 81%) committed,  4 nodes.
      Class space:        1.00 GB reserved,      33.12 MB (  3%) committed,  1 nodes.
             Both:        1.25 GB reserved,     239.38 MB ( 19%) committed. 

Chunk freelists:
   Non-Class:  1.48 MB
       Class:  14.89 MB
        Both:  16.38 MB

MaxMetaspaceSize: unlimited
CompressedClassSpaceSize: 1.00 GB
Initial GC threshold: 21.00 MB
Current GC threshold: 395.31 MB
CDS: off
 - commit_granule_bytes: 65536.
 - commit_granule_words: 8192.
 - virtual_space_node_default_size: 8388608.
 - enlarge_chunks_in_place: 1.
UseCompressedClassPointers 1, UseCompactObjectHeaders 0
Narrow klass pointer bits 32, Max shift 3
Narrow klass base: 0x0000000000000000, Narrow klass shift: 0
Encoding Range: [0x0000000000000000 - 0x0000000100000000), (4294967296 bytes)
Klass Range:    [0x000000001b000000 - 0x000000005b000000), (1073741824 bytes)
Klass ID Range:  [452984832 - 1526726649) (1073741817)
No protection zone.


Internal statistics:

num_allocs_failed_limit: 6.
num_arena_births: 5018.
num_arena_deaths: 2420.
num_vsnodes_births: 5.
num_vsnodes_deaths: 0.
num_space_committed: 3828.
num_space_uncommitted: 0.
num_chunks_returned_to_freelist: 2634.
num_chunks_taken_from_freelist: 15468.
num_chunk_merges: 974.
num_chunk_splits: 10326.
num_chunks_enlarged: 7748.
num_inconsistent_stats: 0.

CodeHeap 'non-profiled nmethods': size=120064Kb used=8732Kb max_used=9187Kb free=111331Kb
 bounds [0x000001f956580000, 0x000001f956ea0000, 0x000001f95dac0000]
CodeHeap 'profiled nmethods': size=120000Kb used=26896Kb max_used=30158Kb free=93104Kb
 bounds [0x000001f94eac0000, 0x000001f950840000, 0x000001f955ff0000]
CodeHeap 'non-nmethods': size=5696Kb used=2505Kb max_used=2633Kb free=3190Kb
 bounds [0x000001f955ff0000, 0x000001f9562b0000, 0x000001f956580000]
CodeCache: size=245760Kb, used=38133Kb, max_used=41978Kb, free=207625Kb
 total_blobs=17409, nmethods=16095, adapters=1213, full_count=0
Compilation: enabled, stopped_count=0, restarted_count=0

Compilation events (20 events):
Event: 2233.868 Thread 0x000001f973adfdb0 nmethod 29527 0x000001f956589008 code [0x000001f956589100, 0x000001f956589ba0]
Event: 2233.868 Thread 0x000001f973adfdb0 29528       4       org.gradle.tooling.internal.adapter.ProtocolToModelAdapter$SupportedPropertyInvoker::invoke (154 bytes)
Event: 2233.893 Thread 0x000001f9631dd4f0 nmethod 29448 0x000001f9567f9708 code [0x000001f9567f9800, 0x000001f9567fdcd8]
Event: 2233.893 Thread 0x000001f9631dd4f0 29529       4       org.gradle.tooling.internal.adapter.ProtocolToModelAdapter$PropertyCachingMethodInvoker::invoke (110 bytes)
Event: 2233.952 Thread 0x000001f9631e1d10 29555   !   3       jdk.internal.reflect.MethodHandleIntegerFieldAccessorImpl::setInt (68 bytes)
Event: 2233.954 Thread 0x000001f9631e1d10 nmethod 29555 0x000001f94f0c4308 code [0x000001f94f0c4400, 0x000001f94f0c5e48]
Event: 2233.989 Thread 0x000001f9631e1d10 29556       3       jdk.internal.classfile.impl.DirectCodeBuilder::iload (32 bytes)
Event: 2233.989 Thread 0x000001f9631e1d10 nmethod 29556 0x000001f94f41b088 code [0x000001f94f41b180, 0x000001f94f41b400]
Event: 2234.019 Thread 0x000001f9631e1d10 29557       3       com.google.common.reflect.TypeResolver$TypeTable$1::<init> (20 bytes)
Event: 2234.020 Thread 0x000001f9631e1d10 nmethod 29557 0x000001f94f189e88 code [0x000001f94f189f80, 0x000001f94f18a320]
Event: 2234.021 Thread 0x000001f9631e1d10 29558       3       jdk.internal.reflect.MethodHandleIntegerFieldAccessorImpl::set (134 bytes)
Event: 2234.024 Thread 0x000001f9631e1d10 nmethod 29558 0x000001f94ecc5208 code [0x000001f94ecc5300, 0x000001f94ecc73c0]
Event: 2234.114 Thread 0x000001f9631e1d10 29559       1       java.text.DecimalFormatSymbols::getLocale (5 bytes)
Event: 2234.114 Thread 0x000001f9631e1d10 nmethod 29559 0x000001f956b70488 code [0x000001f956b70580, 0x000001f956b70648]
Event: 2234.127 Thread 0x000001f9631e1d10 29560       3       java.util.Formatter::<init> (15 bytes)
Event: 2234.127 Thread 0x000001f9631e1d10 nmethod 29560 0x000001f94f425108 code [0x000001f94f425200, 0x000001f94f425420]
Event: 2234.127 Thread 0x000001f9631e1d10 29561       3       java.util.Formatter::format (11 bytes)
Event: 2234.128 Thread 0x000001f9631e1d10 nmethod 29561 0x000001f94fa42308 code [0x000001f94fa42400, 0x000001f94fa425c0]
Event: 2234.128 Thread 0x000001f9631e1d10 29562       3       java.util.Formatter::toString (14 bytes)
Event: 2234.128 Thread 0x000001f9631e1d10 nmethod 29562 0x000001f94f7ab388 code [0x000001f94f7ab480, 0x000001f94f7ab758]

GC Heap Usage History (20 events):
Event: 2200.132 {heap Before GC invocations=75 (full 0):
 garbage-first heap   total reserved 2097152K, committed 393216K, used 302004K [0x0000000080000000, 0x0000000100000000)
  region size 1024K, 75 young (76800K), 11 survivors (11264K)
}
Event: 2200.174 {heap After GC invocations=76 (full 0):
 garbage-first heap   total reserved 2097152K, committed 393216K, used 264192K [0x0000000080000000, 0x0000000100000000)
  region size 1024K, 10 young (10240K), 10 survivors (10240K)
}
Event: 2202.480 {heap Before GC invocations=76 (full 0):
 garbage-first heap   total reserved 2097152K, committed 393216K, used 345088K [0x0000000080000000, 0x0000000100000000)
  region size 1024K, 88 young (90112K), 10 survivors (10240K)
}
Event: 2202.514 {heap After GC invocations=77 (full 0):
 garbage-first heap   total reserved 2097152K, committed 393216K, used 289792K [0x0000000080000000, 0x0000000100000000)
  region size 1024K, 11 young (11264K), 11 survivors (11264K)
}
Event: 2204.817 {heap Before GC invocations=77 (full 0):
 garbage-first heap   total reserved 2097152K, committed 393216K, used 349184K [0x0000000080000000, 0x0000000100000000)
  region size 1024K, 70 young (71680K), 11 survivors (11264K)
}
Event: 2204.842 {heap After GC invocations=78 (full 0):
 garbage-first heap   total reserved 2097152K, committed 393216K, used 274458K [0x0000000080000000, 0x0000000100000000)
  region size 1024K, 3 young (3072K), 3 survivors (3072K)
}
Event: 2207.889 {heap Before GC invocations=78 (full 0):
 garbage-first heap   total reserved 2097152K, committed 393216K, used 353306K [0x0000000080000000, 0x0000000100000000)
  region size 1024K, 76 young (77824K), 3 survivors (3072K)
}
Event: 2207.903 {heap After GC invocations=79 (full 0):
 garbage-first heap   total reserved 2097152K, committed 393216K, used 278101K [0x0000000080000000, 0x0000000100000000)
  region size 1024K, 7 young (7168K), 7 survivors (7168K)
}
Event: 2209.408 {heap Before GC invocations=79 (full 0):
 garbage-first heap   total reserved 2097152K, committed 393216K, used 320085K [0x0000000080000000, 0x0000000100000000)
  region size 1024K, 49 young (50176K), 7 survivors (7168K)
}
Event: 2209.419 {heap After GC invocations=80 (full 0):
 garbage-first heap   total reserved 2097152K, committed 393216K, used 281160K [0x0000000080000000, 0x0000000100000000)
  region size 1024K, 8 young (8192K), 8 survivors (8192K)
}
Event: 2212.599 {heap Before GC invocations=81 (full 0):
 garbage-first heap   total reserved 2097152K, committed 393216K, used 303688K [0x0000000080000000, 0x0000000100000000)
  region size 1024K, 84 young (86016K), 8 survivors (8192K)
}
Event: 2212.618 {heap After GC invocations=82 (full 0):
 garbage-first heap   total reserved 2097152K, committed 393216K, used 229376K [0x0000000080000000, 0x0000000100000000)
  region size 1024K, 11 young (11264K), 11 survivors (11264K)
}
Event: 2213.714 {heap Before GC invocations=82 (full 0):
 garbage-first heap   total reserved 2097152K, committed 393216K, used 345088K [0x0000000080000000, 0x0000000100000000)
  region size 1024K, 123 young (125952K), 11 survivors (11264K)
}
Event: 2213.774 {heap After GC invocations=83 (full 0):
 garbage-first heap   total reserved 2097152K, committed 403456K, used 232960K [0x0000000080000000, 0x0000000100000000)
  region size 1024K, 16 young (16384K), 16 survivors (16384K)
}
Event: 2218.859 {heap Before GC invocations=83 (full 0):
 garbage-first heap   total reserved 2097152K, committed 403456K, used 339456K [0x0000000080000000, 0x0000000100000000)
  region size 1024K, 119 young (121856K), 16 survivors (16384K)
}
Event: 2218.903 {heap After GC invocations=84 (full 0):
 garbage-first heap   total reserved 2097152K, committed 403456K, used 249856K [0x0000000080000000, 0x0000000100000000)
  region size 1024K, 15 young (15360K), 15 survivors (15360K)
}
Event: 2222.800 {heap Before GC invocations=84 (full 0):
 garbage-first heap   total reserved 2097152K, committed 403456K, used 346112K [0x0000000080000000, 0x0000000100000000)
  region size 1024K, 109 young (111616K), 15 survivors (15360K)
}
Event: 2222.821 {heap After GC invocations=85 (full 0):
 garbage-first heap   total reserved 2097152K, committed 403456K, used 256235K [0x0000000080000000, 0x0000000100000000)
  region size 1024K, 5 young (5120K), 5 survivors (5120K)
}
Event: 2226.804 {heap Before GC invocations=86 (full 0):
 garbage-first heap   total reserved 2097152K, committed 429056K, used 371947K [0x0000000080000000, 0x0000000100000000)
  region size 1024K, 101 young (103424K), 5 survivors (5120K)
}
Event: 2226.816 {heap After GC invocations=87 (full 0):
 garbage-first heap   total reserved 2097152K, committed 429056K, used 259880K [0x0000000080000000, 0x0000000100000000)
  region size 1024K, 9 young (9216K), 9 survivors (9216K)
}

Metaspace Usage History (20 events):
Event: 2200.132 {metaspace Before GC invocations=75 (full 0):
 Metaspace       used 215155K, committed 216576K, reserved 1245184K
  class space    used 29448K, committed 30080K, reserved 1048576K
}
Event: 2200.174 {metaspace After GC invocations=76 (full 0):
 Metaspace       used 215155K, committed 216576K, reserved 1245184K
  class space    used 29448K, committed 30080K, reserved 1048576K
}
Event: 2202.480 {metaspace Before GC invocations=76 (full 0):
 Metaspace       used 215536K, committed 216960K, reserved 1245184K
  class space    used 29466K, committed 30080K, reserved 1048576K
}
Event: 2202.514 {metaspace After GC invocations=77 (full 0):
 Metaspace       used 215536K, committed 216960K, reserved 1245184K
  class space    used 29466K, committed 30080K, reserved 1048576K
}
Event: 2204.817 {metaspace Before GC invocations=77 (full 0):
 Metaspace       used 220509K, committed 221888K, reserved 1245184K
  class space    used 30047K, committed 30656K, reserved 1048576K
}
Event: 2204.842 {metaspace After GC invocations=78 (full 0):
 Metaspace       used 220509K, committed 221888K, reserved 1245184K
  class space    used 30047K, committed 30656K, reserved 1048576K
}
Event: 2207.889 {metaspace Before GC invocations=78 (full 0):
 Metaspace       used 224646K, committed 226048K, reserved 1245184K
  class space    used 30640K, committed 31296K, reserved 1048576K
}
Event: 2207.903 {metaspace After GC invocations=79 (full 0):
 Metaspace       used 224646K, committed 226048K, reserved 1245184K
  class space    used 30640K, committed 31296K, reserved 1048576K
}
Event: 2209.408 {metaspace Before GC invocations=79 (full 0):
 Metaspace       used 227352K, committed 228800K, reserved 1310720K
  class space    used 31012K, committed 31680K, reserved 1048576K
}
Event: 2209.419 {metaspace After GC invocations=80 (full 0):
 Metaspace       used 227352K, committed 228800K, reserved 1310720K
  class space    used 31012K, committed 31680K, reserved 1048576K
}
Event: 2212.599 {metaspace Before GC invocations=81 (full 0):
 Metaspace       used 228306K, committed 229696K, reserved 1310720K
  class space    used 31113K, committed 31744K, reserved 1048576K
}
Event: 2212.618 {metaspace After GC invocations=82 (full 0):
 Metaspace       used 228306K, committed 229696K, reserved 1310720K
  class space    used 31113K, committed 31744K, reserved 1048576K
}
Event: 2213.714 {metaspace Before GC invocations=82 (full 0):
 Metaspace       used 228671K, committed 230080K, reserved 1310720K
  class space    used 31125K, committed 31744K, reserved 1048576K
}
Event: 2213.774 {metaspace After GC invocations=83 (full 0):
 Metaspace       used 228671K, committed 230080K, reserved 1310720K
  class space    used 31125K, committed 31744K, reserved 1048576K
}
Event: 2218.859 {metaspace Before GC invocations=83 (full 0):
 Metaspace       used 233827K, committed 235264K, reserved 1310720K
  class space    used 31603K, committed 32256K, reserved 1048576K
}
Event: 2218.903 {metaspace After GC invocations=84 (full 0):
 Metaspace       used 233827K, committed 235264K, reserved 1310720K
  class space    used 31603K, committed 32256K, reserved 1048576K
}
Event: 2222.800 {metaspace Before GC invocations=84 (full 0):
 Metaspace       used 240701K, committed 242176K, reserved 1310720K
  class space    used 32798K, committed 33472K, reserved 1048576K
}
Event: 2222.821 {metaspace After GC invocations=85 (full 0):
 Metaspace       used 240701K, committed 242176K, reserved 1310720K
  class space    used 32798K, committed 33472K, reserved 1048576K
}
Event: 2226.804 {metaspace Before GC invocations=86 (full 0):
 Metaspace       used 241966K, committed 243520K, reserved 1310720K
  class space    used 32979K, committed 33664K, reserved 1048576K
}
Event: 2226.817 {metaspace After GC invocations=87 (full 0):
 Metaspace       used 241966K, committed 243520K, reserved 1310720K
  class space    used 32979K, committed 33664K, reserved 1048576K
}

Dll operation events (3 events):
Event: 0.192 Loaded shared library C:\Program Files\Android\Android Studio\jbr\bin\java.dll
Event: 0.319 Loaded shared library C:\Program Files\Android\Android Studio\jbr\bin\zip.dll
Event: 7.173 Loaded shared library C:\Program Files\Android\Android Studio\jbr\bin\verify.dll

Deoptimization events (20 events):
Event: 2233.637 Thread 0x000001f96af1db80 Uncommon trap: trap_request=0xfffffff4 fr.pc=0x000001f956c5af5c relative=0x0000000000000f5c
Event: 2233.637 Thread 0x000001f96af1db80 Uncommon trap: reason=null_check action=make_not_entrant pc=0x000001f956c5af5c method=org.gradle.api.internal.collections.CollectionFilter.filter(Ljava/lang/Object;)Ljava/lang/Object; @ 5 c2
Event: 2233.637 Thread 0x000001f96af1db80 DEOPT PACKING pc=0x000001f956c5af5c sp=0x0000004dc63f9550
Event: 2233.637 Thread 0x000001f96af1db80 DEOPT UNPACKING pc=0x000001f95610aa82 sp=0x0000004dc63f9560 mode 2
Event: 2233.698 Thread 0x000001f96af1db80 Uncommon trap: trap_request=0xffffffc6 fr.pc=0x000001f956987c28 relative=0x00000000000058a8
Event: 2233.698 Thread 0x000001f96af1db80 Uncommon trap: reason=bimorphic_or_optimized_type_check action=maybe_recompile pc=0x000001f956987c28 method=org.gradle.tooling.internal.adapter.ProtocolToModelAdapter$ViewKey.hashCode()I @ 11 c2
Event: 2233.698 Thread 0x000001f96af1db80 DEOPT PACKING pc=0x000001f956987c28 sp=0x0000004dc63fa700
Event: 2233.698 Thread 0x000001f96af1db80 DEOPT UNPACKING pc=0x000001f95610aa82 sp=0x0000004dc63fa518 mode 2
Event: 2233.705 Thread 0x000001f96af1db80 Uncommon trap: trap_request=0xffffffc6 fr.pc=0x000001f956987c28 relative=0x00000000000058a8
Event: 2233.705 Thread 0x000001f96af1db80 Uncommon trap: reason=bimorphic_or_optimized_type_check action=maybe_recompile pc=0x000001f956987c28 method=org.gradle.tooling.internal.adapter.ProtocolToModelAdapter$ViewKey.hashCode()I @ 11 c2
Event: 2233.705 Thread 0x000001f96af1db80 DEOPT PACKING pc=0x000001f956987c28 sp=0x0000004dc63fa5e0
Event: 2233.705 Thread 0x000001f96af1db80 DEOPT UNPACKING pc=0x000001f95610aa82 sp=0x0000004dc63fa3f8 mode 2
Event: 2233.710 Thread 0x000001f96af1db80 Uncommon trap: trap_request=0xffffff45 fr.pc=0x000001f956e7c9b4 relative=0x00000000000039b4
Event: 2233.710 Thread 0x000001f96af1db80 Uncommon trap: reason=unstable_if action=reinterpret pc=0x000001f956e7c9b4 method=org.gradle.tooling.internal.adapter.ProtocolToModelAdapter$InvocationHandlerImpl.invoke(Ljava/lang/Object;Ljava/lang/reflect/Method;[Ljava/lang/Object;)Ljava/lang/Object; @ 
Event: 2233.710 Thread 0x000001f96af1db80 DEOPT PACKING pc=0x000001f956e7c9b4 sp=0x0000004dc63faee0
Event: 2233.710 Thread 0x000001f96af1db80 DEOPT UNPACKING pc=0x000001f95610aa82 sp=0x0000004dc63faf50 mode 2
Event: 2233.769 Thread 0x000001f96af1db80 Uncommon trap: trap_request=0xffffffc6 fr.pc=0x000001f956987c28 relative=0x00000000000058a8
Event: 2233.769 Thread 0x000001f96af1db80 Uncommon trap: reason=bimorphic_or_optimized_type_check action=maybe_recompile pc=0x000001f956987c28 method=org.gradle.tooling.internal.adapter.ProtocolToModelAdapter$ViewKey.hashCode()I @ 11 c2
Event: 2233.769 Thread 0x000001f96af1db80 DEOPT PACKING pc=0x000001f956987c28 sp=0x0000004dc63fa940
Event: 2233.769 Thread 0x000001f96af1db80 DEOPT UNPACKING pc=0x000001f95610aa82 sp=0x0000004dc63fa758 mode 2

Classes loaded (20 events):
Event: 2179.170 Loading class java/beans/PropertyChangeSupport$PropertyChangeListenerMap
Event: 2179.170 Loading class java/beans/ChangeListenerMap
Event: 2179.172 Loading class java/beans/ChangeListenerMap done
Event: 2179.172 Loading class java/beans/PropertyChangeSupport$PropertyChangeListenerMap done
Event: 2179.913 Loading class java/util/regex/Pattern$Bound
Event: 2179.913 Loading class java/util/regex/Pattern$Bound done
Event: 2184.636 Loading class java/util/PriorityQueue
Event: 2184.639 Loading class java/util/PriorityQueue done
Event: 2185.752 Loading class java/text/StringCharacterIterator
Event: 2185.753 Loading class java/text/CharacterIterator
Event: 2185.754 Loading class java/text/CharacterIterator done
Event: 2185.754 Loading class java/text/StringCharacterIterator done
Event: 2186.536 Loading class java/util/AbstractList$RandomAccessSubList
Event: 2186.537 Loading class java/util/AbstractList$SubList
Event: 2186.537 Loading class java/util/AbstractList$SubList done
Event: 2186.537 Loading class java/util/AbstractList$RandomAccessSubList done
Event: 2187.793 Loading class java/util/AbstractList$SubList$1
Event: 2187.793 Loading class java/util/AbstractList$SubList$1 done
Event: 2197.561 Loading class java/util/zip/ZipInputStream
Event: 2197.564 Loading class java/util/zip/ZipInputStream done

Classes unloaded (20 events):
Event: 2180.092 Thread 0x000001f963160190 Unloading class 0x000000001b1d4c00 'java/lang/invoke/LambdaForm$MH+0x000000001b1d4c00'
Event: 2180.092 Thread 0x000001f963160190 Unloading class 0x000000001b1d4800 'java/lang/invoke/LambdaForm$MH+0x000000001b1d4800'
Event: 2180.092 Thread 0x000001f963160190 Unloading class 0x000000001b1d4400 'java/lang/invoke/LambdaForm$MH+0x000000001b1d4400'
Event: 2180.092 Thread 0x000001f963160190 Unloading class 0x000000001b1d4000 'java/lang/invoke/LambdaForm$BMH+0x000000001b1d4000'
Event: 2180.092 Thread 0x000001f963160190 Unloading class 0x000000001b1a5000 'java/lang/invoke/LambdaForm$MH+0x000000001b1a5000'
Event: 2180.092 Thread 0x000001f963160190 Unloading class 0x000000001b1a4c00 'java/lang/invoke/LambdaForm$MH+0x000000001b1a4c00'
Event: 2180.092 Thread 0x000001f963160190 Unloading class 0x000000001b1a4800 'java/lang/invoke/LambdaForm$MH+0x000000001b1a4800'
Event: 2180.092 Thread 0x000001f963160190 Unloading class 0x000000001b190800 'java/lang/invoke/LambdaForm$MH+0x000000001b190800'
Event: 2180.092 Thread 0x000001f963160190 Unloading class 0x000000001b190400 'java/lang/invoke/LambdaForm$MH+0x000000001b190400'
Event: 2180.092 Thread 0x000001f963160190 Unloading class 0x000000001b18dc00 'java/lang/invoke/LambdaForm$MH+0x000000001b18dc00'
Event: 2180.092 Thread 0x000001f963160190 Unloading class 0x000000001b18d800 'java/lang/invoke/LambdaForm$MH+0x000000001b18d800'
Event: 2180.092 Thread 0x000001f963160190 Unloading class 0x000000001b18cc00 'java/lang/invoke/LambdaForm$MH+0x000000001b18cc00'
Event: 2180.092 Thread 0x000001f963160190 Unloading class 0x000000001b121000 'java/lang/invoke/LambdaForm$MH+0x000000001b121000'
Event: 2180.092 Thread 0x000001f963160190 Unloading class 0x000000001b120c00 'java/lang/invoke/LambdaForm$MH+0x000000001b120c00'
Event: 2180.092 Thread 0x000001f963160190 Unloading class 0x000000001b120000 'java/lang/invoke/LambdaForm$MH+0x000000001b120000'
Event: 2180.092 Thread 0x000001f963160190 Unloading class 0x000000001b081c00 'java/lang/invoke/LambdaForm$MH+0x000000001b081c00'
Event: 2180.092 Thread 0x000001f963160190 Unloading class 0x000000001b081800 'java/lang/invoke/LambdaForm$MH+0x000000001b081800'
Event: 2180.092 Thread 0x000001f963160190 Unloading class 0x000000001b081400 'java/lang/invoke/LambdaForm$MH+0x000000001b081400'
Event: 2180.092 Thread 0x000001f963160190 Unloading class 0x000000001b080400 'java/lang/invoke/LambdaForm$MH+0x000000001b080400'
Event: 2199.705 Thread 0x000001f963160190 Unloading class 0x000000001c439000 'java/lang/invoke/LambdaForm$MH+0x000000001c439000'

Classes redefined (0 events):
No events

Internal exceptions (20 events):
Event: 2234.249 Thread 0x000001f96af1db80 Exception <a 'sun/nio/fs/WindowsException'{0x0000000093435760}> (0x0000000093435760) 
thrown [s\src\hotspot\share\prims\jni.cpp, line 535]
Event: 2234.251 Thread 0x000001f96af1db80 Exception <a 'sun/nio/fs/WindowsException'{0x000000009343f850}> (0x000000009343f850) 
thrown [s\src\hotspot\share\prims\jni.cpp, line 535]
Event: 2234.253 Thread 0x000001f96af1db80 Exception <a 'sun/nio/fs/WindowsException'{0x0000000093449ca8}> (0x0000000093449ca8) 
thrown [s\src\hotspot\share\prims\jni.cpp, line 535]
Event: 2234.254 Thread 0x000001f96af1db80 Exception <a 'sun/nio/fs/WindowsException'{0x0000000093454be0}> (0x0000000093454be0) 
thrown [s\src\hotspot\share\prims\jni.cpp, line 535]
Event: 2234.256 Thread 0x000001f96af1db80 Exception <a 'sun/nio/fs/WindowsException'{0x000000009345f408}> (0x000000009345f408) 
thrown [s\src\hotspot\share\prims\jni.cpp, line 535]
Event: 2234.258 Thread 0x000001f96af1db80 Exception <a 'sun/nio/fs/WindowsException'{0x0000000093469748}> (0x0000000093469748) 
thrown [s\src\hotspot\share\prims\jni.cpp, line 535]
Event: 2234.259 Thread 0x000001f96af1db80 Exception <a 'sun/nio/fs/WindowsException'{0x0000000093479570}> (0x0000000093479570) 
thrown [s\src\hotspot\share\prims\jni.cpp, line 535]
Event: 2234.260 Thread 0x000001f96af1db80 Exception <a 'sun/nio/fs/WindowsException'{0x0000000093485368}> (0x0000000093485368) 
thrown [s\src\hotspot\share\prims\jni.cpp, line 535]
Event: 2234.261 Thread 0x000001f96af1db80 Exception <a 'sun/nio/fs/WindowsException'{0x000000009348f6d8}> (0x000000009348f6d8) 
thrown [s\src\hotspot\share\prims\jni.cpp, line 535]
Event: 2234.262 Thread 0x000001f96af1db80 Exception <a 'sun/nio/fs/WindowsException'{0x0000000093499c78}> (0x0000000093499c78) 
thrown [s\src\hotspot\share\prims\jni.cpp, line 535]
Event: 2234.263 Thread 0x000001f96af1db80 Exception <a 'sun/nio/fs/WindowsException'{0x00000000934a3e50}> (0x00000000934a3e50) 
thrown [s\src\hotspot\share\prims\jni.cpp, line 535]
Event: 2234.264 Thread 0x000001f96af1db80 Exception <a 'sun/nio/fs/WindowsException'{0x00000000934b0810}> (0x00000000934b0810) 
thrown [s\src\hotspot\share\prims\jni.cpp, line 535]
Event: 2234.266 Thread 0x000001f96af1db80 Exception <a 'sun/nio/fs/WindowsException'{0x00000000934c6620}> (0x00000000934c6620) 
thrown [s\src\hotspot\share\prims\jni.cpp, line 535]
Event: 2234.268 Thread 0x000001f96af1db80 Exception <a 'sun/nio/fs/WindowsException'{0x00000000934daa68}> (0x00000000934daa68) 
thrown [s\src\hotspot\share\prims\jni.cpp, line 535]
Event: 2234.269 Thread 0x000001f96af1db80 Exception <a 'sun/nio/fs/WindowsException'{0x00000000934e3398}> (0x00000000934e3398) 
thrown [s\src\hotspot\share\prims\jni.cpp, line 535]
Event: 2234.270 Thread 0x000001f96af1db80 Exception <a 'sun/nio/fs/WindowsException'{0x00000000934ee188}> (0x00000000934ee188) 
thrown [s\src\hotspot\share\prims\jni.cpp, line 535]
Event: 2234.272 Thread 0x000001f96af1db80 Exception <a 'sun/nio/fs/WindowsException'{0x00000000934f6e88}> (0x00000000934f6e88) 
thrown [s\src\hotspot\share\prims\jni.cpp, line 535]
Event: 2234.275 Thread 0x000001f96af1db80 Exception <a 'sun/nio/fs/WindowsException'{0x0000000092a02a08}> (0x0000000092a02a08) 
thrown [s\src\hotspot\share\prims\jni.cpp, line 535]
Event: 2234.277 Thread 0x000001f96af1db80 Exception <a 'sun/nio/fs/WindowsException'{0x0000000092a10a40}> (0x0000000092a10a40) 
thrown [s\src\hotspot\share\prims\jni.cpp, line 535]
Event: 2234.278 Thread 0x000001f96af1db80 Exception <a 'sun/nio/fs/WindowsException'{0x0000000092a18680}> (0x0000000092a18680) 
thrown [s\src\hotspot\share\prims\jni.cpp, line 535]

VM Operations (20 events):
Event: 2216.853 Executing non-safepoint VM operation: HandshakeAllThreads (Deoptimize)
Event: 2216.853 Executing non-safepoint VM operation: HandshakeAllThreads (Deoptimize) done
Event: 2217.464 Executing non-safepoint VM operation: HandshakeAllThreads (Deoptimize)
Event: 2217.465 Executing non-safepoint VM operation: HandshakeAllThreads (Deoptimize) done
Event: 2217.528 Executing non-safepoint VM operation: HandshakeAllThreads (Deoptimize)
Event: 2217.529 Executing non-safepoint VM operation: HandshakeAllThreads (Deoptimize) done
Event: 2218.859 Executing safepoint VM operation: G1CollectForAllocation (G1 Evacuation Pause)
Event: 2218.904 Executing safepoint VM operation: G1CollectForAllocation (G1 Evacuation Pause) done
Event: 2222.800 Executing safepoint VM operation: G1CollectForAllocation (G1 Evacuation Pause)
Event: 2222.821 Executing safepoint VM operation: G1CollectForAllocation (G1 Evacuation Pause) done
Event: 2223.206 Executing safepoint VM operation: G1PauseRemark
Event: 2223.245 Executing safepoint VM operation: G1PauseRemark done
Event: 2223.365 Executing safepoint VM operation: G1PauseCleanup
Event: 2223.365 Executing safepoint VM operation: G1PauseCleanup done
Event: 2225.852 Executing non-safepoint VM operation: HandshakeAllThreads (HandshakeForDeflation)
Event: 2225.853 Executing non-safepoint VM operation: HandshakeAllThreads (HandshakeForDeflation) done
Event: 2225.853 Executing non-safepoint VM operation: RendezvousGCThreads
Event: 2225.853 Executing non-safepoint VM operation: RendezvousGCThreads done
Event: 2226.804 Executing safepoint VM operation: G1CollectForAllocation (G1 Evacuation Pause)
Event: 2226.817 Executing safepoint VM operation: G1CollectForAllocation (G1 Evacuation Pause) done

Memory protections (0 events):
No events

Nmethod flushes (20 events):
Event: 2223.238 Thread 0x000001f963160190 flushing  nmethod 0x000001f94fec3f08
Event: 2223.238 Thread 0x000001f963160190 flushing  nmethod 0x000001f94fec9108
Event: 2223.238 Thread 0x000001f963160190 flushing  nmethod 0x000001f94fec9408
Event: 2223.238 Thread 0x000001f963160190 flushing  nmethod 0x000001f94fec9708
Event: 2223.238 Thread 0x000001f963160190 flushing  nmethod 0x000001f94ff16c08
Event: 2223.238 Thread 0x000001f963160190 flushing  nmethod 0x000001f94ff17b08
Event: 2223.238 Thread 0x000001f963160190 flushing  nmethod 0x000001f94ff18388
Event: 2223.238 Thread 0x000001f963160190 flushing  nmethod 0x000001f94ff18888
Event: 2223.238 Thread 0x000001f963160190 flushing  nmethod 0x000001f94ff18c88
Event: 2223.238 Thread 0x000001f963160190 flushing  nmethod 0x000001f94ff19308
Event: 2223.238 Thread 0x000001f963160190 flushing  nmethod 0x000001f94ff19688
Event: 2223.238 Thread 0x000001f963160190 flushing  nmethod 0x000001f94ff19a88
Event: 2223.238 Thread 0x000001f963160190 flushing  nmethod 0x000001f94ff19e08
Event: 2223.238 Thread 0x000001f963160190 flushing  nmethod 0x000001f94ff1b688
Event: 2223.238 Thread 0x000001f963160190 flushing  nmethod 0x000001f94ff1c608
Event: 2223.238 Thread 0x000001f963160190 flushing  nmethod 0x000001f94ff1d108
Event: 2223.238 Thread 0x000001f963160190 flushing  nmethod 0x000001f94ff1d708
Event: 2223.238 Thread 0x000001f963160190 flushing  nmethod 0x000001f94ff1e088
Event: 2223.238 Thread 0x000001f963160190 flushing  nmethod 0x000001f94ff89408
Event: 2223.238 Thread 0x000001f963160190 flushing  nmethod 0x000001f94ffe7b08

Events (20 events):
Event: 2174.745 Thread 0x000001f96cb8bc50 Thread exited: 0x000001f96cb8bc50
Event: 2177.144 Thread 0x000001f96af1db80 Thread added: 0x000001f96ca18940
Event: 2177.144 Thread 0x000001f96af1db80 Thread added: 0x000001f96cb2f7d0
Event: 2177.198 Thread 0x000001f96cb2f7d0 Thread added: 0x000001f973168230
Event: 2209.153 Thread 0x000001f9631dd4f0 Thread added: 0x000001f9731018d0
Event: 2209.972 Thread 0x000001f9731018d0 Thread exited: 0x000001f9731018d0
Event: 2223.461 Thread 0x000001f96af1db80 Thread added: 0x000001f972ab2830
Event: 2223.524 Thread 0x000001f972ab2830 Thread exited: 0x000001f972ab2830
Event: 2223.538 Thread 0x000001f96af1db80 Thread added: 0x000001f96ca198e0
Event: 2223.540 Thread 0x000001f96ca198e0 Thread added: 0x000001f97345d810
Event: 2223.540 Thread 0x000001f96ca198e0 Thread added: 0x000001f97345c0a0
Event: 2223.541 Thread 0x000001f96ca198e0 Thread added: 0x000001f97345c870
Event: 2223.541 Thread 0x000001f96ca198e0 Thread added: 0x000001f97345e7b0
Event: 2223.541 Thread 0x000001f96ca198e0 Thread added: 0x000001f97345ef80
Event: 2223.541 Thread 0x000001f96ca198e0 Thread added: 0x000001f972d40740
Event: 2223.541 Thread 0x000001f96ca198e0 Thread added: 0x000001f972d40f10
Event: 2223.547 Thread 0x000001f97345d810 Thread added: 0x000001f979bab770
Event: 2223.572 Thread 0x000001f96af1db80 Thread added: 0x000001f969cbafa0
Event: 2233.467 Thread 0x000001f9631e1d10 Thread added: 0x000001f973adfdb0
Event: 2233.636 Thread 0x000001f96ca1b820 Thread exited: 0x000001f96ca1b820


Dynamic libraries:
0x00007ff764030000 - 0x00007ff76403a000 	C:\Program Files\Android\Android Studio\jbr\bin\java.exe
0x00007ffb78040000 - 0x00007ffb782a7000 	C:\windows\SYSTEM32\ntdll.dll
0x00007ffb76c50000 - 0x00007ffb76d1b000 	C:\windows\System32\KERNEL32.DLL
0x00007ffb754e0000 - 0x00007ffb758e2000 	C:\windows\System32\KERNELBASE.dll
0x00007ffb75a70000 - 0x00007ffb75bbc000 	C:\windows\System32\ucrtbase.dll
0x00007ffb6dda0000 - 0x00007ffb6ddbb000 	C:\Program Files\Android\Android Studio\jbr\bin\VCRUNTIME140.dll
0x00007ffb3ab30000 - 0x00007ffb3ab46000 	C:\Program Files\Android\Android Studio\jbr\bin\jli.dll
0x00007ffb77740000 - 0x00007ffb7790f000 	C:\windows\System32\USER32.dll
0x00007ffb75980000 - 0x00007ffb759a7000 	C:\windows\System32\win32u.dll
0x00007ffb76560000 - 0x00007ffb7658b000 	C:\windows\System32\GDI32.dll
0x00007ffb75240000 - 0x00007ffb75369000 	C:\windows\System32\gdi32full.dll
0x00007ffb75430000 - 0x00007ffb754d3000 	C:\windows\System32\msvcp_win.dll
0x00007ffb641c0000 - 0x00007ffb64450000 	C:\windows\WinSxS\amd64_microsoft.windows.common-controls_6595b64144ccf1df_6.0.26100.9278_none_3e0d1ba8e3303201\COMCTL32.dll
0x00007ffb763d0000 - 0x00007ffb76479000 	C:\windows\System32\msvcrt.dll
0x00007ffb75e10000 - 0x00007ffb75e41000 	C:\windows\System32\IMM32.DLL
0x00007ffb6f200000 - 0x00007ffb6f20c000 	C:\Program Files\Android\Android Studio\jbr\bin\vcruntime140_1.dll
0x00007ffb2d2c0000 - 0x00007ffb2d34d000 	C:\Program Files\Android\Android Studio\jbr\bin\msvcp140.dll
0x00007ffa8cd90000 - 0x00007ffa8dc6a000 	C:\Program Files\Android\Android Studio\jbr\bin\server\jvm.dll
0x00007ffb76d20000 - 0x00007ffb76ddc000 	C:\windows\System32\ADVAPI32.dll
0x00007ffb75d60000 - 0x00007ffb75e09000 	C:\windows\System32\sechost.dll
0x00007ffb77e50000 - 0x00007ffb77f68000 	C:\windows\System32\RPCRT4.dll
0x00007ffb77920000 - 0x00007ffb779a0000 	C:\windows\System32\WS2_32.dll
0x00007ffb750c0000 - 0x00007ffb7511e000 	C:\windows\SYSTEM32\POWRPROF.dll
0x00007ffb6c600000 - 0x00007ffb6c636000 	C:\windows\SYSTEM32\WINMM.dll
0x00007ffb6c8a0000 - 0x00007ffb6c8ab000 	C:\windows\SYSTEM32\VERSION.dll
0x00007ffb750a0000 - 0x00007ffb750b5000 	C:\windows\SYSTEM32\UMPDC.dll
0x00007ffb73ef0000 - 0x00007ffb73f0b000 	C:\windows\SYSTEM32\kernel.appcore.dll
0x00007ffb61b30000 - 0x00007ffb61b3a000 	C:\Program Files\Android\Android Studio\jbr\bin\jimage.dll
0x00007ffb6c640000 - 0x00007ffb6c88c000 	C:\windows\SYSTEM32\DBGHELP.DLL
0x00007ffb77ac0000 - 0x00007ffb77e45000 	C:\windows\System32\combase.dll
0x00007ffb76480000 - 0x00007ffb76559000 	C:\windows\System32\OLEAUT32.dll
0x00007ffb64760000 - 0x00007ffb6479b000 	C:\windows\SYSTEM32\dbgcore.DLL
0x00007ffb75370000 - 0x00007ffb7541c000 	C:\windows\System32\bcryptPrimitives.dll
0x00007ffb5a130000 - 0x00007ffb5a13e000 	C:\Program Files\Android\Android Studio\jbr\bin\instrument.dll
0x00007ffb45a90000 - 0x00007ffb45aaf000 	C:\Program Files\Android\Android Studio\jbr\bin\java.dll
0x00007ffb76620000 - 0x00007ffb767ba000 	C:\windows\System32\ole32.dll
0x00007ffb76df0000 - 0x00007ffb77588000 	C:\windows\System32\SHELL32.dll
0x00007ffb45a70000 - 0x00007ffb45a87000 	C:\Program Files\Android\Android Studio\jbr\bin\zip.dll
0x00007ffb72c80000 - 0x00007ffb7352e000 	C:\windows\SYSTEM32\windows.storage.dll
0x00007ffb77590000 - 0x00007ffb7768b000 	C:\windows\System32\SHCORE.dll
0x00007ffb76190000 - 0x00007ffb761f6000 	C:\windows\System32\shlwapi.dll
0x00007ffb75160000 - 0x00007ffb75189000 	C:\windows\SYSTEM32\profapi.dll
0x00007ffb61a90000 - 0x00007ffb61aa0000 	C:\Program Files\Android\Android Studio\jbr\bin\net.dll
0x00007ffb744d0000 - 0x00007ffb7453c000 	C:\windows\system32\mswsock.dll
0x00007ffb45a50000 - 0x00007ffb45a66000 	C:\Program Files\Android\Android Studio\jbr\bin\nio.dll
0x00007ffb5a3b0000 - 0x00007ffb5a3c0000 	C:\Program Files\Android\Android Studio\jbr\bin\verify.dll
0x00007ffb33100000 - 0x00007ffb33127000 	C:\Users\ADVAN\.gradle\native\660c5614fbf4a5f2a75b1949f50a0caf5cd603558e7d8a26e50b933a0cfb79d1\windows-amd64\native-platform.dll
0x00007ffb2e680000 - 0x00007ffb2e6f7000 	C:\Users\ADVAN\.gradle\native\0.2.8\x86_64-windows-gnu\gradle-fileevents.dll
0x00007ffb5ccd0000 - 0x00007ffb5ccd9000 	C:\Program Files\Android\Android Studio\jbr\bin\management.dll
0x00007ffb5b040000 - 0x00007ffb5b04b000 	C:\Program Files\Android\Android Studio\jbr\bin\management_ext.dll
0x00007ffb776b0000 - 0x00007ffb776b8000 	C:\windows\System32\PSAPI.DLL
0x00007ffb73880000 - 0x00007ffb738b3000 	C:\windows\SYSTEM32\IPHLPAPI.DLL
0x00007ffb77ab0000 - 0x00007ffb77aba000 	C:\windows\System32\NSI.dll
0x00007ffb5d1a0000 - 0x00007ffb5d1a9000 	C:\Program Files\Android\Android Studio\jbr\bin\extnet.dll
0x00007ffb747c0000 - 0x00007ffb747db000 	C:\windows\SYSTEM32\CRYPTSP.dll
0x00007ffb73e50000 - 0x00007ffb73e89000 	C:\windows\system32\rsaenh.dll
0x00007ffb74580000 - 0x00007ffb745b4000 	C:\windows\SYSTEM32\USERENV.dll
0x00007ffb75130000 - 0x00007ffb7515a000 	C:\windows\SYSTEM32\bcrypt.dll
0x00007ffb747e0000 - 0x00007ffb747ec000 	C:\windows\SYSTEM32\CRYPTBASE.dll
0x00007ffb5d3c0000 - 0x00007ffb5d3c8000 	C:\windows\system32\wshunix.dll
0x00007ffb73910000 - 0x00007ffb73a68000 	C:\windows\SYSTEM32\DNSAPI.dll
0x00007ffb742d0000 - 0x00007ffb742dd000 	C:\windows\SYSTEM32\DSPARSE.dll
0x00007ffb69b40000 - 0x00007ffb69b4b000 	C:\Windows\System32\rasadhlp.dll
0x00007ffb6a490000 - 0x00007ffb6a516000 	C:\windows\System32\fwpuclnt.dll

JVMTI agents:
C:\Users\ADVAN\.gradle\wrapper\dists\gradle-9.5.0-bin\bvnork1r7n8i6kp5cnkibsc9q\gradle-9.5.0\lib\agents\gradle-instrumentation-agent-9.5.0.jar path:C:\Program Files\Android\Android Studio\jbr\bin\instrument.dll, loaded, initialized, instrumentlib options:none

dbghelp: loaded successfully - version: 4.0.5 - missing functions: none
symbol engine: initialized successfully - sym options: 0x614 - pdb path: .;C:\Program Files\Android\Android Studio\jbr\bin;C:\windows\SYSTEM32;C:\windows\WinSxS\amd64_microsoft.windows.common-controls_6595b64144ccf1df_6.0.26100.9278_none_3e0d1ba8e3303201;C:\Program Files\Android\Android Studio\jbr\bin\server;C:\Users\ADVAN\.gradle\native\660c5614fbf4a5f2a75b1949f50a0caf5cd603558e7d8a26e50b933a0cfb79d1\windows-amd64;C:\Users\ADVAN\.gradle\native\0.2.8\x86_64-windows-gnu

VM Arguments:
jvm_args: --add-opens=java.base/java.lang=ALL-UNNAMED --add-opens=java.base/java.lang.invoke=ALL-UNNAMED --add-opens=java.base/java.util=ALL-UNNAMED --add-opens=java.prefs/java.util.prefs=ALL-UNNAMED --add-exports=jdk.compiler/com.sun.tools.javac.api=ALL-UNNAMED --add-exports=jdk.compiler/com.sun.tools.javac.util=ALL-UNNAMED --add-opens=java.base/java.nio.charset=ALL-UNNAMED --add-opens=java.base/java.net=ALL-UNNAMED --add-opens=java.base/java.util.concurrent=ALL-UNNAMED --add-opens=java.base/java.util.concurrent.atomic=ALL-UNNAMED --add-opens=java.xml/javax.xml.namespace=ALL-UNNAMED --add-opens=java.base/java.time=ALL-UNNAMED --enable-native-access=ALL-UNNAMED -Xmx2048m -Dfile.encoding=UTF-8 -Duser.country=US -Duser.language=en -Duser.variant -javaagent:C:\Users\ADVAN\.gradle\wrapper\dists\gradle-9.5.0-bin\bvnork1r7n8i6kp5cnkibsc9q\gradle-9.5.0\lib\agents\gradle-instrumentation-agent-9.5.0.jar 
java_command: org.gradle.launcher.daemon.bootstrap.GradleDaemon 9.5.0
java_class_path (initial): C:\Users\ADVAN\.gradle\wrapper\dists\gradle-9.5.0-bin\bvnork1r7n8i6kp5cnkibsc9q\gradle-9.5.0\lib\gradle-daemon-main-9.5.0.jar
Launcher Type: SUN_STANDARD

[Global flags]
     intx CICompilerCount                          = 4                                         {product} {ergonomic}
     uint ConcGCThreads                            = 2                                         {product} {ergonomic}
     uint G1ConcRefinementThreads                  = 8                                         {product} {ergonomic}
   size_t G1HeapRegionSize                         = 1048576                                   {product} {ergonomic}
   size_t InitialHeapSize                          = 130023424                                 {product} {ergonomic}
   size_t MarkStackSize                            = 4194304                                   {product} {ergonomic}
   size_t MarkStackSizeMax                         = 536870912                                 {product} {ergonomic}
   size_t MaxHeapSize                              = 2147483648                                {product} {command line}
   size_t MaxNewSize                               = 1287651328                                {product} {ergonomic}
   size_t MinHeapDeltaBytes                        = 1048576                                   {product} {ergonomic}
   size_t MinHeapSize                              = 8388608                                   {product} {ergonomic}
    uintx NonNMethodCodeHeapSize                   = 5832704                                {pd product} {ergonomic}
    uintx NonProfiledCodeHeapSize                  = 122945536                              {pd product} {ergonomic}
    uintx ProfiledCodeHeapSize                     = 122880000                              {pd product} {ergonomic}
    uintx ReservedCodeCacheSize                    = 251658240                              {pd product} {ergonomic}
     bool SegmentedCodeCache                       = true                                      {product} {ergonomic}
   size_t SoftMaxHeapSize                          = 2147483648                             {manageable} {ergonomic}
     bool UseCompressedOops                        = true                           {product lp64_product} {ergonomic}
     bool UseG1GC                                  = true                                      {product} {ergonomic}
     bool UseLargePagesIndividualAllocation        = false                                  {pd product} {ergonomic}

Logging:
Log output configuration:
 #0: stdout all=warning uptime,level,tags foldmultilines=false
 #1: stderr all=off uptime,level,tags foldmultilines=false

Release file:
JAVA_VERSION="25.0.2" 
MODULES="java.base java.compiler java.datatransfer java.xml java.prefs java.desktop java.instrument java.logging java.management java.security.sasl java.naming java.rmi java.management.rmi java.net.http java.scripting java.security.jgss java.transaction.xa java.sql java.sql.rowset java.xml.crypto java.se java.smartcardio jdk.accessibility jdk.internal.jvmstat jdk.attach jdk.charsets jdk.internal.opt jdk.zipfs jdk.compiler jdk.crypto.cryptoki jdk.crypto.ec jdk.dynalink jdk.hotspot.agent jdk.httpserver jdk.internal.ed jdk.internal.le jdk.internal.md jdk.internal.vm.ci jdk.jartool jdk.javadoc jdk.jcmd jdk.jdeps jdk.jdwp.agent jdk.jdi jdk.jfr jdk.jlink jdk.localedata jdk.management jdk.management.agent jdk.management.jfr jdk.naming.dns jdk.naming.rmi jdk.net jdk.sctp jdk.security.auth jdk.security.jgss jdk.unsupported jdk.unsupported.desktop jdk.xml.dom" 
IMPLEMENTOR="JetBrains s.r.o." 
JAVA_RUNTIME_VERSION="25.0.2+-15348964-b329.117" 
LIBC="default" 
OS_ARCH="x86_64" 
OS_NAME="Windows" 
SOURCE=".:git:3cf398e84a39" 

Environment Variables:
PATH=C:\Program Files\Common Files\Oracle\Java\javapath;C:\windows\system32;C:\windows;C:\windows\System32\Wbem;C:\windows\System32\WindowsPowerShell\v1.0\;C:\windows\System32\OpenSSH\;C:\Program Files\Git\cmd;C:\Program Files\nodejs\;C:\ProgramData\ComposerSetup\bin;C:\Users\ADVAN\AppData\Local\hermes\node;C:\Users\ADVAN\AppData\Local\hermes\bin;C:\Users\ADVAN\AppData\Local\Programs\Python\Python314\Scripts\;C:\Users\ADVAN\AppData\Local\Programs\Python\Python314\;C:\Users\ADVAN\AppData\Local\Programs\Python\Launcher\;C:\Users\ADVAN\.local\bin;C:\Users\ADVAN\AppData\Local\Microsoft\WindowsApps;C:\Users\ADVAN\AppData\Local\Programs\Microsoft VS Code\bin;C:\Users\ADVAN\AppData\Roaming\npm;D:\LARAGON\bin\php\php-8.4.19-Win32-vs17-x64;C:\Users\ADVAN\AppData\Roaming\Composer\vendor\bin;C:\Users\ADVAN\AppData\Local\Microsoft\WinGet\Packages\BurntSushi.ripgrep.MSVC_Microsoft.Winget.Source_8wekyb3d8bbwe\ripgrep-15.2.0-x86_64-pc-windows-msvc;C:\Users\ADVAN\AppData\Local\Microsoft\WinGet\Packages\Gyan.FFmpeg_Microsoft.Winget.Source_8wekyb3d8bbwe\ffmpeg-9.0.1-full_build\bin;C:\Users\ADVAN\AppData\Local\Programs\Cua\cua-driver\bin
USERNAME=ADVAN
OS=Windows_NT
PROCESSOR_IDENTIFIER=AMD64 Family 23 Model 24 Stepping 1, AuthenticAMD
TMP=C:\Users\ADVAN\AppData\Local\Temp
TEMP=C:\Users\ADVAN\AppData\Local\Temp




Compilation memory statistics disabled.

Periodic native trim disabled

JNI global refs:
JNI global refs: 24, weak refs: 11

JNI global refs memory usage: 835, weak refs: 833

Process memory usage:
Resident Set Size: 626100K (7% of 8071712K total physical memory with 466028K free physical memory)

OOME stack traces (most recent first):
Classloader memory used:
Loader org.gradle.internal.classloader.VisitableURLClassLoader                         : 116 M
Loader org.gradle.internal.classloader.VisitableURLClassLoader$InstrumentingVisitableURLClassLoader: 53101 K
Loader bootstrap                                                                       : 31262 K
Loader org.gradle.internal.classloader.VisitableURLClassLoader                         : 17112 K
Loader org.gradle.initialization.MixInLegacyTypesClassLoader                           : 14268 K
Loader jdk.internal.loader.ClassLoaders$AppClassLoader                                 : 8031 K
Loader jdk.internal.loader.ClassLoaders$PlatformClassLoader                            : 585 K
Loader jdk.internal.jrtfs.JrtFileSystemProvider$JrtFsLoader                            : 326 K
Loader org.gradle.groovy.scripts.internal.DefaultScriptCompilationHandler$ScriptClassLoader: 121 K

Classes loaded by more than one classloader:
Class Program                                                                         : loaded 8 times (x 74B)
Class Build_gradle                                                                    : loaded 6 times (x 128B)
Class com.google.common.collect.Iterators                                             : loaded 6 times (x 73B)
Class com.google.common.collect.Lists$StringAsImmutableList                           : loaded 6 times (x 209B)
Class com.google.common.collect.UnmodifiableIterator                                  : loaded 6 times (x 82B)
Class com.google.common.collect.PeekingIterator                                       : loaded 6 times (x 72B)
Class com.google.common.collect.AbstractIterator                                      : loaded 6 times (x 84B)
Class com.google.common.collect.AbstractIndexedListIterator                           : loaded 6 times (x 98B)
Class com.google.common.base.Preconditions                                            : loaded 6 times (x 73B)
Class com.google.common.collect.UnmodifiableListIterator                              : loaded 6 times (x 97B)
Class com.google.common.collect.Iterators$ArrayItr                                    : loaded 6 times (x 99B)
Class com.google.common.collect.Iterators$SingletonIterator                           : loaded 6 times (x 83B)
Class com.google.common.collect.Iterators$MergingIterator                             : loaded 6 times (x 83B)
Class com.google.common.collect.ImmutableList                                         : loaded 6 times (x 208B)
Class com.google.common.collect.Iterators$1                                           : loaded 6 times (x 83B)
Class com.google.common.collect.Iterators$9                                           : loaded 6 times (x 83B)
Class com.google.common.collect.Iterators$4                                           : loaded 6 times (x 84B)
Class com.google.common.collect.Iterators$5                                           : loaded 6 times (x 84B)
Class com.google.common.collect.Lists                                                 : loaded 6 times (x 73B)
Class com.google.common.collect.ImmutableCollection                                   : loaded 6 times (x 127B)
Class com.google.common.base.CharMatcher$AnyOf                                        : loaded 5 times (x 114B)
Class com.google.common.base.CharMatcher$ForPredicate                                 : loaded 5 times (x 114B)
Class com.google.common.collect.ImmutableSet$CachingAsList                            : loaded 5 times (x 150B)
Class com.google.common.collect.SingletonImmutableSet                                 : loaded 5 times (x 148B)
Class com.google.common.collect.ImmutableAsList                                       : loaded 5 times (x 211B)
Class com.google.common.base.CharMatcher$IsNot                                        : loaded 5 times (x 113B)
Class com.google.common.collect.ImmutableList$ReverseImmutableList                    : loaded 5 times (x 211B)
Class com.google.common.collect.RegularImmutableList                                  : loaded 5 times (x 215B)
Class com.google.common.collect.ImmutableList$Builder                                 : loaded 5 times (x 79B)
Class com.google.common.base.CharMatcher$BitSetMatcher                                : loaded 5 times (x 114B)
Class com.google.common.collect.ImmutableSet                                          : loaded 5 times (x 147B)
Class com.google.common.base.CharMatcher$Or                                           : loaded 5 times (x 114B)
Class com.google.common.base.CharMatcher$FastMatcher                                  : loaded 5 times (x 113B)
Class com.google.common.base.Predicate                                                : loaded 5 times (x 72B)
Class com.google.common.base.CharMatcher$NegatedFastMatcher                           : loaded 5 times (x 115B)
Class com.google.common.collect.RegularImmutableSet                                   : loaded 5 times (x 150B)
Class com.google.common.collect.SingletonImmutableList                                : loaded 5 times (x 209B)
Class com.google.common.collect.ImmutableSet$RegularSetBuilderImpl                    : loaded 5 times (x 78B)
Class com.google.common.collect.ImmutableCollection$Builder                           : loaded 5 times (x 78B)
Class com.google.common.base.CharMatcher$Negated                                      : loaded 5 times (x 115B)
Class com.google.common.base.CharMatcher$Is                                           : loaded 5 times (x 113B)
Class com.google.common.base.Joiner                                                   : loaded 5 times (x 82B)
Class com.google.common.base.Joiner$1                                                 : loaded 5 times (x 83B)
Class com.google.common.base.CharMatcher$And                                          : loaded 5 times (x 114B)
Class com.google.common.base.CharMatcher                                              : loaded 5 times (x 113B)
Class com.google.common.base.Joiner$2                                                 : loaded 5 times (x 82B)
Class com.google.common.base.CharMatcher$1                                            : loaded 5 times (x 115B)
Class com.google.common.base.CharMatcher$NamedFastMatcher                             : loaded 5 times (x 114B)
Class com.google.common.collect.ImmutableList$1                                       : loaded 5 times (x 99B)
Class com.google.common.base.CharMatcher$InRange                                      : loaded 5 times (x 113B)
Class com.google.common.collect.RegularImmutableAsList                                : loaded 5 times (x 219B)
Class com.google.common.base.CharMatcher$IsEither                                     : loaded 5 times (x 113B)
Class com.google.common.base.Function                                                 : loaded 5 times (x 72B)
Class com.google.common.collect.ImmutableSet$SetBuilderImpl                           : loaded 5 times (x 78B)
Class com.google.common.collect.ImmutableList$SubList                                 : loaded 5 times (x 211B)
Class org.gradle.kotlin.dsl.VersionCatalogAccessorsKt                                 : loaded 4 times (x 73B)
Class com.android.builder.model.v2.CustomSourceDirectory                              : loaded 4 times (x 72B)
Class com.android.ide.common.repository.AgpVersion                                    : loaded 4 times (x 77B)
Class com.android.builder.model.v2.models.ProjectSyncIssues                           : loaded 4 times (x 72B)
Class com.google.common.collect.Multimap                                              : loaded 4 times (x 72B)
Class com.android.builder.model.v2.models.AndroidProject                              : loaded 4 times (x 72B)
Class com.android.utils.StringHelper                                                  : loaded 4 times (x 73B)
Class com.android.builder.model.v2.AndroidModel                                       : loaded 4 times (x 72B)
Class com.android.ide.common.gradle.Part                                              : loaded 4 times (x 79B)
Class com.google.common.collect.Lists$RandomAccessReverseList                         : loaded 4 times (x 202B)
Class com.android.builder.model.v2.ide.SyncIssue                                      : loaded 4 times (x 72B)
Class com.android.builder.model.v2.models.Versions                                    : loaded 4 times (x 72B)
Class com.android.builder.model.v2.models.ndk.NativeModule                            : loaded 4 times (x 72B)
Class com.android.ide.common.repository.AgpVersion$PreviewKind$Companion              : loaded 4 times (x 73B)
Class com.google.common.collect.Lists$ReverseList                                     : loaded 4 times (x 202B)
Class org.jetbrains.kotlin.tooling.core.HasExtras                                     : loaded 4 times (x 72B)
Class com.android.builder.model.v2.ide.ProjectType                                    : loaded 4 times (x 81B)
Class com.android.builder.model.v2.models.BasicAndroidProject                         : loaded 4 times (x 72B)
Class com.google.common.collect.Lists$ReverseList$1                                   : loaded 4 times (x 101B)
Class com.google.common.collect.ForwardingObject                                      : loaded 4 times (x 74B)
Class org.jetbrains.kotlin.tooling.core.Extras                                        : loaded 4 times (x 72B)
Class com.android.ide.common.gradle.Numeric                                           : loaded 4 times (x 79B)
Class com.android.ide.common.gradle.Separator                                         : loaded 4 times (x 81B)
Class [Lcom.android.builder.model.v2.ide.ProjectType;                                 : loaded 4 times (x 71B)
Class com.android.ide.common.gradle.Version$Companion$ParseState                      : loaded 4 times (x 72B)
Class com.android.builder.model.v2.models.AndroidDsl                                  : loaded 4 times (x 72B)
Class com.android.ide.common.repository.AgpVersion$Companion                          : loaded 4 times (x 73B)
Class org.gradle.internal.Cast                                                        : loaded 4 times (x 73B)
Class org.gradle.api.Action                                                           : loaded 4 times (x 72B)
Class [Lcom.android.ide.common.repository.AgpVersion$PreviewKind;                     : loaded 4 times (x 71B)
Class com.android.ide.common.gradle.Version$Companion                                 : loaded 4 times (x 73B)
Class com.android.builder.model.v2.models.ndk.NativeModelBuilderParameter             : loaded 4 times (x 72B)
Class org.gradle.api.GradleException                                                  : loaded 4 times (x 84B)
Class com.android.ide.common.gradle.Version                                           : loaded 4 times (x 77B)
Class com.android.builder.model.v2.models.Versions$Version                            : loaded 4 times (x 72B)
Class [Lcom.android.ide.common.gradle.Separator;                                      : loaded 4 times (x 71B)
Class org.jetbrains.kotlin.tooling.core.HasMutableExtras                              : loaded 4 times (x 72B)
Class org.gradle.internal.IoActions                                                   : loaded 4 times (x 73B)
Class com.android.builder.model.v2.models.VariantDependencies                         : loaded 4 times (x 72B)
Class com.android.ide.common.gradle.Version$Companion$ParseState$EMPTY                : loaded 4 times (x 76B)
Class com.android.builder.model.v2.models.ProjectGraph                                : loaded 4 times (x 72B)
Class com.android.ide.common.gradle.Version$Companion$ParseState$NUMERIC              : loaded 4 times (x 76B)
Class com.android.ide.common.repository.AgpVersion$PreviewKind                        : loaded 4 times (x 81B)
Class com.android.builder.model.v2.models.VariantDependenciesFlatList                 : loaded 4 times (x 72B)
Class com.android.builder.model.v2.models.VariantDependenciesAdjacencyList            : loaded 4 times (x 72B)
Class com.google.gson.Gson$2                                                          : loaded 3 times (x 78B)
Class com.google.common.collect.ImmutableSet$EmptySetBuilderImpl                      : loaded 3 times (x 78B)
Class com.google.common.collect.Maps$KeySet                                           : loaded 3 times (x 139B)
Class kotlin.jvm.internal.markers.KMappedMarker                                       : loaded 3 times (x 72B)
Class org.gradle.internal.time.Timer                                                  : loaded 3 times (x 72B)
Class com.android.builder.model.v2.ide.SourceSetContainer                             : loaded 3 times (x 72B)
Class org.jetbrains.plugins.gradle.model.GradleExtension                              : loaded 3 times (x 72B)
Class com.amazon.ion.IonBufferConfiguration$Builder                                   : loaded 3 times (x 80B)
Class com.amazon.ion.impl.lite.IonDecimalLite                                         : loaded 3 times (x 191B)
Class com.amazon.ion.impl.bin.IonManagedBinaryWriter$UserState$2                      : loaded 3 times (x 87B)
Class com.amazon.ion.impl._Private_IonValue                                           : loaded 3 times (x 72B)
Class com.google.gson.ToNumberPolicy$3                                                : loaded 3 times (x 85B)
Class com.google.common.cache.LocalCache$EntryFactory$6                               : loaded 3 times (x 85B)
Class kotlin.sequences.FilteringSequence$iterator$1                                   : loaded 3 times (x 81B)
Class [Lcom.amazon.ion.impl.bin.IonManagedBinaryWriter$SymbolState;                   : loaded 3 times (x 71B)
Class com.android.ide.gradle.model.GradlePluginModel                                  : loaded 3 times (x 72B)
Class kotlin.jvm.internal.CollectionToArray                                           : loaded 3 times (x 73B)
Class kotlin.io.FilesKt__FileTreeWalkKt                                               : loaded 3 times (x 73B)
Class kotlin.sequences.SequencesKt__SequenceBuilderKt                                 : loaded 3 times (x 73B)
Class kotlin.collections.CollectionsKt__ReversedViewsKt                               : loaded 3 times (x 73B)
Class com.intellij.gradle.toolingExtension.impl.model.sourceSetModel.GradleSourceSetSerialisationService$Companion: loaded 3 times (x 73B)
Class org.gradle.tooling.model.build.JavaEnvironment                                  : loaded 3 times (x 72B)
Class com.google.common.collect.ReverseOrdering                                       : loaded 3 times (x 117B)
Class com.android.builder.model.v2.ide.Edge                                           : loaded 3 times (x 72B)
Class com.amazon.ion.impl.bin.IonRawBinaryWriter$PreallocationMode$3                  : loaded 3 times (x 83B)
Class com.google.gson.ToNumberPolicy$2                                                : loaded 3 times (x 85B)
Class com.google.common.cache.LocalCache$EntryFactory$7                               : loaded 3 times (x 85B)
Class com.google.common.cache.LocalCache$EntryFactory$5                               : loaded 3 times (x 85B)
Class com.google.gson.ToNumberPolicy$4                                                : loaded 3 times (x 85B)
Class org.jetbrains.kotlin.idea.gradleTooling.PrepareKotlinIdeImportTaskModel         : loaded 3 times (x 72B)
Class org.gradle.tooling.model.HasGradleProject                                       : loaded 3 times (x 72B)
Class org.gradle.tooling.model.BuildableElement                                       : loaded 3 times (x 72B)
Class com.android.builder.model.v2.ide.VectorDrawablesOptions                         : loaded 3 times (x 72B)
Class com.amazon.ion.impl.bin.IonRawBinaryWriter$PreallocationMode$2                  : loaded 3 times (x 83B)
Class com.amazon.ion.IonInt                                                           : loaded 3 times (x 72B)
Class com.google.gson.internal.Excluder                                               : loaded 3 times (x 77B)
Class [Lcom.google.gson.FieldNamingStrategy;                                          : loaded 3 times (x 71B)
Class com.google.gson.ToNumberPolicy$1                                                : loaded 3 times (x 85B)
Class com.amazon.ion.impl._Private_IonWriterBase                                      : loaded 3 times (x 164B)
Class com.google.common.cache.LocalCache$EntryFactory$4                               : loaded 3 times (x 85B)
Class com.google.common.collect.ImmutableSet$Builder                                  : loaded 3 times (x 87B)
Class kotlin.NoWhenBranchMatchedException                                             : loaded 3 times (x 84B)
Class org.jetbrains.kotlin.idea.gradleTooling.KotlinMPPGradleModel                    : loaded 3 times (x 72B)
Class io.opentelemetry.context.propagation.ContextPropagators                         : loaded 3 times (x 72B)
Class org.gradle.tooling.model.BuildIdentifier                                        : loaded 3 times (x 72B)
Class com.intellij.gradle.toolingExtension.impl.model.dependencyDownloadPolicyModel.GradleDependencyDownloadPolicy: loaded 3 times (x 72B)
Class [Lcom.amazon.ion.impl.bin._Private_IonManagedBinaryWriterBuilder$AllocatorMode; : loaded 3 times (x 71B)
Class com.amazon.ion.impl.bin.IonRawBinaryWriter$PreallocationMode$1                  : loaded 3 times (x 83B)
Class com.amazon.ion.impl._Private_ValueFactory                                       : loaded 3 times (x 72B)
Class com.amazon.ion.impl.lite.IonClobLite                                            : loaded 3 times (x 223B)
Class com.google.common.collect.ImmutableMapEntrySet$RegularEntrySet                  : loaded 3 times (x 154B)
Class com.google.common.collect.Maps$BiMapConverter                                   : loaded 3 times (x 92B)
Class com.google.gson.internal.bind.NumberTypeAdapter                                 : loaded 3 times (x 76B)
Class com.google.common.base.Ticker$1                                                 : loaded 3 times (x 74B)
Class com.google.common.cache.LocalCache$EntryFactory$3                               : loaded 3 times (x 85B)
Class org.objectweb.asm.ModuleWriter                                                  : loaded 3 times (x 83B)
Class com.google.common.collect.ImmutableEnumSet                                      : loaded 3 times (x 148B)
Class org.jetbrains.plugins.gradle.model.DependencyAccessorsModel                     : loaded 3 times (x 72B)
Class gnu.trove.TObjectIntHashMap                                                     : loaded 3 times (x 111B)
Class [Lcom.intellij.openapi.externalSystem.model.project.dependencies.ResolutionState;: loaded 3 times (x 71B)
Class kotlin.jvm.internal.CallableReference$NoReceiver                                : loaded 3 times (x 73B)
Class com.amazon.ion.impl.bin.IonManagedBinaryWriter$UserState$1                      : loaded 3 times (x 87B)
Class com.google.common.collect.RangeSet                                              : loaded 3 times (x 72B)
Class kotlin.text.StringsKt__StringBuilderKt                                          : loaded 3 times (x 73B)
Class com.amazon.ion.impl.lite.IonNullLite                                            : loaded 3 times (x 178B)
Class com.google.gson.internal.bind.JsonAdapterAnnotationTypeAdapterFactory           : loaded 3 times (x 77B)
Class com.google.common.util.concurrent.ExecutionError                                : loaded 3 times (x 84B)
Class kotlinx.coroutines.flow.internal.AbstractSharedFlow                             : loaded 3 times (x 76B)
Class kotlinx.coroutines.flow.CancellableFlow                                         : loaded 3 times (x 72B)
Class com.google.common.cache.LocalCache$EntryFactory$2                               : loaded 3 times (x 85B)
Class org.jetbrains.plugins.gradle.tooling.serialization.AnnotationProcessingModelSerializationService: loaded 3 times (x 79B)
Class com.google.gson.JsonObject                                                      : loaded 3 times (x 95B)
Class kotlin.collections.ArraysKt__ArraysJVMKt                                        : loaded 3 times (x 73B)
Class com.amazon.ion.impl._Private_LocalSymbolTableFactory                            : loaded 3 times (x 72B)
Class com.amazon.ion.impl.bin.IonManagedBinaryWriter$UserState$3                      : loaded 3 times (x 87B)
Class com.amazon.ion.util.GzipStreamInterceptor                                       : loaded 3 times (x 87B)
Class com.amazon.ion.IonException                                                     : loaded 3 times (x 86B)
Class com.amazon.ion.impl.bin.IonManagedBinaryWriter$ImportedSymbolResolverMode$1$1$1 : loaded 3 times (x 78B)
Class com.amazon.ion.system.IonTextWriterBuilder                                      : loaded 3 times (x 99B)
Class kotlin.text.StringsKt__StringsKt                                                : loaded 3 times (x 73B)
Class kotlinx.coroutines.flow.SharedFlow                                              : loaded 3 times (x 72B)
Class com.amazon.ion.system.IonSystemBuilder                                          : loaded 3 times (x 77B)
Class com.amazon.ion.IonCatalog                                                       : loaded 3 times (x 72B)
Class [Lcom.google.common.cache.RemovalListener;                                      : loaded 3 times (x 71B)
Class org.gradle.tooling.model.build.GradleEnvironment                                : loaded 3 times (x 72B)
Class org.jetbrains.plugins.gradle.tooling.util.IntObjectMap$ObjectFactory            : loaded 3 times (x 72B)
Class org.gradle.tooling.internal.adapter.ProtocolToModelAdapter$InvocationHandlerImpl: loaded 3 times (x 79B)
Class [Lio.opentelemetry.api.trace.ImmutableTraceFlags;                               : loaded 3 times (x 71B)
Class com.google.common.cache.LocalCache$EntryFactory$1                               : loaded 3 times (x 85B)
Class [Lcom.amazon.ion.impl.bin.IonRawBinaryWriter$ContainerType;                     : loaded 3 times (x 71B)
Class org.objectweb.asm.MethodVisitor                                                 : loaded 3 times (x 107B)
Class org.objectweb.asm.Frame                                                         : loaded 3 times (x 75B)
Class kotlin.io.NoSuchFileException                                                   : loaded 3 times (x 84B)
Class com.android.builder.model.v2.ide.LintOptions                                    : loaded 3 times (x 72B)
Class org.gradle.internal.time.Time                                                   : loaded 3 times (x 73B)
Class io.opentelemetry.api.trace.TraceFlags                                           : loaded 3 times (x 72B)
Class org.jetbrains.plugins.gradle.tooling.serialization.ExternalTestsSerializationService: loaded 3 times (x 79B)
Class kotlin.coroutines.EmptyCoroutineContext                                         : loaded 3 times (x 79B)
Class kotlin.collections.SetsKt__SetsKt                                               : loaded 3 times (x 73B)
Class com.google.common.collect.ByFunctionOrdering                                    : loaded 3 times (x 117B)
Class com.android.builder.model.v2.dsl.DependenciesInfo                               : loaded 3 times (x 72B)
Class com.amazon.ion.IonSequence                                                      : loaded 3 times (x 72B)
Class com.amazon.ion.IonLob                                                           : loaded 3 times (x 72B)
Class com.amazon.ion.IonBlob                                                          : loaded 3 times (x 72B)
Class com.amazon.ion.impl.bin.IonRawBinaryWriter$PatchPoint                           : loaded 3 times (x 74B)
Class com.google.gson.stream.JsonReader                                               : loaded 3 times (x 99B)
Class com.google.common.collect.RegularImmutableMap$KeySet                            : loaded 3 times (x 154B)
Class kotlin.collections.CollectionsKt                                                : loaded 3 times (x 73B)
Class org.objectweb.asm.ClassTooLargeException                                        : loaded 3 times (x 84B)
Class org.objectweb.asm.CurrentFrame                                                  : loaded 3 times (x 75B)
Class org.objectweb.asm.Label                                                         : loaded 3 times (x 75B)
Class com.google.gson.internal.bind.ObjectTypeAdapter$1                               : loaded 3 times (x 78B)
Class org.gradle.tooling.model.HierarchicalElement                                    : loaded 3 times (x 72B)
Class io.opentelemetry.api.trace.PropagatedSpan                                       : loaded 3 times (x 114B)
Class com.intellij.gradle.toolingExtension.impl.model.projectModel.GradleExternalProjectSerializationService: loaded 3 times (x 79B)
Class kotlin.collections.ArraysKt                                                     : loaded 3 times (x 73B)
Class kotlin.collections.ArrayDeque$Companion                                         : loaded 3 times (x 73B)
Class kotlin.text.CharsKt__CharKt                                                     : loaded 3 times (x 73B)
Class com.android.builder.model.v2.ide.ProjectInfo                                    : loaded 3 times (x 72B)
Class com.google.gson.stream.MalformedJsonException                                   : loaded 3 times (x 84B)
Class com.google.common.collect.RegularImmutableMap                                   : loaded 3 times (x 122B)
Class com.google.common.collect.ImmutableMap$MapViewOfValuesAsSingletonSets           : loaded 3 times (x 128B)
Class com.amazon.ion.impl._Private_IonBinaryWriterBuilder$Mutable                     : loaded 3 times (x 117B)
Class com.amazon.ion.impl.bin.IonRawBinaryWriter$StreamCloseMode                      : loaded 3 times (x 81B)
Class com.amazon.ion.impl.bin.IonManagedBinaryWriter$UserState$4                      : loaded 3 times (x 87B)
Class com.amazon.ion.system.IonBinaryWriterBuilder                                    : loaded 3 times (x 101B)
Class com.google.common.base.Equivalence$Identity                                     : loaded 3 times (x 84B)
Class com.google.common.collect.Hashing                                               : loaded 3 times (x 73B)
Class kotlin.ranges.IntProgression$Companion                                          : loaded 3 times (x 73B)
Class com.google.gson.internal.LazilyParsedNumber                                     : loaded 3 times (x 80B)
Class com.android.builder.model.v2.ide.AndroidArtifact                                : loaded 3 times (x 72B)
Class com.google.common.base.Equivalence$Equals                                       : loaded 3 times (x 84B)
Class io.opentelemetry.context.ContextStorageProvider                                 : loaded 3 times (x 72B)
Class org.jetbrains.plugins.gradle.model.UnresolvedExternalDependency                 : loaded 3 times (x 72B)
Class org.jetbrains.plugins.gradle.model.GradleExtensions                             : loaded 3 times (x 72B)
Class org.jetbrains.plugins.gradle.model.AnnotationProcessingModel                    : loaded 3 times (x 72B)
Class org.gradle.tooling.internal.adapter.TargetTypeProvider                          : loaded 3 times (x 72B)
Class com.google.common.util.concurrent.AbstractFuture$Failure                        : loaded 3 times (x 74B)
Class com.google.common.base.PatternCompiler                                          : loaded 3 times (x 72B)
Class org.jetbrains.plugins.gradle.model.tests.ExternalTestsModel                     : loaded 3 times (x 72B)
Class org.gradle.internal.exceptions.DefaultMultiCauseException                       : loaded 3 times (x 97B)
Class io.opentelemetry.api.OpenTelemetry                                              : loaded 3 times (x 72B)
Class org.gradle.tooling.internal.adapter.WeakIdentityHashMap$WeakKey                 : loaded 3 times (x 82B)
Class org.gradle.tooling.internal.adapter.ProtocolToModelAdapter$SafeMethodInvoker    : loaded 3 times (x 78B)
Class org.gradle.tooling.model.idea.IdeaLanguageLevel                                 : loaded 3 times (x 72B)
Class kotlin.ranges.RangesKt___RangesKt                                               : loaded 3 times (x 73B)
Class com.android.ide.common.repository.AgpVersion$Companion$WhenMappings             : loaded 3 times (x 73B)
Class com.amazon.ion.IonDecimal                                                       : loaded 3 times (x 72B)
Class com.google.gson.internal.bind.DefaultDateTypeAdapter$DateType$1                 : loaded 3 times (x 75B)
Class com.google.common.base.PairwiseEquivalence                                      : loaded 3 times (x 85B)
Class com.intellij.gradle.toolingExtension.impl.model.utilTurnOffDefaultTasksModel.TurnOffDefaultTasks: loaded 3 times (x 72B)
Class com.google.common.cache.LocalCache$ValueReference                               : loaded 3 times (x 72B)
Class com.google.common.collect.RegularImmutableBiMap                                 : loaded 3 times (x 150B)
Class kotlin.KotlinNullPointerException                                               : loaded 3 times (x 84B)
Class kotlin.sequences.SequenceBuilderIterator                                        : loaded 3 times (x 87B)
Class kotlin.ranges.OpenEndRange                                                      : loaded 3 times (x 72B)
Class org.jetbrains.plugins.gradle.model.GradleConfiguration                          : loaded 3 times (x 72B)
Class com.amazon.ion.BufferConfiguration$OversizedValueHandler                        : loaded 3 times (x 72B)
Class com.amazon.ion.impl._Private_IonSystem                                          : loaded 3 times (x 72B)
Class com.amazon.ion.impl.bin.utf8.Utf8StringEncoderPool                              : loaded 3 times (x 76B)
Class kotlin.coroutines.jvm.internal.SpillingKt                                       : loaded 3 times (x 73B)
Class io.opentelemetry.api.trace.Span                                                 : loaded 3 times (x 72B)
Class [Lorg.objectweb.asm.Symbol;                                                     : loaded 3 times (x 71B)
Class org.objectweb.asm.ClassVisitor                                                  : loaded 3 times (x 90B)
Class org.gradle.tooling.model.gradle.GradleBuild                                     : loaded 3 times (x 72B)
Class org.gradle.tooling.model.ProjectModel                                           : loaded 3 times (x 72B)
Class com.intellij.gradle.toolingExtension.impl.model.dependencyModel.DependencyWriteContext: loaded 3 times (x 74B)
Class com.intellij.gradle.toolingExtension.impl.model.projectModel.GradleExternalProjectSerializationService$ReadContext: loaded 3 times (x 75B)
Class kotlin.collections.CollectionsKt__IterablesKt                                   : loaded 3 times (x 73B)
Class kotlin.coroutines.intrinsics.CoroutineSingletons                                : loaded 3 times (x 81B)
Class kotlin.collections.MapsKt                                                       : loaded 3 times (x 73B)
Class com.google.common.collect.RegularImmutableMap$BucketOverflowException           : loaded 3 times (x 84B)
Class com.google.gson.JsonNull                                                        : loaded 3 times (x 94B)
Class com.intellij.gradle.toolingExtension.impl.model.sourceSetModel.GradleSourceSetSerialisationService$SourceSetModelReadContext: loaded 3 times (x 74B)
Class com.google.gson.internal.bind.TypeAdapters$29                                   : loaded 3 times (x 77B)
Class com.google.gson.internal.bind.MapTypeAdapterFactory                             : loaded 3 times (x 77B)
Class com.google.gson.internal.bind.TypeAdapters$30                                   : loaded 3 times (x 78B)
Class com.google.gson.internal.bind.JsonTreeReader                                    : loaded 3 times (x 99B)
Class com.google.gson.TypeAdapterFactory                                              : loaded 3 times (x 72B)
Class [Lcom.google.common.cache.Weigher;                                              : loaded 3 times (x 71B)
Class org.objectweb.asm.MethodWriter                                                  : loaded 3 times (x 107B)
Class kotlin.jvm.internal.Intrinsics                                                  : loaded 3 times (x 73B)
Class org.gradle.internal.time.CountdownTimer                                         : loaded 3 times (x 72B)
Class com.intellij.util.ThrowableConsumer                                             : loaded 3 times (x 72B)
Class org.gradle.internal.exceptions.MultiCauseException                              : loaded 3 times (x 72B)
Class kotlin.coroutines.intrinsics.IntrinsicsKt                                       : loaded 3 times (x 73B)
Class kotlin.jvm.internal.markers.KMutableCollection                                  : loaded 3 times (x 72B)
Class com.android.builder.model.v2.ide.AaptOptions$Namespacing                        : loaded 3 times (x 81B)
Class com.android.utils.FileUtils                                                     : loaded 3 times (x 73B)
Class kotlin.reflect.KAnnotatedElement                                                : loaded 3 times (x 72B)
Class kotlin.collections.EmptyMap                                                     : loaded 3 times (x 110B)
Class kotlin.sequences.TransformingSequence                                           : loaded 3 times (x 77B)
Class org.gradle.tooling.internal.adapter.MethodInvocation                            : loaded 3 times (x 87B)
Class kotlin.text.MatcherMatchResult$groups$1                                         : loaded 3 times (x 153B)
Class io.opentelemetry.api.internal.OtelEncodingUtils                                 : loaded 3 times (x 73B)
Class org.gradle.internal.operations.MultipleBuildOperationFailures                   : loaded 3 times (x 97B)
Class com.android.builder.model.v2.ide.TestedTargetVariant                            : loaded 3 times (x 72B)
Class kotlin.ranges.IntRange$Companion                                                : loaded 3 times (x 73B)
Class com.amazon.ion.impl._Private_Utils                                              : loaded 3 times (x 73B)
Class [Lcom.google.gson.LongSerializationPolicy;                                      : loaded 3 times (x 71B)
Class com.google.common.cache.LoadingCache                                            : loaded 3 times (x 72B)
Class com.google.common.util.concurrent.AbstractFuture$TrustedFuture                  : loaded 3 times (x 116B)
Class com.google.common.cache.LocalCache$StrongEntry                                  : loaded 3 times (x 110B)
Class com.google.common.base.Platform$JdkPatternCompiler                              : loaded 3 times (x 77B)
Class com.intellij.gradle.toolingExtension.model.repositoryModel.ProjectRepositoriesModel: loaded 3 times (x 72B)
Class io.opentelemetry.context.propagation.NoopTextMapPropagator                      : loaded 3 times (x 78B)
Class gnu.trove.TObjectCanonicalHashingStrategy                                       : loaded 3 times (x 80B)
Class org.jetbrains.plugins.gradle.model.GradleProperty                               : loaded 3 times (x 72B)
Class com.google.common.collect.ImmutableRangeSet$ComplementRanges                    : loaded 3 times (x 209B)
Class com.amazon.ion.IonLoader                                                        : loaded 3 times (x 72B)
Class com.google.gson.FieldNamingPolicy$7                                             : loaded 3 times (x 85B)
Class com.google.gson.internal.bind.TypeAdapters$27                                   : loaded 3 times (x 77B)
Class com.google.common.cache.CacheLoader$InvalidCacheLoadException                   : loaded 3 times (x 84B)
Class io.opentelemetry.api.trace.TraceId                                              : loaded 3 times (x 73B)
Class org.objectweb.asm.SymbolTable                                                   : loaded 3 times (x 74B)
Class org.gradle.tooling.internal.adapter.ProtocolToModelAdapter$ViewGraphDetails     : loaded 3 times (x 74B)
Class kotlin.enums.EnumEntriesKt                                                      : loaded 3 times (x 73B)
Class org.gradle.tooling.model.idea.IdeaProject                                       : loaded 3 times (x 72B)
Class kotlin.collections.CollectionsKt__MutableCollectionsJVMKt                       : loaded 3 times (x 73B)
Class com.google.common.collect.NullsLastOrdering                                     : loaded 3 times (x 117B)
Class org.objectweb.asm.MethodTooLargeException                                       : loaded 3 times (x 84B)
Class kotlin.text.StringsKt___StringsKt                                               : loaded 3 times (x 73B)
Class com.amazon.ion.IonBool                                                          : loaded 3 times (x 72B)
Class com.amazon.ion.impl.bin.utf8.Utf8StringEncoder                                  : loaded 3 times (x 82B)
Class [Lcom.amazon.ion.impl.bin.IonManagedBinaryWriter$UserState;                     : loaded 3 times (x 71B)
Class com.google.gson.FieldNamingPolicy$6                                             : loaded 3 times (x 85B)
Class com.google.gson.internal.bind.TypeAdapters$26                                   : loaded 3 times (x 77B)
Class com.google.gson.internal.bind.ArrayTypeAdapter                                  : loaded 3 times (x 76B)
Class org.gradle.tooling.model.DomainObjectSet                                        : loaded 3 times (x 72B)
Class org.jetbrains.kotlin.util.capitalizeDecapitalize.CapitalizeDecapitalizeKt       : loaded 3 times (x 73B)
Class [Lcom.google.common.cache.CacheBuilder$OneWeigher;                              : loaded 3 times (x 71B)
Class com.google.common.base.Suppliers                                                : loaded 3 times (x 73B)
Class com.google.common.cache.LocalCache$AbstractReferenceEntry                       : loaded 3 times (x 109B)
Class org.gradle.tooling.internal.adapter.ProtocolToModelAdapter$ReflectionMethodInvoker: loaded 3 times (x 78B)
Class com.google.gson.internal.bind.JsonAdapterAnnotationTypeAdapterFactory$DummyTypeAdapterFactory: loaded 3 times (x 77B)
Class com.google.gson.internal.bind.TypeAdapters$31                                   : loaded 3 times (x 78B)
Class com.google.gson.JsonSyntaxException                                             : loaded 3 times (x 84B)
Class gnu.trove.TObjectHashingStrategy                                                : loaded 3 times (x 72B)
Class kotlin.collections.MapsKt__MapWithDefaultKt                                     : loaded 3 times (x 73B)
Class [Lcom.amazon.ion.impl.bin.IonRawBinaryWriter$StreamCloseMode;                   : loaded 3 times (x 71B)
Class com.amazon.ion.impl.lite.IonSymbolLite                                          : loaded 3 times (x 249B)
Class com.amazon.ion.impl.bin.IonManagedBinaryWriter$ImportedSymbolResolverMode$1     : loaded 3 times (x 82B)
Class com.amazon.ion.IonNumber                                                        : loaded 3 times (x 72B)
Class com.amazon.ion.impl.lite.IonTextLite                                            : loaded 3 times (x 184B)
Class com.amazon.ion.impl.lite.IonLobLite                                             : loaded 3 times (x 187B)
Class com.intellij.util.containers.IntObjectHashMap$ArrayProducer                     : loaded 3 times (x 72B)
Class io.opentelemetry.api.GlobalOpenTelemetry                                        : loaded 3 times (x 73B)
Class org.jetbrains.kotlin.idea.gradleTooling.AndroidAwareGradleModelProvider$Companion: loaded 3 times (x 73B)
Class com.google.gson.FieldNamingPolicy$5                                             : loaded 3 times (x 85B)
Class com.google.gson.internal.bind.TypeAdapters$25                                   : loaded 3 times (x 77B)
Class com.google.common.cache.LocalCache$EntryFactory                                 : loaded 3 times (x 85B)
Class io.opentelemetry.context.LazyStorage                                            : loaded 3 times (x 73B)
Class org.jetbrains.plugins.gradle.tooling.ModelBuilderService$Parameter              : loaded 3 times (x 72B)
Class kotlin.collections.ArraysKt___ArraysKt                                          : loaded 3 times (x 73B)
Class kotlin.collections.MapsKt___MapsKt                                              : loaded 3 times (x 73B)
Class kotlin.io.FilesKt                                                               : loaded 3 times (x 73B)
Class com.amazon.ion.IonClob                                                          : loaded 3 times (x 72B)
Class com.google.common.collect.SortedMapDifference                                   : loaded 3 times (x 72B)
Class com.google.gson.FieldNamingPolicy$4                                             : loaded 3 times (x 85B)
Class com.google.gson.internal.bind.TypeAdapters$24                                   : loaded 3 times (x 77B)
Class com.android.builder.model.v2.ide.ViewBindingOptions                             : loaded 3 times (x 72B)
Class org.jetbrains.plugins.gradle.model.AnnotationProcessingConfig                   : loaded 3 times (x 72B)
Class org.gradle.tooling.model.eclipse.HierarchicalEclipseProject                     : loaded 3 times (x 72B)
Class io.opentelemetry.api.trace.TraceState                                           : loaded 3 times (x 72B)
Class gnu.trove.Equality                                                              : loaded 3 times (x 72B)
Class kotlin.annotation.Retention                                                     : loaded 3 times (x 72B)
Class kotlin.reflect.KDeclarationContainer                                            : loaded 3 times (x 72B)
Class com.android.builder.model.v2.ide.ApiVersion                                     : loaded 3 times (x 72B)
Class kotlin.text.StringsKt___StringsJvmKt                                            : loaded 3 times (x 73B)
Class com.android.builder.model.v2.ide.AndroidLibraryData                             : loaded 3 times (x 72B)
Class com.amazon.ion.system.IonReaderBuilder                                          : loaded 3 times (x 97B)
Class com.amazon.ion.IonReader                                                        : loaded 3 times (x 72B)
Class com.google.common.collect.CollectPreconditions                                  : loaded 3 times (x 73B)
Class com.google.gson.FieldNamingPolicy$3                                             : loaded 3 times (x 85B)
Class com.google.gson.internal.bind.TypeAdapters$23                                   : loaded 3 times (x 77B)
Class com.google.common.cache.LocalCache$EntryFactory$8                               : loaded 3 times (x 85B)
Class org.gradle.tooling.internal.adapter.ViewBuilder                                 : loaded 3 times (x 72B)
Class org.gradle.tooling.model.idea.IdeaModuleDependency                              : loaded 3 times (x 72B)
Class org.gradle.internal.exceptions.NonGradleCauseExceptionsHolder                   : loaded 3 times (x 72B)
Class com.google.gson.internal.sql.SqlTypesSupport                                    : loaded 3 times (x 73B)
Class io.opentelemetry.api.trace.AutoValue_ArrayBasedTraceState                       : loaded 3 times (x 89B)
Class org.jetbrains.plugins.gradle.tooling.util.ObjectCollector$Processor             : loaded 3 times (x 72B)
Class com.google.gson.internal.bind.TypeAdapters$32                                   : loaded 3 times (x 78B)
Class gnu.trove.TObjectHash                                                           : loaded 3 times (x 96B)
Class kotlin.collections.CollectionsKt___CollectionsKt                                : loaded 3 times (x 73B)
Class kotlin.annotation.Target                                                        : loaded 3 times (x 72B)
Class com.amazon.ion.impl.bin.IonManagedBinaryWriter$ImportedSymbolResolverMode$2     : loaded 3 times (x 82B)
Class kotlin.collections.EmptySet                                                     : loaded 3 times (x 124B)
Class com.google.common.collect.ReverseNaturalOrdering                                : loaded 3 times (x 116B)
Class kotlin.text.MatcherMatchResult$groupValues$1                                    : loaded 3 times (x 200B)
Class kotlin.sequences.SequencesKt___SequencesKt                                      : loaded 3 times (x 73B)
Class kotlin.jvm.functions.Function4                                                  : loaded 3 times (x 72B)
Class io.opentelemetry.context.Scope                                                  : loaded 3 times (x 72B)
Class kotlin.collections.AbstractList$Companion                                       : loaded 3 times (x 73B)
Class com.amazon.ion.impl.bin.AbstractIonWriter                                       : loaded 3 times (x 162B)
Class com.google.common.collect.ImmutableEntry                                        : loaded 3 times (x 84B)
Class [Lcom.google.common.collect.AbstractMapEntry;                                   : loaded 3 times (x 71B)
Class com.google.gson.internal.Excluder$1                                             : loaded 3 times (x 76B)
Class com.google.gson.FieldNamingPolicy$2                                             : loaded 3 times (x 85B)
Class com.google.gson.internal.bind.TypeAdapters$22                                   : loaded 3 times (x 77B)
Class com.google.common.cache.CacheBuilder$3                                          : loaded 3 times (x 74B)
Class com.google.common.collect.ArrayListMultimap                                     : loaded 3 times (x 173B)
Class org.gradle.tooling.internal.adapter.WeakIdentityHashMap$AbsentValueProvider     : loaded 3 times (x 72B)
Class io.opentelemetry.api.trace.TracerProvider                                       : loaded 3 times (x 72B)
Class com.android.ide.gradle.model.dependencies.Coordinates                           : loaded 3 times (x 72B)
Class kotlin.collections.MapsKt___MapsJvmKt                                           : loaded 3 times (x 73B)
Class com.google.common.collect.AbstractRangeSet                                      : loaded 3 times (x 116B)
Class com.amazon.ion.impl.SymbolTableAsStruct                                         : loaded 3 times (x 72B)
Class com.amazon.ion.impl._Private_Utils$1                                            : loaded 3 times (x 100B)
Class com.amazon.ion.impl.lite.IonSequenceLite                                        : loaded 3 times (x 434B)
Class com.google.gson.FieldNamingPolicy$1                                             : loaded 3 times (x 85B)
Class com.google.gson.internal.bind.TypeAdapters$21                                   : loaded 3 times (x 77B)
Class com.google.gson.internal.bind.ReflectiveTypeAdapterFactory$BoundField           : loaded 3 times (x 77B)
Class com.google.common.cache.CacheBuilder$2                                          : loaded 3 times (x 81B)
Class com.google.common.cache.LocalCache                                              : loaded 3 times (x 188B)
Class io.opentelemetry.api.trace.ArrayBasedTraceStateBuilder                          : loaded 3 times (x 79B)
Class org.jetbrains.plugins.gradle.model.GradleSourceSetModel                         : loaded 3 times (x 72B)
Class com.intellij.gradle.toolingExtension.impl.model.sourceSetDependencyModel.GradleSourceSetDependencySerialisationService: loaded 3 times (x 79B)
Class org.jetbrains.plugins.gradle.tooling.serialization.internal.IdeaProjectSerializationService$WriteContext: loaded 3 times (x 74B)
Class kotlin.jvm.functions.Function2                                                  : loaded 3 times (x 72B)
Class kotlin.KotlinNothingValueException                                              : loaded 3 times (x 84B)
Class com.amazon.ion.impl.bin.BlockAllocatorProvider                                  : loaded 3 times (x 74B)
Class com.google.common.collect.ImmutableMap                                          : loaded 3 times (x 122B)
Class com.google.gson.internal.bind.TypeAdapters$20                                   : loaded 3 times (x 77B)
Class com.google.gson.Gson$3                                                          : loaded 3 times (x 77B)
Class com.google.common.cache.CacheBuilder$1                                          : loaded 3 times (x 87B)
Class [Lcom.google.common.cache.LocalCache$Strength;                                  : loaded 3 times (x 71B)
Class [Lcom.google.common.cache.LocalCache$Segment;                                   : loaded 3 times (x 71B)
Class com.google.gson.Gson                                                            : loaded 3 times (x 74B)
Class kotlin.jvm.functions.Function1                                                  : loaded 3 times (x 72B)
Class kotlin.collections.AbstractMutableList                                          : loaded 3 times (x 208B)
Class com.android.builder.model.v2.ide.AaptOptions                                    : loaded 3 times (x 72B)
Class [Lcom.android.builder.model.v2.ide.BytecodeTransformation;                      : loaded 3 times (x 71B)
Class com.amazon.ion.impl.bin.AbstractIonWriter$WriteValueOptimization                : loaded 3 times (x 81B)
Class com.google.gson.internal.sql.SqlTimeTypeAdapter                                 : loaded 3 times (x 76B)
Class com.google.gson.internal.bind.TreeTypeAdapter                                   : loaded 3 times (x 77B)
Class kotlin.ranges.IntProgressionIterator                                            : loaded 3 times (x 84B)
Class com.google.common.base.Ticker                                                   : loaded 3 times (x 74B)
Class com.amazon.ion.impl.bin.utf8.Utf8StringEncoder$Result                           : loaded 3 times (x 76B)
Class com.google.gson.internal.bind.ObjectTypeAdapter                                 : loaded 3 times (x 76B)
Class org.objectweb.asm.Handler                                                       : loaded 3 times (x 74B)
Class com.google.common.collect.Sets                                                  : loaded 3 times (x 73B)
Class [Lcom.google.common.collect.ImmutableMapEntry;                                  : loaded 3 times (x 71B)
Class com.amazon.ion.impl.bin.utf8.Pool$Allocator                                     : loaded 3 times (x 72B)
Class com.google.common.base.Strings                                                  : loaded 3 times (x 73B)
Class org.jetbrains.kotlin.idea.projectModel.KotlinTaskProperties                     : loaded 3 times (x 72B)
Class org.gradle.tooling.model.idea.IdeaDependency                                    : loaded 3 times (x 72B)
Class org.gradle.tooling.model.eclipse.EclipseProject                                 : loaded 3 times (x 72B)
Class com.amazon.ion.IonText                                                          : loaded 3 times (x 72B)
Class com.google.common.collect.Ordering                                              : loaded 3 times (x 116B)
Class kotlin.sequences.SequencesKt___SequencesKt$flatMap$2                            : loaded 3 times (x 131B)
Class com.amazon.ion.impl.SymbolTokenImpl                                             : loaded 3 times (x 83B)
Class org.jetbrains.plugins.gradle.tooling.serialization.internal.IdeaProjectSerializationService: loaded 3 times (x 79B)
Class org.jetbrains.plugins.gradle.tooling.serialization.ExternalTestsSerializationService$ReadContext: loaded 3 times (x 74B)
Class kotlin.collections.ArraysUtilJVM                                                : loaded 3 times (x 73B)
Class kotlin.jvm.functions.Function0                                                  : loaded 3 times (x 72B)
Class kotlin.sequences.FlatteningSequence$iterator$1                                  : loaded 3 times (x 81B)
Class com.amazon.ion.impl.BlockedBuffer$BufferedOutputStream                          : loaded 3 times (x 92B)
Class com.amazon.ion.impl.bin.IonBinaryWriterAdapter$Factory                          : loaded 3 times (x 72B)
Class [Lcom.amazon.ion.SymbolTable;                                                   : loaded 3 times (x 71B)
Class com.amazon.ion.SubstituteSymbolTableException                                   : loaded 3 times (x 86B)
Class kotlinx.coroutines.flow.FlowCollector                                           : loaded 3 times (x 72B)
Class com.android.builder.model.v2.ide.BasicArtifact                                  : loaded 3 times (x 72B)
Class io.opentelemetry.context.propagation.TextMapSetter                              : loaded 3 times (x 72B)
Class io.opentelemetry.context.ContextKey                                             : loaded 3 times (x 72B)
Class io.opentelemetry.api.trace.ArrayBasedTraceState                                 : loaded 3 times (x 88B)
Class org.gradle.tooling.internal.adapter.ProtocolToModelAdapter$ViewGraphDetails$1   : loaded 3 times (x 79B)
Class kotlin.ranges.RangesKt                                                          : loaded 3 times (x 73B)
Class [Lcom.android.builder.model.v2.ide.AaptOptions$Namespacing;                     : loaded 3 times (x 71B)
Class com.google.gson.internal.bind.CollectionTypeAdapterFactory                      : loaded 3 times (x 77B)
Class com.google.common.base.Supplier                                                 : loaded 3 times (x 72B)
Class kotlin.coroutines.jvm.internal.SuspendFunction                                  : loaded 3 times (x 72B)
Class org.objectweb.asm.Attribute                                                     : loaded 3 times (x 79B)
Class io.opentelemetry.api.trace.Tracer                                               : loaded 3 times (x 72B)
Class org.gradle.tooling.internal.adapter.ProtocolToModelAdapter$DefaultViewBuilder   : loaded 3 times (x 82B)
Class kotlin.sequences.SequencesKt___SequencesJvmKt                                   : loaded 3 times (x 73B)
Class kotlin.Unit                                                                     : loaded 3 times (x 73B)
Class kotlin.jvm.internal.markers.KMutableIterable                                    : loaded 3 times (x 72B)
Class kotlin.TuplesKt                                                                 : loaded 3 times (x 73B)
Class com.amazon.ion.system.IonWriterBuilderBase                                      : loaded 3 times (x 85B)
Class com.google.gson.JsonElement                                                     : loaded 3 times (x 94B)
Class com.android.builder.model.v2.dsl.BuildType                                      : loaded 3 times (x 72B)
Class io.opentelemetry.api.trace.SpanContextKey                                       : loaded 3 times (x 73B)
Class com.google.common.util.concurrent.AbstractFuture$Listener                       : loaded 3 times (x 74B)
Class org.objectweb.asm.RecordComponentWriter                                         : loaded 3 times (x 79B)
Class kotlin.collections.CollectionsKt___CollectionsJvmKt                             : loaded 3 times (x 73B)
Class kotlin.jvm.internal.FunctionReferenceImpl                                       : loaded 3 times (x 128B)
Class com.google.common.collect.ListMultimap                                          : loaded 3 times (x 72B)
Class com.amazon.ion.impl.bin.BlockAllocator                                          : loaded 3 times (x 82B)
Class com.amazon.ion.impl.IonWriterSystemTextMarkup                                   : loaded 3 times (x 193B)
Class com.google.gson.JsonPrimitive                                                   : loaded 3 times (x 95B)
Class com.google.gson.internal.sql.SqlTimestampTypeAdapter$1                          : loaded 3 times (x 77B)
Class com.google.common.cache.CacheStats                                              : loaded 3 times (x 73B)
Class org.objectweb.asm.AnnotationWriter                                              : loaded 3 times (x 80B)
Class com.google.common.collect.ImmutableEnumMap                                      : loaded 3 times (x 128B)
Class [Lio.opentelemetry.context.ThreadLocalContextStorage;                           : loaded 3 times (x 71B)
Class kotlin.coroutines.CoroutineContext                                              : loaded 3 times (x 72B)
Class com.google.common.collect.RegularImmutableMap$Values                            : loaded 3 times (x 209B)
Class com.google.gson.reflect.TypeToken                                               : loaded 3 times (x 77B)
Class com.amazon.ion.impl.lite.IonSystemLite                                          : loaded 3 times (x 277B)
Class com.amazon.ion.util.InputStreamInterceptor                                      : loaded 3 times (x 72B)
Class com.amazon.ion.impl.bin.IonRawBinaryWriter$PreallocationMode                    : loaded 3 times (x 83B)
Class com.amazon.ion.impl.bin._Private_IonRawWriter                                   : loaded 3 times (x 72B)
Class com.amazon.ion.IonWriter                                                        : loaded 3 times (x 72B)
Class [Lcom.google.gson.Strictness;                                                   : loaded 3 times (x 71B)
Class kotlin.coroutines.jvm.internal.DebugProbesKt                                    : loaded 3 times (x 73B)
Class org.gradle.util.internal.DefaultGradleVersion                                   : loaded 3 times (x 84B)
Class org.jetbrains.plugins.gradle.model.GradleBuildScriptClasspathModel              : loaded 3 times (x 72B)
Class kotlin.text.StringsKt__AppendableKt                                             : loaded 3 times (x 73B)
Class com.google.common.collect.ImmutableRangeSet                                     : loaded 3 times (x 117B)
Class kotlin.Result$Companion                                                         : loaded 3 times (x 73B)
Class kotlin.coroutines.jvm.internal.BaseContinuationImpl                             : loaded 3 times (x 89B)
Class org.gradle.tooling.internal.gradle.DefaultProjectIdentifier                     : loaded 3 times (x 88B)
Class com.android.builder.model.v2.ide.SourceProvider                                 : loaded 3 times (x 72B)
Class com.android.builder.model.v2.ide.BundleInfo                                     : loaded 3 times (x 72B)
Class kotlin.comparisons.ComparisonsKt___ComparisonsKt                                : loaded 3 times (x 73B)
Class kotlin.comparisons.ComparisonsKt                                                : loaded 3 times (x 73B)
Class kotlin.text.CharsKt__CharJVMKt                                                  : loaded 3 times (x 73B)
Class kotlin.sequences.FilteringSequence                                              : loaded 3 times (x 77B)
Class com.amazon.ion.IonStruct                                                        : loaded 3 times (x 72B)
Class com.amazon.ion.impl.bin.IonManagedBinaryWriter$SymbolState                      : loaded 3 times (x 82B)
Class org.objectweb.asm.Symbol                                                        : loaded 3 times (x 75B)
Class io.opentelemetry.api.trace.SpanId                                               : loaded 3 times (x 73B)
Class kotlin.coroutines.Continuation                                                  : loaded 3 times (x 72B)
Class kotlin.sequences.SequencesKt__SequencesKt                                       : loaded 3 times (x 73B)
Class kotlin.collections.SetsKt___SetsKt                                              : loaded 3 times (x 73B)
Class org.jetbrains.kotlin.buildtools.api.jvm.ClassSnapshotGranularity                : loaded 3 times (x 81B)
Class kotlin.ranges.RangesKt__RangesKt                                                : loaded 3 times (x 73B)
Class com.android.builder.model.v2.ide.BasicVariant                                   : loaded 3 times (x 72B)
Class com.android.builder.model.v2.ide.AndroidGradlePluginProjectFlags                : loaded 3 times (x 72B)
Class [Lcom.android.builder.model.v2.ide.AndroidGradlePluginProjectFlags$BooleanFlag; : loaded 3 times (x 71B)
Class kotlin.comparisons.ComparisonsKt__ComparisonsKt                                 : loaded 3 times (x 73B)
Class com.amazon.ion.UnsupportedIonVersionException                                   : loaded 3 times (x 87B)
Class [Lcom.amazon.ion.impl.bin.IonRawBinaryWriter$StreamFlushMode;                   : loaded 3 times (x 71B)
Class com.google.gson.LongSerializationPolicy$2                                       : loaded 3 times (x 82B)
Class [Lcom.google.common.cache.CacheBuilder$NullListener;                            : loaded 3 times (x 71B)
Class org.objectweb.asm.ByteVector                                                    : loaded 3 times (x 81B)
Class org.gradle.util.GradleVersion                                                   : loaded 3 times (x 83B)
Class org.gradle.tooling.model.internal.ImmutableDomainObjectSet                      : loaded 3 times (x 157B)
Class org.jetbrains.plugins.gradle.tooling.util.IntObjectMap$1                        : loaded 3 times (x 79B)
Class com.google.common.collect.Sets$1                                                : loaded 3 times (x 143B)
Class org.objectweb.asm.AnnotationVisitor                                             : loaded 3 times (x 80B)
Class com.google.common.cache.AbstractCache$StatsCounter                              : loaded 3 times (x 72B)
Class com.google.gson.LongSerializationPolicy$1                                       : loaded 3 times (x 82B)
Class com.intellij.gradle.toolingExtension.impl.model.sourceSetModel.GradleSourceSetSerialisationService$SourceSetModelWriteContext: loaded 3 times (x 74B)
Class io.opentelemetry.context.ArrayBasedContext                                      : loaded 3 times (x 102B)
Class com.intellij.gradle.toolingExtension.impl.model.taskModel.GradleTaskSerialisationService: loaded 3 times (x 78B)
Class kotlin.Triple                                                                   : loaded 3 times (x 74B)
Class com.google.gson.internal.bind.TypeAdapters                                      : loaded 3 times (x 73B)
Class com.google.gson.FormattingStyle                                                 : loaded 3 times (x 80B)
Class com.google.gson.FieldNamingPolicy                                               : loaded 3 times (x 85B)
Class kotlin.sequences.SequencesKt__SequenceBuilderKt$sequence$$inlined$Sequence$1    : loaded 3 times (x 77B)
Class com.android.ide.gradle.model.LegacyV1AgpVersionModel                            : loaded 3 times (x 72B)
Class com.amazon.ion.impl._Private_IonContainer                                       : loaded 3 times (x 72B)
Class kotlin.text.Regex                                                               : loaded 3 times (x 74B)
Class com.google.common.collect.ImmutableRangeSet$Builder                             : loaded 3 times (x 79B)
Class kotlin.text.StringsKt__StringBuilderJVMKt                                       : loaded 3 times (x 73B)
Class com.amazon.ion.system.SimpleCatalog                                             : loaded 3 times (x 93B)
Class com.google.common.collect.Iterators$PeekingImpl                                 : loaded 3 times (x 87B)
Class com.google.common.collect.ComparatorOrdering                                    : loaded 3 times (x 117B)
Class com.amazon.ion.BufferConfiguration                                              : loaded 3 times (x 74B)
Class com.intellij.gradle.toolingExtension.impl.model.buildScriptClasspathModel.GradleBuildScriptClasspathSerializationService$ReadContext: loaded 3 times (x 74B)
Class com.google.common.cache.CacheLoader$1                                           : loaded 3 times (x 77B)
Class com.google.common.cache.LocalCache$StrongValueReference                         : loaded 3 times (x 92B)
Class com.google.common.collect.Sets$SetView                                          : loaded 3 times (x 141B)
Class com.google.gson.Gson$1                                                          : loaded 3 times (x 78B)
Class kotlin.collections.AbstractCollection                                           : loaded 3 times (x 119B)
Class com.amazon.ion.impl.bin.IonManagedBinaryWriter$ImportDescriptor                 : loaded 3 times (x 78B)
Class kotlin.collections.AbstractList                                                 : loaded 3 times (x 199B)
Class org.gradle.tooling.model.Element                                                : loaded 3 times (x 72B)
Class org.gradle.tooling.internal.adapter.ProtocolToModelAdapter$NoOpDecoration       : loaded 3 times (x 81B)
Class org.gradle.tooling.internal.adapter.TypeInspector                               : loaded 3 times (x 75B)
Class io.opentelemetry.context.propagation.TextMapPropagator                          : loaded 3 times (x 72B)
Class org.jetbrains.plugins.gradle.model.GradleSourceSetDependencyModel               : loaded 3 times (x 72B)
Class kotlin.coroutines.jvm.internal.RestrictedSuspendLambda                          : loaded 3 times (x 93B)
Class kotlin.sequences.SequencesKt__SequencesJVMKt                                    : loaded 3 times (x 73B)
Class com.google.common.collect.CompoundOrdering                                      : loaded 3 times (x 117B)
Class com.android.builder.model.v2.dsl.ProductFlavor                                  : loaded 3 times (x 72B)
Class kotlin.io.FilePathComponents                                                    : loaded 3 times (x 74B)
Class [Lcom.android.builder.model.v2.ide.TestInfo$Execution;                          : loaded 3 times (x 71B)
Class com.amazon.ion.IonString                                                        : loaded 3 times (x 72B)
Class com.google.common.collect.Maps$8                                                : loaded 3 times (x 84B)
Class com.google.gson.JsonIOException                                                 : loaded 3 times (x 84B)
Class [Lorg.objectweb.asm.AnnotationWriter;                                           : loaded 3 times (x 71B)
Class org.gradle.tooling.model.BuildModel                                             : loaded 3 times (x 72B)
Class org.jetbrains.plugins.gradle.model.FileCollectionDependency                     : loaded 3 times (x 72B)
Class org.gradle.internal.time.Clock                                                  : loaded 3 times (x 72B)
Class io.opentelemetry.api.DefaultOpenTelemetry                                       : loaded 3 times (x 91B)
Class io.opentelemetry.api.trace.SpanBuilder                                          : loaded 3 times (x 72B)
Class com.google.common.collect.Sets$2                                                : loaded 3 times (x 143B)
Class com.intellij.gradle.toolingExtension.impl.model.utilDummyModel.DummyModel       : loaded 3 times (x 72B)
Class kotlin.collections.EmptyIterator                                                : loaded 3 times (x 91B)
Class kotlin.text.StringsKt__RegexExtensionsKt                                        : loaded 3 times (x 73B)
Class com.amazon.ion.impl.lite.IonTimestampLite                                       : loaded 3 times (x 195B)
Class com.amazon.ion.impl.LocalSymbolTableAsStruct                                    : loaded 3 times (x 134B)
Class com.google.gson.JsonArray                                                       : loaded 3 times (x 102B)
Class com.google.gson.FieldNamingStrategy                                             : loaded 3 times (x 72B)
Class com.google.gson.internal.bind.ReflectiveTypeAdapterFactory$RecordAdapter        : loaded 3 times (x 79B)
Class kotlinx.coroutines.internal.Symbol                                              : loaded 3 times (x 74B)
Class com.google.common.base.Platform                                                 : loaded 3 times (x 73B)
Class com.intellij.gradle.toolingExtension.impl.model.buildScriptClasspathModel.GradleBuildScriptClasspathSerializationService: loaded 3 times (x 79B)
Class com.amazon.ion.impl.bin.IonManagedBinaryWriter$ImportedSymbolResolverMode       : loaded 3 times (x 82B)
Class com.amazon.ion.impl.SharedSymbolTable                                           : loaded 3 times (x 95B)
Class com.amazon.ion.impl.bin.IonRawBinaryWriter                                      : loaded 3 times (x 170B)
Class com.amazon.ion.SymbolToken                                                      : loaded 3 times (x 72B)
Class com.amazon.ion.impl.LocalSymbolTable$Factory                                    : loaded 3 times (x 79B)
Class com.google.common.cache.LocalCache$LoadingValueReference                        : loaded 3 times (x 98B)
Class org.jetbrains.kotlin.build.report.metrics.BuildPerformanceMetric                : loaded 3 times (x 72B)
Class kotlin.text.StringsKt__StringNumberConversionsJVMKt                             : loaded 3 times (x 73B)
Class io.opentelemetry.context.ThreadLocalContextStorage$ScopeImpl                    : loaded 3 times (x 81B)
Class com.google.common.collect.NaturalOrdering                                       : loaded 3 times (x 117B)
Class com.amazon.ion.IonFloat                                                         : loaded 3 times (x 72B)
Class kotlin.text.MatchResult                                                         : loaded 3 times (x 72B)
Class com.amazon.ion.impl.lite.IonListLite                                            : loaded 3 times (x 492B)
Class kotlin.sequences.SequenceScope                                                  : loaded 3 times (x 75B)
Class kotlin.sequences.Sequence                                                       : loaded 3 times (x 72B)
Class org.gradle.tooling.ToolingModelContract                                         : loaded 3 times (x 72B)
Class com.amazon.ion.impl.lite.IonSexpLite                                            : loaded 3 times (x 492B)
Class [Lcom.google.common.collect.ImmutableEntry;                                     : loaded 3 times (x 71B)
Class com.google.gson.internal.sql.SqlDateTypeAdapter                                 : loaded 3 times (x 76B)
Class kotlin.jvm.internal.DefaultConstructorMarker                                    : loaded 3 times (x 73B)
Class org.gradle.internal.time.TimeSource$1                                           : loaded 3 times (x 79B)
Class io.opentelemetry.context.propagation.TextMapGetter                              : loaded 3 times (x 72B)
Class com.android.builder.model.v2.dsl.BaseConfig                                     : loaded 3 times (x 72B)
Class [Lcom.amazon.ion.impl.bin.IonRawBinaryWriter$PreallocationMode;                 : loaded 3 times (x 71B)
Class com.amazon.ion.util._Private_FastAppendable                                     : loaded 3 times (x 72B)
Class com.amazon.ion.impl._Private_IonReaderBuilder$TwoElementInputStream             : loaded 3 times (x 94B)
Class com.amazon.ion.impl.lite.IonIntLite                                             : loaded 3 times (x 191B)
Class com.google.common.collect.Maps                                                  : loaded 3 times (x 73B)
Class com.google.common.util.concurrent.LazyLogger                                    : loaded 3 times (x 74B)
Class com.intellij.gradle.toolingExtension.impl.model.sourceSetModel.GradleSourceSetSerialisationService: loaded 3 times (x 79B)
Class kotlin.io.FileSystemException                                                   : loaded 3 times (x 84B)
Class com.android.builder.model.v2.ide.ComponentInfo                                  : loaded 3 times (x 72B)
Class com.amazon.ion.SymbolTable                                                      : loaded 3 times (x 72B)
Class kotlin.jvm.internal.Ref$BooleanRef                                              : loaded 3 times (x 73B)
Class com.google.common.util.concurrent.Uninterruptibles                              : loaded 3 times (x 73B)
Class org.gradle.tooling.model.ProjectIdentifier                                      : loaded 3 times (x 72B)
Class org.gradle.tooling.model.idea.IdeaCompilerOutput                                : loaded 3 times (x 72B)
Class kotlin.text.MatchResult$DefaultImpls                                            : loaded 3 times (x 73B)
Class com.amazon.ion.impl.bin.IonManagedBinaryWriter$ImportedSymbolContext            : loaded 3 times (x 74B)
Class com.amazon.ion.IonSystem                                                        : loaded 3 times (x 72B)
Class [Lorg.objectweb.asm.AnnotationVisitor;                                          : loaded 3 times (x 71B)
Class org.gradle.internal.exceptions.ResolutionProvider                               : loaded 3 times (x 72B)
Class org.gradle.tooling.internal.adapter.ProtocolToModelAdapter$MixInMappingAction   : loaded 3 times (x 82B)
Class org.jetbrains.plugins.gradle.tooling.serialization.internal.adapter.Supplier    : loaded 3 times (x 72B)
Class com.google.common.collect.Sets$3                                                : loaded 3 times (x 143B)
Class com.android.builder.model.v2.ide.JavaCompileOptions                             : loaded 3 times (x 72B)
Class com.amazon.ion.IonList                                                          : loaded 3 times (x 72B)
Class com.google.gson.JsonParseException                                              : loaded 3 times (x 84B)
Class com.google.common.cache.CacheBuilder$OneWeigher                                 : loaded 3 times (x 84B)
Class io.opentelemetry.api.internal.ImmutableSpanContext                              : loaded 3 times (x 93B)
Class kotlin.enums.EnumEntries                                                        : loaded 3 times (x 72B)
Class org.gradle.tooling.internal.gradle.GradleBuildIdentity                          : loaded 3 times (x 72B)
Class org.jetbrains.plugins.gradle.tooling.serialization.SerializationService         : loaded 3 times (x 72B)
Class com.android.builder.model.v2.ide.TestInfo                                       : loaded 3 times (x 72B)
Class com.google.common.cache.LocalCache$LocalLoadingCache                            : loaded 3 times (x 136B)
Class com.amazon.ion.impl.LocalSymbolTable                                            : loaded 3 times (x 129B)
Class com.amazon.ion.impl.lite.IonBlobLite                                            : loaded 3 times (x 222B)
Class com.google.common.collect.ImmutableMapEntry$NonTerminalImmutableMapEntry        : loaded 3 times (x 87B)
Class org.gradle.tooling.internal.adapter.WeakIdentityHashMap                         : loaded 3 times (x 78B)
Class com.google.gson.internal.bind.TypeAdapters$9                                    : loaded 3 times (x 77B)
Class com.google.common.base.Equivalence                                              : loaded 3 times (x 84B)
Class com.amazon.ion.impl.lite.IonBoolLite                                            : loaded 3 times (x 181B)
Class [Lorg.jetbrains.kotlin.build.report.metrics.BuildPerformanceMetric;             : loaded 3 times (x 71B)
Class org.gradle.tooling.model.kotlin.dsl.KotlinDslScriptsModel                       : loaded 3 times (x 72B)
Class org.gradle.internal.time.TimeSource                                             : loaded 3 times (x 72B)
Class gnu.trove.TObjectIntProcedure                                                   : loaded 3 times (x 72B)
Class kotlin.collections.CollectionsKt___CollectionsKt$asSequence$$inlined$Sequence$1 : loaded 3 times (x 77B)
Class org.jetbrains.plugins.gradle.tooling.serialization.internal.IdeaProjectSerializationService$WriteContext$8: loaded 3 times (x 85B)
Class org.gradle.tooling.model.idea.IdeaDependencyScope                               : loaded 3 times (x 72B)
Class kotlin.ranges.IntRange                                                          : loaded 3 times (x 95B)
Class com.amazon.ion.impl.bin.IonManagedBinaryWriter                                  : loaded 3 times (x 167B)
Class com.amazon.ion.impl.bin.WriteBuffer                                             : loaded 3 times (x 80B)
Class [Lorg.gradle.api.JavaVersion;                                                   : loaded 3 times (x 71B)
Class com.google.common.collect.ImmutableMapEntry                                     : loaded 3 times (x 87B)
Class com.google.gson.internal.bind.TypeAdapters$8                                    : loaded 3 times (x 77B)
Class com.google.gson.internal.bind.CollectionTypeAdapterFactory$Adapter              : loaded 3 times (x 76B)
Class org.jetbrains.plugins.gradle.model.RepositoryModels                             : loaded 3 times (x 72B)
Class org.jetbrains.plugins.gradle.tooling.serialization.internal.IdeaProjectSerializationService$WriteContext$7: loaded 3 times (x 85B)
Class kotlin.jvm.internal.CallableReference                                           : loaded 3 times (x 112B)
Class kotlin.collections.AbstractList$SubList                                         : loaded 3 times (x 200B)
Class com.google.common.collect.RegularImmutableSortedSet                             : loaded 3 times (x 302B)
Class kotlin.jvm.internal.Intrinsics$Kotlin                                           : loaded 3 times (x 73B)
Class com.amazon.ion.impl.lite.ValueFactoryLite                                       : loaded 3 times (x 220B)
Class com.google.gson.internal.bind.TypeAdapters$7                                    : loaded 3 times (x 77B)
Class com.google.common.math.IntMath                                                  : loaded 3 times (x 73B)
Class com.google.common.collect.AbstractMapBasedMultimap$KeySet                       : loaded 3 times (x 139B)
Class org.jetbrains.plugins.gradle.tooling.util.IntObjectMap                          : loaded 3 times (x 75B)
Class org.jetbrains.plugins.gradle.tooling.serialization.internal.IdeaProjectSerializationService$WriteContext$6: loaded 3 times (x 85B)
Class com.android.builder.model.v2.ide.LibraryInfo                                    : loaded 3 times (x 72B)
Class com.amazon.ion.IonType                                                          : loaded 3 times (x 81B)
Class com.amazon.ion.impl.lite._Private_LiteDomTrampoline                             : loaded 3 times (x 73B)
Class com.amazon.ion.impl.bin.IntList                                                 : loaded 3 times (x 79B)
Class com.google.gson.internal.bind.TypeAdapters$6                                    : loaded 3 times (x 77B)
Class com.google.gson.internal.bind.TypeAdapters$19                                   : loaded 3 times (x 77B)
Class com.google.gson.internal.bind.ReflectiveTypeAdapterFactory$FieldReflectionAdapter: loaded 3 times (x 79B)
Class kotlinx.coroutines.flow.internal.FusibleFlow                                    : loaded 3 times (x 72B)
Class org.gradle.tooling.GradleConnectionException                                    : loaded 3 times (x 85B)
Class com.google.common.cache.LocalCache$LocalManualCache                             : loaded 3 times (x 101B)
Class com.google.common.collect.Sets$4                                                : loaded 3 times (x 143B)
Class [Lorg.jetbrains.kotlin.build.report.metrics.ValueType;                          : loaded 3 times (x 71B)
Class com.google.common.base.CommonPattern                                            : loaded 3 times (x 76B)
Class io.opentelemetry.context.ContextStorage                                         : loaded 3 times (x 72B)
Class org.objectweb.asm.ModuleVisitor                                                 : loaded 3 times (x 83B)
Class com.intellij.gradle.toolingExtension.impl.model.sourceSetDependencyModel.GradleSourceSetDependencySerialisationService$SourceSetDependencyModelWriteContext: loaded 3 times (x 74B)
Class org.jetbrains.plugins.gradle.tooling.serialization.internal.IdeaProjectSerializationService$WriteContext$5: loaded 3 times (x 85B)
Class com.intellij.gradle.toolingExtension.util.GradleVersionSpecificsUtil            : loaded 3 times (x 73B)
Class com.google.common.collect.ImmutableSortedSet                                    : loaded 3 times (x 302B)
Class kotlin.sequences.SequencesKt___SequencesKt$sortedWith$1                         : loaded 3 times (x 77B)
Class com.amazon.ion.BufferConfiguration$Builder                                      : loaded 3 times (x 80B)
Class com.google.common.cache.LocalCache$Strength$1                                   : loaded 3 times (x 83B)
Class com.google.gson.internal.bind.TypeAdapters$5                                    : loaded 3 times (x 77B)
Class com.google.gson.internal.bind.TypeAdapters$18                                   : loaded 3 times (x 77B)
Class com.google.gson.internal.bind.SerializationDelegatingTypeAdapter                : loaded 3 times (x 76B)
Class [Lcom.google.common.cache.LocalCache$EntryFactory;                              : loaded 3 times (x 71B)
Class kotlin.jvm.internal.StringCompanionObject                                       : loaded 3 times (x 73B)
Class org.gradle.tooling.model.gradle.GradleScript                                    : loaded 3 times (x 72B)
Class org.jetbrains.kotlin.idea.gradleTooling.AndroidAwareGradleModelProvider         : loaded 3 times (x 81B)
Class org.gradle.internal.time.MonotonicClock                                         : loaded 3 times (x 79B)
Class com.intellij.gradle.toolingExtension.impl.telemetry.GradleOpenTelemetry         : loaded 3 times (x 74B)
Class com.intellij.gradle.toolingExtension.impl.model.sourceSetDependencyModel.GradleSourceSetDependencySerialisationService$Companion: loaded 3 times (x 73B)
Class org.jetbrains.plugins.gradle.tooling.serialization.internal.IdeaProjectSerializationService$WriteContext$4: loaded 3 times (x 85B)
Class org.jetbrains.kotlin.idea.gradleTooling.model.kapt.KaptGradleModel              : loaded 3 times (x 72B)
Class org.jetbrains.plugins.gradle.model.ClasspathEntryModel                          : loaded 3 times (x 72B)
Class org.jetbrains.kotlin.idea.gradleTooling.KotlinDslScriptAdditionalTask           : loaded 3 times (x 72B)
Class kotlin.jvm.internal.markers.KMutableList                                        : loaded 3 times (x 72B)
Class kotlin.text.MatchNamedGroupCollection                                           : loaded 3 times (x 72B)
Class com.google.common.collect.UsingToStringOrdering                                 : loaded 3 times (x 116B)
Class kotlin.io.FilesKt__FileReadWriteKt                                              : loaded 3 times (x 73B)
Class kotlin.text.StringsKt__StringNumberConversionsKt                                : loaded 3 times (x 73B)
Class [Lkotlin.Pair;                                                                  : loaded 3 times (x 71B)
Class com.google.gson.internal.bind.TypeAdapters$4                                    : loaded 3 times (x 77B)
Class com.google.gson.internal.bind.TypeAdapters$17                                   : loaded 3 times (x 77B)
Class org.gradle.tooling.model.GradleProject                                          : loaded 3 times (x 72B)
Class [Lio.opentelemetry.context.Scope;                                               : loaded 3 times (x 71B)
Class gnu.trove.TObjectHash$NULL                                                      : loaded 3 times (x 73B)
Class org.jetbrains.plugins.gradle.tooling.serialization.internal.IdeaProjectSerializationService$WriteContext$3: loaded 3 times (x 85B)
Class org.jetbrains.plugins.gradle.tooling.serialization.AnnotationProcessingModelSerializationService$ReadContext: loaded 3 times (x 74B)
Class kotlin.coroutines.jvm.internal.RestrictedContinuationImpl                       : loaded 3 times (x 89B)
Class org.gradle.util.internal.DefaultGradleVersion$Stage                             : loaded 3 times (x 77B)
Class com.amazon.ion.impl.bin.PooledBlockAllocatorProvider                            : loaded 3 times (x 75B)
Class com.amazon.ion.IonContainer                                                     : loaded 3 times (x 72B)
Class com.amazon.ion.impl.lite.IonValueLite                                           : loaded 3 times (x 150B)
Class com.amazon.ion.impl._Private_IonSymbol                                          : loaded 3 times (x 72B)
Class com.google.gson.internal.bind.TypeAdapters$3                                    : loaded 3 times (x 77B)
Class com.google.gson.internal.bind.TypeAdapters$16                                   : loaded 3 times (x 77B)
Class com.google.gson.internal.sql.SqlTypesSupport$2                                  : loaded 3 times (x 76B)
Class com.google.common.cache.CacheLoader$SupplierToCacheLoader                       : loaded 3 times (x 77B)
Class org.objectweb.asm.RecordComponentVisitor                                        : loaded 3 times (x 79B)
Class org.jetbrains.plugins.gradle.tooling.serialization.internal.IdeaProjectSerializationService$WriteContext$2: loaded 3 times (x 85B)
Class kotlin.text.StringsKt                                                           : loaded 3 times (x 73B)
Class [Lcom.android.builder.model.v2.ide.CodeShrinker;                                : loaded 3 times (x 71B)
Class com.amazon.ion.impl.bin.utf8.Pool                                               : loaded 3 times (x 76B)
Class com.google.gson.internal.bind.TypeAdapters$15                                   : loaded 3 times (x 77B)
Class com.google.gson.internal.bind.TypeAdapters$2                                    : loaded 3 times (x 77B)
Class com.google.common.util.concurrent.SettableFuture                                : loaded 3 times (x 116B)
Class com.google.common.cache.LocalCache$Strength$2                                   : loaded 3 times (x 83B)
Class com.google.gson.internal.sql.SqlTypesSupport$1                                  : loaded 3 times (x 76B)
Class com.google.gson.Strictness                                                      : loaded 3 times (x 81B)
Class com.google.common.base.FunctionalEquivalence                                    : loaded 3 times (x 85B)
Class com.amazon.ion.IonTimestamp                                                     : loaded 3 times (x 72B)
Class com.amazon.ion.impl.bin.PooledBlockAllocatorProvider$PooledBlockAllocator       : loaded 3 times (x 83B)
Class org.gradle.tooling.internal.adapter.ProtocolToModelAdapter$1                    : loaded 3 times (x 77B)
Class org.gradle.api.JavaVersion                                                      : loaded 3 times (x 81B)
Class org.gradle.tooling.internal.adapter.ProtocolToModelAdapter$ViewDecoration       : loaded 3 times (x 72B)
Class com.google.common.util.concurrent.AbstractFuture                                : loaded 3 times (x 108B)
Class org.jetbrains.plugins.gradle.tooling.serialization.GradleExtensionsSerializationService: loaded 3 times (x 79B)
Class com.intellij.platform.diagnostic.telemetry.rt.context.TelemetryContextGetter    : loaded 3 times (x 77B)
Class org.gradle.tooling.model.Dependency                                             : loaded 3 times (x 72B)
Class com.google.common.collect.AbstractMapBasedMultimap                              : loaded 3 times (x 140B)
Class org.jetbrains.plugins.gradle.model.ExternalProject                              : loaded 3 times (x 72B)
Class org.jetbrains.plugins.gradle.tooling.serialization.internal.IdeaProjectSerializationService$WriteContext$1: loaded 3 times (x 85B)
Class kotlin.collections.CollectionsKt__IteratorsKt                                   : loaded 3 times (x 73B)
Class kotlin.sequences.SequencesKt                                                    : loaded 3 times (x 73B)
Class [Lcom.amazon.ion.util.InputStreamInterceptor;                                   : loaded 3 times (x 71B)
Class com.amazon.ion.impl.bin.IonManagedBinaryWriter$SymbolState$4                    : loaded 3 times (x 82B)
Class com.google.common.collect.Iterables                                             : loaded 3 times (x 73B)
Class com.google.common.base.Converter                                                : loaded 3 times (x 92B)
Class com.google.gson.internal.bind.TypeAdapters$14                                   : loaded 3 times (x 77B)
Class com.google.gson.internal.bind.TypeAdapters$1                                    : loaded 3 times (x 77B)
Class com.google.gson.internal.bind.NumberTypeAdapter$1                               : loaded 3 times (x 78B)
Class com.google.common.cache.ReferenceEntry                                          : loaded 3 times (x 72B)
Class com.google.common.util.concurrent.ListenableFuture                              : loaded 3 times (x 72B)
Class com.google.gson.internal.bind.DefaultDateTypeAdapter$1                          : loaded 3 times (x 77B)
Class org.gradle.tooling.model.idea.BasicIdeaProject                                  : loaded 3 times (x 72B)
Class com.intellij.gradle.toolingExtension.impl.model.sourceSetArtifactIndex.GradleSourceSetArtifactBuildRequest: loaded 3 times (x 72B)
Class kotlin.collections.CollectionsKt__CollectionsJVMKt                              : loaded 3 times (x 73B)
Class com.google.common.collect.Lists$TransformingRandomAccessList                    : loaded 3 times (x 201B)
Class kotlin.io.FilesKt__UtilsKt                                                      : loaded 3 times (x 73B)
Class com.android.builder.model.v2.models.ModelBuilderParameter                       : loaded 3 times (x 72B)
Class com.amazon.ion.IonBinaryWriter                                                  : loaded 3 times (x 72B)
Class com.amazon.ion.impl.bin.IonRawBinaryWriter$StreamFlushMode                      : loaded 3 times (x 81B)
Class com.amazon.ion.impl.bin.IonManagedBinaryWriter$SymbolState$3                    : loaded 3 times (x 82B)
Class com.amazon.ion.impl.bin.IonRawBinaryWriter$ContainerInfo                        : loaded 3 times (x 76B)
Class com.google.gson.Gson$4                                                          : loaded 3 times (x 78B)
Class com.google.gson.internal.bind.TypeAdapters$13                                   : loaded 3 times (x 77B)
Class com.google.gson.internal.ConstructorConstructor                                 : loaded 3 times (x 74B)
Class org.jetbrains.plugins.gradle.model.ProjectImportModelProvider                   : loaded 3 times (x 72B)
Class org.jetbrains.plugins.gradle.model.ExternalSourceSet                            : loaded 3 times (x 72B)
Class com.google.common.cache.LocalCache$Strength$3                                   : loaded 3 times (x 83B)
Class com.intellij.gradle.toolingExtension.impl.model.warmUp.GradleTaskWarmUpRequest  : loaded 3 times (x 72B)
Class kotlin.coroutines.intrinsics.IntrinsicsKt__IntrinsicsKt                         : loaded 3 times (x 73B)
Class kotlin.text.RegexKt                                                             : loaded 3 times (x 73B)
Class com.google.common.collect.MapDifference                                         : loaded 3 times (x 72B)
Class com.google.common.collect.ImmutableSortedAsList                                 : loaded 3 times (x 223B)
Class com.amazon.ion.IonDatagram                                                      : loaded 3 times (x 72B)
Class com.amazon.ion.impl.bin.IonManagedBinaryWriter$ImportedSymbolResolverMode$1$1   : loaded 3 times (x 80B)
Class com.amazon.ion.impl._Private_ByteTransferSink                                   : loaded 3 times (x 72B)
Class com.android.builder.model.v2.ide.Installation                                   : loaded 3 times (x 72B)
Class com.amazon.ion.IonNull                                                          : loaded 3 times (x 72B)
Class com.amazon.ion.impl.bin.IonManagedBinaryWriter$SymbolState$2                    : loaded 3 times (x 82B)
Class [Lcom.google.gson.ToNumberStrategy;                                             : loaded 3 times (x 71B)
Class kotlin.text.StringsKt__RegexExtensionsJVMKt                                     : loaded 3 times (x 73B)
Class com.android.builder.model.v2.ide.AbstractArtifact                               : loaded 3 times (x 72B)
Class com.google.gson.internal.bind.TypeAdapters$12                                   : loaded 3 times (x 77B)
Class com.google.common.collect.AllEqualOrdering                                      : loaded 3 times (x 116B)
Class kotlin.collections.ArraysKt___ArraysJvmKt                                       : loaded 3 times (x 73B)
Class kotlin.collections.CollectionsKt__CollectionsKt                                 : loaded 3 times (x 73B)
Class com.amazon.ion.impl.lite.ContainerlessContext                                   : loaded 3 times (x 82B)
Class com.intellij.openapi.externalSystem.model.project.dependencies.ResolutionState  : loaded 3 times (x 81B)
Class com.google.common.cache.LocalCache$LocalManualCache$1                           : loaded 3 times (x 77B)
Class org.jetbrains.plugins.gradle.model.VersionCatalogsModel                         : loaded 3 times (x 72B)
Class org.gradle.tooling.internal.adapter.ObjectGraphAdapter                          : loaded 3 times (x 72B)
Class com.intellij.gradle.toolingExtension.impl.model.dependencyModel.DependencyReadContext: loaded 3 times (x 74B)
Class com.intellij.gradle.toolingExtension.impl.model.sourceSetDependencyModel.GradleSourceSetDependencySerialisationService$SourceSetDependencyModelReadContext: loaded 3 times (x 74B)
Class [Lcom.amazon.ion.IonType;                                                       : loaded 3 times (x 71B)
Class com.amazon.ion.impl.LocalSymbolTableAsStruct$Factory                            : loaded 3 times (x 81B)
Class com.amazon.ion.impl.bin.IonManagedBinaryWriter$SymbolState$1                    : loaded 3 times (x 82B)
Class kotlin.coroutines.intrinsics.IntrinsicsKt__IntrinsicsJvmKt                      : loaded 3 times (x 73B)
Class [Lcom.google.gson.FieldNamingPolicy;                                            : loaded 3 times (x 71B)
Class com.google.gson.internal.bind.TypeAdapters$11                                   : loaded 3 times (x 77B)
Class com.google.common.collect.LexicographicalOrdering                               : loaded 3 times (x 117B)
Class com.google.common.util.concurrent.internal.InternalFutureFailureAccess          : loaded 3 times (x 74B)
Class com.google.common.collect.ImmutableSet$JdkBackedSetBuilderImpl                  : loaded 3 times (x 78B)
Class org.jetbrains.plugins.gradle.model.ExternalDependency                           : loaded 3 times (x 72B)
Class com.intellij.util.containers.IntObjectHashMap                                   : loaded 3 times (x 74B)
Class com.google.common.collect.SortedIterable                                        : loaded 3 times (x 72B)
Class com.google.common.collect.ImmutableBiMap                                        : loaded 3 times (x 145B)
Class com.google.gson.internal.bind.TypeAdapters$10                                   : loaded 3 times (x 77B)
Class com.google.gson.internal.bind.ReflectiveTypeAdapterFactory$Adapter              : loaded 3 times (x 79B)
Class com.google.common.cache.CacheLoader                                             : loaded 3 times (x 76B)
Class org.jetbrains.plugins.gradle.tooling.serialization.GradleExtensionsSerializationService$ReadContext: loaded 3 times (x 74B)
Class [Lorg.objectweb.asm.SymbolTable$Entry;                                          : loaded 3 times (x 71B)
Class org.objectweb.asm.FieldWriter                                                   : loaded 3 times (x 79B)
Class com.google.common.collect.AbstractListMultimap                                  : loaded 3 times (x 173B)
Class kotlin.coroutines.jvm.internal.CoroutineStackFrame                              : loaded 3 times (x 72B)
Class org.jetbrains.plugins.gradle.model.IntelliJProjectSettings                      : loaded 3 times (x 72B)
Class org.gradle.tooling.internal.adapter.ProtocolToModelAdapter$MethodInvocationCache: loaded 3 times (x 75B)
Class io.opentelemetry.context.Context                                                : loaded 3 times (x 72B)
Class com.android.builder.model.v2.ide.ArtifactDependenciesAdjacencyList              : loaded 3 times (x 72B)
Class com.android.builder.model.v2.ide.Library                                        : loaded 3 times (x 72B)
Class kotlinx.coroutines.flow.MutableSharedFlow                                       : loaded 3 times (x 72B)
Class com.google.common.cache.LocalCache$Segment                                      : loaded 3 times (x 155B)
Class org.jetbrains.plugins.gradle.tooling.serialization.GradleExtensionsSerializationService$WriteContext: loaded 3 times (x 74B)
Class kotlin.UninitializedPropertyAccessException                                     : loaded 3 times (x 84B)
Class kotlin.Metadata                                                                 : loaded 3 times (x 72B)
Class com.android.ide.gradle.model.composites.BuildMap                                : loaded 3 times (x 72B)
Class com.google.common.cache.CacheBuilder$NullListener                               : loaded 3 times (x 84B)
Class kotlin.text.MatchResult$Destructured                                            : loaded 3 times (x 74B)
Class com.google.gson.LongSerializationPolicy                                         : loaded 3 times (x 82B)
Class com.amazon.ion.UnknownSymbolException                                           : loaded 3 times (x 87B)
Class com.google.common.collect.ImmutableMap$IteratorBasedImmutableMap                : loaded 3 times (x 128B)
Class com.google.gson.internal.sql.SqlDateTypeAdapter$1                               : loaded 3 times (x 77B)
Class com.google.common.cache.LocalCache$ComputingValueReference                      : loaded 3 times (x 98B)
Class io.opentelemetry.api.trace.DefaultTracer                                        : loaded 3 times (x 76B)
Class com.intellij.gradle.toolingExtension.impl.model.taskModel.GradleTaskSerialisationService$Companion: loaded 3 times (x 73B)
Class org.gradle.tooling.model.Model                                                  : loaded 3 times (x 72B)
Class kotlin.text.Regex$Companion                                                     : loaded 3 times (x 73B)
Class io.opentelemetry.context.ThreadLocalContextStorage                              : loaded 3 times (x 87B)
Class com.android.builder.model.v2.ide.Variant                                        : loaded 3 times (x 72B)
Class org.jetbrains.plugins.gradle.model.ExternalLibraryDependency                    : loaded 3 times (x 72B)
Class com.amazon.ion.impl.bin.IonRawBinaryWriter$ThrowingRunnable                     : loaded 3 times (x 72B)
Class com.amazon.ion.impl.bin.IonManagedBinaryWriter$LocalSymbolTableView             : loaded 3 times (x 121B)
Class com.google.gson.internal.sql.SqlTimestampTypeAdapter                            : loaded 3 times (x 78B)
Class com.google.gson.internal.bind.ReflectiveTypeAdapterFactory                      : loaded 3 times (x 77B)
Class com.google.common.base.Suppliers$SupplierOfInstance                             : loaded 3 times (x 81B)
Class org.gradle.tooling.internal.adapter.MethodInvoker                               : loaded 3 times (x 72B)
Class org.objectweb.asm.Edge                                                          : loaded 3 times (x 74B)
Class org.jetbrains.kotlin.idea.gradleTooling.KotlinGradleModel                       : loaded 3 times (x 72B)
Class com.intellij.platform.diagnostic.telemetry.rt.context.TelemetryContext          : loaded 3 times (x 135B)
Class [Lio.opentelemetry.context.ContextStorage;                                      : loaded 3 times (x 71B)
Class [Lio.opentelemetry.api.trace.TraceFlags;                                        : loaded 3 times (x 71B)
Class org.jetbrains.plugins.gradle.tooling.serialization.ExternalTestsSerializationService$WriteContext: loaded 3 times (x 74B)
Class kotlin.collections.MapsKt__MapsKt                                               : loaded 3 times (x 73B)
Class com.amazon.ion.impl.bin.IonManagedBinaryWriter$SymbolResolverBuilder            : loaded 3 times (x 72B)
Class com.amazon.ion.system.IonSystemBuilder$Mutable                                  : loaded 3 times (x 77B)
Class org.objectweb.asm.SymbolTable$Entry                                             : loaded 3 times (x 75B)
Class org.jetbrains.plugins.gradle.model.ExternalProjectDependency                    : loaded 3 times (x 72B)
Class org.jetbrains.plugins.gradle.tooling.serialization.KotlinDslScriptsModelSerializationService: loaded 3 times (x 83B)
Class kotlin.collections.ArrayDeque                                                   : loaded 3 times (x 209B)
Class kotlin.reflect.KFunction                                                        : loaded 3 times (x 72B)
Class org.gradle.tooling.internal.adapter.ProtocolToModelAdapter$MethodInvocationCache$MethodInvocationKey: loaded 3 times (x 75B)
Class com.google.common.base.JdkPattern                                               : loaded 3 times (x 77B)
Class io.opentelemetry.api.trace.ImmutableTraceFlags                                  : loaded 3 times (x 79B)
Class kotlin.collections.SetsKt                                                       : loaded 3 times (x 73B)
Class com.android.builder.model.v2.dsl.SigningConfig                                  : loaded 3 times (x 72B)
Class kotlin.text.StringsKt__IndentKt                                                 : loaded 3 times (x 73B)
Class [Lcom.amazon.ion.SymbolToken;                                                   : loaded 3 times (x 71B)
Class com.google.gson.internal.bind.JsonTreeWriter                                    : loaded 3 times (x 100B)
Class com.google.gson.internal.bind.ArrayTypeAdapter$1                                : loaded 3 times (x 77B)
Class com.google.common.cache.CacheBuilder                                            : loaded 3 times (x 74B)
Class org.gradle.tooling.model.gradle.ProjectPublications                             : loaded 3 times (x 72B)
Class org.jetbrains.plugins.gradle.javaModel.JavaGradleManifestModel                  : loaded 3 times (x 72B)
Class kotlin.NotImplementedError                                                      : loaded 3 times (x 84B)
Class com.google.gson.Gson$5                                                          : loaded 3 times (x 78B)
Class com.intellij.gradle.toolingExtension.impl.model.projectModel.GradleExternalProjectSerializationService$WriteContext: loaded 3 times (x 75B)
Class com.google.common.collect.NullnessCasts                                         : loaded 3 times (x 73B)
Class kotlin.collections.IntIterator                                                  : loaded 3 times (x 84B)
Class kotlin.text.StringsKt__StringsJVMKt                                             : loaded 3 times (x 73B)
Class com.amazon.ion.impl.bin._Private_IonManagedBinaryWriterBuilder                  : loaded 3 times (x 74B)
Class com.amazon.ion.impl._Private_IonWriter                                          : loaded 3 times (x 72B)
Class com.amazon.ion.impl.bin.IonManagedBinaryWriter$UserState                        : loaded 3 times (x 87B)
Class io.opentelemetry.api.internal.AutoValue_ImmutableSpanContext                    : loaded 3 times (x 94B)
Class gnu.trove.PrimeFinder                                                           : loaded 3 times (x 73B)
Class org.jetbrains.plugins.gradle.tooling.serialization.RepositoriesModelSerializationService$ReadContext: loaded 3 times (x 74B)
Class com.android.builder.model.v2.ide.JavaArtifact                                   : loaded 3 times (x 72B)
Class kotlin.ranges.ClosedRange                                                       : loaded 3 times (x 72B)
Class com.google.common.cache.CacheLoader$FunctionToCacheLoader                       : loaded 3 times (x 77B)
Class [Lcom.amazon.ion.impl.bin.AbstractIonWriter$WriteValueOptimization;             : loaded 3 times (x 71B)
Class org.jetbrains.plugins.gradle.tooling.serialization.internal.IdeaProjectSerializationService$ReadContext: loaded 3 times (x 74B)
Class com.google.common.primitives.IntsMethodsForWeb                                  : loaded 3 times (x 73B)
Class com.amazon.ion.UnexpectedEofException                                           : loaded 3 times (x 86B)
Class org.gradle.tooling.internal.gradle.GradleProjectIdentity                        : loaded 3 times (x 72B)
Class org.jetbrains.plugins.gradle.tooling.serialization.RepositoriesModelSerializationService: loaded 3 times (x 84B)
Class com.android.ide.gradle.model.artifacts.AdditionalClassifierArtifactsModel       : loaded 3 times (x 72B)
Class com.amazon.ion.impl.bin.Symbols                                                 : loaded 3 times (x 73B)
Class com.amazon.ion.IonBufferConfiguration                                           : loaded 3 times (x 74B)
Class com.amazon.ion.IonValue                                                         : loaded 3 times (x 72B)
Class com.google.gson.ToNumberPolicy                                                  : loaded 3 times (x 85B)
Class [Lcom.google.gson.ToNumberPolicy;                                               : loaded 3 times (x 71B)
Class com.google.common.cache.RemovalListener                                         : loaded 3 times (x 72B)
Class com.google.common.collect.ImmutableMap$Builder                                  : loaded 3 times (x 84B)
Class com.google.common.util.concurrent.AbstractFuture$Cancellation                   : loaded 3 times (x 74B)
Class com.google.common.collect.ImmutableRangeSet$AsSet                               : loaded 3 times (x 302B)
Class kotlin.jvm.internal.FunctionReference                                           : loaded 3 times (x 128B)
Class com.intellij.openapi.externalSystem.model.project.dependencies.ProjectDependencies: loaded 3 times (x 72B)
Class [Lkotlin.coroutines.intrinsics.CoroutineSingletons;                             : loaded 3 times (x 71B)
Class kotlin.jvm.internal.FunctionBase                                                : loaded 3 times (x 72B)
Class io.opentelemetry.api.trace.TraceStateBuilder                                    : loaded 3 times (x 72B)
Class kotlin.enums.EnumEntriesList                                                    : loaded 3 times (x 225B)
Class org.jetbrains.plugins.gradle.tooling.serialization.ProjectDependenciesSerializationService$ReadContext: loaded 3 times (x 74B)
Class com.google.common.cache.Cache                                                   : loaded 3 times (x 72B)
Class com.google.common.cache.LocalCache$Strength                                     : loaded 3 times (x 83B)
Class com.google.common.base.Stopwatch                                                : loaded 3 times (x 74B)
Class com.intellij.openapi.externalSystem.model.project.IExternalSystemSourceType     : loaded 3 times (x 72B)
Class kotlin.internal.ProgressionUtilKt                                               : loaded 3 times (x 73B)
Class kotlin.io.FileAlreadyExistsException                                            : loaded 3 times (x 84B)
Class com.amazon.ion.impl._Private_IonReaderBuilder$Mutable                           : loaded 3 times (x 99B)
Class com.amazon.ion.IonSexp                                                          : loaded 3 times (x 72B)
Class [Lcom.amazon.ion.util.GzipStreamInterceptor;                                    : loaded 3 times (x 71B)
Class kotlinx.coroutines.flow.Flow                                                    : loaded 3 times (x 72B)
Class com.google.common.cache.Weigher                                                 : loaded 3 times (x 72B)
Class org.gradle.tooling.internal.gradle.DefaultBuildIdentifier                       : loaded 3 times (x 81B)
Class org.gradle.tooling.internal.adapter.ProtocolToModelAdapter$AdaptingMethodInvoker: loaded 3 times (x 78B)
Class org.jetbrains.plugins.gradle.tooling.util.ObjectCollector                       : loaded 3 times (x 74B)
Class org.jetbrains.plugins.gradle.model.GradleTaskModel                              : loaded 3 times (x 72B)
Class kotlin.Function                                                                 : loaded 3 times (x 72B)
Class kotlin.collections.SetsKt__SetsJVMKt                                            : loaded 3 times (x 73B)
Class com.amazon.ion.impl.bin._Private_IonManagedBinaryWriterBuilder$AllocatorMode    : loaded 3 times (x 82B)
Class com.amazon.ion.impl._Private_SymbolToken                                        : loaded 3 times (x 72B)
Class com.amazon.ion.impl.bin.IonManagedBinaryWriter$SymbolResolver                   : loaded 3 times (x 72B)
Class com.google.common.collect.ImmutableMapEntrySet                                  : loaded 3 times (x 154B)
Class com.google.gson.internal.ObjectConstructor                                      : loaded 3 times (x 72B)
Class com.intellij.openapi.externalSystem.model.ExternalSystemException               : loaded 3 times (x 87B)
Class org.gradle.internal.time.DefaultCountdownTimer                                  : loaded 3 times (x 90B)
Class io.opentelemetry.api.GlobalOpenTelemetry$ObfuscatedOpenTelemetry                : loaded 3 times (x 94B)
Class io.opentelemetry.api.internal.IncubatingUtil                                    : loaded 3 times (x 73B)
Class kotlin.Result$Failure                                                           : loaded 3 times (x 74B)
Class org.jetbrains.plugins.gradle.model.ExternalTask                                 : loaded 3 times (x 72B)
Class kotlin.collections.ArraysKt__ArraysKt                                           : loaded 3 times (x 73B)
Class com.amazon.ion.ValueFactory                                                     : loaded 3 times (x 72B)
Class [Lcom.amazon.ion.impl.bin.IonManagedBinaryWriter$ImportedSymbolResolverMode;    : loaded 3 times (x 71B)
Class com.amazon.ion.impl.IonWriterSystemText                                         : loaded 3 times (x 191B)
Class com.amazon.ion.impl.lite.IonContext                                             : loaded 3 times (x 72B)
Class com.amazon.ion.impl.lite.IonLoaderLite                                          : loaded 3 times (x 84B)
Class com.amazon.ion.impl.bin.utf8.Utf8StringEncoderPool$1                            : loaded 3 times (x 78B)
Class com.google.common.base.MoreObjects                                              : loaded 3 times (x 73B)
Class com.amazon.ion.ReadOnlyValueException                                           : loaded 3 times (x 86B)
Class com.google.common.collect.ArrayListMultimapGwtSerializationDependencies         : loaded 3 times (x 173B)
Class com.google.gson.internal.bind.DefaultDateTypeAdapter                            : loaded 3 times (x 76B)
Class com.google.common.collect.Multiset                                              : loaded 3 times (x 72B)
Class com.google.common.math.MathPreconditions                                        : loaded 3 times (x 73B)
Class com.google.gson.GsonBuilder                                                     : loaded 3 times (x 74B)
Class com.google.common.collect.ObjectArrays                                          : loaded 3 times (x 73B)
Class com.android.ide.gradle.model.dependencies.DeclaredDependencies                  : loaded 3 times (x 72B)
Class io.opentelemetry.context.DefaultContextKey                                      : loaded 3 times (x 74B)
Class org.gradle.tooling.internal.adapter.ProtocolToModelAdapter$PropertyCachingMethodInvoker: loaded 3 times (x 78B)
Class com.amazon.ion.impl.bin.IonRawBinaryWriter$ContainerType                        : loaded 3 times (x 81B)
Class com.amazon.ion.impl._Private_IonTextWriterBuilder$Mutable                       : loaded 3 times (x 103B)
Class kotlin.ResultKt                                                                 : loaded 3 times (x 73B)
Class kotlin.jvm.internal.KotlinGenericDeclaration                                    : loaded 3 times (x 72B)
Class kotlin.comparisons.ComparisonsKt___ComparisonsJvmKt                             : loaded 3 times (x 73B)
Class com.google.common.collect.NullsFirstOrdering                                    : loaded 3 times (x 117B)
Class com.amazon.ion.impl.bin.Block                                                   : loaded 3 times (x 81B)
Class kotlin.sequences.FlatteningSequence                                             : loaded 3 times (x 77B)
Class kotlin.collections.CollectionsKt__IteratorsJVMKt                                : loaded 3 times (x 73B)
Class com.amazon.ion.impl._Private_LocalSymbolTable                                   : loaded 3 times (x 72B)
Class com.google.common.primitives.Ints                                               : loaded 3 times (x 73B)
Class kotlin.text.MatcherMatchResult                                                  : loaded 3 times (x 82B)
Class io.opentelemetry.context.ImplicitContextKeyed                                   : loaded 3 times (x 72B)
Class org.gradle.tooling.internal.adapter.ProtocolToModelAdapter$ViewKey              : loaded 3 times (x 74B)
Class com.amazon.ion.impl.lite.IonStringLite                                          : loaded 3 times (x 215B)
Class com.amazon.ion.impl.bin.PooledBlockAllocatorProvider$PooledBlockAllocator$1     : loaded 3 times (x 81B)
Class com.google.common.collect.BiMap                                                 : loaded 3 times (x 72B)
Class com.google.common.collect.ImmutableMap$1                                        : loaded 3 times (x 83B)
Class com.google.common.collect.IndexedImmutableSet                                   : loaded 3 times (x 154B)
Class com.google.gson.TypeAdapter                                                     : loaded 3 times (x 75B)
Class com.google.gson.ToNumberStrategy                                                : loaded 3 times (x 72B)
Class org.objectweb.asm.FieldVisitor                                                  : loaded 3 times (x 79B)
Class org.gradle.internal.time.DefaultTimer                                           : loaded 3 times (x 82B)
Class io.opentelemetry.context.ThreadLocalContextStorage$NoopScope                    : loaded 3 times (x 87B)
Class [Lio.opentelemetry.context.ThreadLocalContextStorage$NoopScope;                 : loaded 3 times (x 71B)
Class kotlin.collections.EmptyList                                                    : loaded 3 times (x 176B)
Class kotlin.collections.MapsKt__MapsJVMKt                                            : loaded 3 times (x 73B)
Class com.android.builder.model.v2.ide.AndroidGradlePluginProjectFlags$BooleanFlag    : loaded 3 times (x 81B)
Class com.google.gson.internal.bind.ReflectiveTypeAdapterFactory$2                    : loaded 3 times (x 80B)
Class com.amazon.ion.BufferConfiguration$DataHandler                                  : loaded 3 times (x 72B)
Class com.google.common.cache.CacheLoader$UnsupportedLoadingOperationException        : loaded 3 times (x 84B)
Class com.google.common.math.IntMath$1                                                : loaded 3 times (x 73B)
Class org.objectweb.asm.ClassWriter                                                   : loaded 3 times (x 107B)
Class com.google.common.collect.AbstractMapBasedMultimap$KeySet$1                     : loaded 3 times (x 84B)
Class org.gradle.tooling.internal.adapter.ProtocolToModelAdapter                      : loaded 3 times (x 82B)
Class com.intellij.gradle.toolingExtension.impl.model.buildScriptClasspathModel.GradleBuildScriptClasspathSerializationService$WriteContext: loaded 3 times (x 74B)
Class gnu.trove.THash                                                                 : loaded 3 times (x 83B)
Class com.google.common.collect.Platform                                              : loaded 3 times (x 73B)
Class org.jetbrains.plugins.gradle.ExternalDependencyId                               : loaded 3 times (x 72B)
Class com.amazon.ion.IonMutableCatalog                                                : loaded 3 times (x 72B)
Class [Lorg.objectweb.asm.Type;                                                       : loaded 3 times (x 71B)
Class com.amazon.ion.impl._Private_IonReaderBuilder                                   : loaded 3 times (x 99B)
Class com.google.gson.internal.bind.ReflectiveTypeAdapterFactory$1                    : loaded 3 times (x 76B)
Class io.opentelemetry.api.trace.DefaultTracerProvider                                : loaded 3 times (x 81B)
Class com.google.common.collect.ExplicitOrdering                                      : loaded 3 times (x 117B)
Class com.android.builder.model.v2.ide.LibraryType                                    : loaded 3 times (x 81B)
Class [Lcom.android.builder.model.v2.ide.LibraryType;                                 : loaded 3 times (x 71B)
Class com.google.gson.stream.JsonWriter                                               : loaded 3 times (x 100B)
Class com.amazon.ion.impl._Private_IonBinaryWriterBuilder                             : loaded 3 times (x 117B)
Class com.amazon.ion.impl.bin._Private_IonManagedBinaryWriterBuilder$AllocatorMode$2  : loaded 3 times (x 82B)
Class com.amazon.ion.impl._Private_IonTextWriterBuilder                               : loaded 3 times (x 103B)
Class com.amazon.ion.impl.lite.IonFloatLite                                           : loaded 3 times (x 189B)
Class kotlin.text.MatchGroupCollection                                                : loaded 3 times (x 72B)
Class com.google.gson.internal.bind.DefaultDateTypeAdapter$DateType                   : loaded 3 times (x 75B)
Class com.google.common.util.concurrent.UncheckedExecutionException                   : loaded 3 times (x 84B)
Class kotlin.ranges.IntProgression                                                    : loaded 3 times (x 83B)
Class org.jetbrains.kotlin.idea.gradleTooling.KotlinGradlePluginVersion               : loaded 3 times (x 72B)
Class com.intellij.compose.ide.plugin.gradleTooling.rt.ComposeResourcesModel          : loaded 3 times (x 72B)
Class com.android.builder.model.v2.ide.TestInfo$Execution                             : loaded 3 times (x 81B)
Class org.gradle.tooling.internal.adapter.CollectionMapper                            : loaded 3 times (x 75B)
Class org.jetbrains.plugins.gradle.tooling.serialization.ProjectDependenciesSerializationService: loaded 3 times (x 79B)
Class org.jetbrains.plugins.gradle.tooling.serialization.ProjectDependenciesSerializationService$WriteContext: loaded 3 times (x 74B)
Class kotlin.Result                                                                   : loaded 3 times (x 74B)
Class io.opentelemetry.context.ContextStorageWrappers                                 : loaded 3 times (x 73B)
Class io.opentelemetry.context.propagation.DefaultContextPropagators                  : loaded 3 times (x 77B)
Class com.intellij.gradle.toolingExtension.impl.util.collectionUtil.GradleCollections : loaded 3 times (x 73B)
Class org.jetbrains.plugins.gradle.model.IntelliJSettings                             : loaded 3 times (x 72B)
Class org.jetbrains.kotlin.idea.gradleTooling.KotlinSourceSetContainer                : loaded 3 times (x 72B)
Class org.gradle.tooling.model.kotlin.dsl.KotlinDslScriptModel                        : loaded 3 times (x 72B)
Class com.google.common.collect.Range                                                 : loaded 3 times (x 88B)
Class kotlin.text.CharsKt                                                             : loaded 3 times (x 73B)
Class kotlin.collections.AbstractIterator                                             : loaded 3 times (x 85B)
Class com.amazon.ion.impl.bin._Private_IonManagedBinaryWriterBuilder$AllocatorMode$1  : loaded 3 times (x 82B)
Class com.amazon.ion.Decimal                                                          : loaded 3 times (x 136B)
Class com.amazon.ion.impl.bin.AbstractSymbolTable                                     : loaded 3 times (x 109B)
Class com.amazon.ion.impl._Private_ReaderWriter                                       : loaded 3 times (x 72B)
Class com.amazon.ion.impl.lite.IonStructLite                                          : loaded 3 times (x 300B)
Class com.android.ide.gradle.model.LegacyAndroidGradlePluginProperties                : loaded 3 times (x 72B)
Class com.google.common.util.concurrent.AbstractFuture$Trusted                        : loaded 3 times (x 72B)
Class io.opentelemetry.api.trace.DefaultTracer$NoopSpanBuilder                        : loaded 3 times (x 93B)
Class io.opentelemetry.api.trace.SpanContext                                          : loaded 3 times (x 72B)
Class org.jetbrains.plugins.gradle.tooling.serialization.AnnotationProcessingModelSerializationService$WriteContext: loaded 3 times (x 74B)
Class kotlin.reflect.KCallable                                                        : loaded 3 times (x 72B)
Class com.google.common.collect.ImmutableRangeSet$1                                   : loaded 3 times (x 212B)
Class com.android.builder.model.v2.ide.CodeShrinker                                   : loaded 3 times (x 81B)
Class kotlin.io.FilesKt__FilePathComponentsKt                                         : loaded 3 times (x 73B)
Class kotlin.io.TerminateException                                                    : loaded 3 times (x 84B)
Class com.amazon.ion.IonSymbol                                                        : loaded 3 times (x 72B)
Class com.amazon.ion.impl.bin.utf8.Poolable                                           : loaded 3 times (x 81B)
Class com.google.gson.internal.sql.SqlTimeTypeAdapter$1                               : loaded 3 times (x 77B)
Class com.google.gson.internal.bind.MapTypeAdapterFactory$Adapter                     : loaded 3 times (x 76B)
Class kotlin.jvm.KotlinReflectionNotSupportedError                                    : loaded 3 times (x 84B)
Class org.jetbrains.kotlin.build.report.metrics.ValueType                             : loaded 3 times (x 81B)
Class com.google.common.base.Ascii                                                    : loaded 3 times (x 73B)
Class kotlin.collections.CollectionsKt__MutableCollectionsKt                          : loaded 3 times (x 73B)
Class com.android.builder.model.v2.ide.BytecodeTransformation                         : loaded 3 times (x 81B)
Class org.jetbrains.plugins.gradle.tooling.serialization.ToolingStreamApiUtils        : loaded 3 times (x 73B)
Class com.amazon.ion.system.IonWriterBuilder                                          : loaded 3 times (x 76B)
Class com.amazon.ion.facet.Faceted                                                    : loaded 3 times (x 72B)
Class com.amazon.ion.IonBufferConfiguration$OversizedSymbolTableHandler               : loaded 3 times (x 72B)
Class com.google.common.collect.SingletonImmutableBiMap                               : loaded 3 times (x 145B)
Class org.objectweb.asm.Type                                                          : loaded 3 times (x 74B)
Class com.amazon.ion.impl.lite.IonContainerLite                                       : loaded 3 times (x 250B)
Class com.google.common.cache.LocalCache$1                                            : loaded 3 times (x 91B)
Class com.google.common.cache.LocalCache$2                                            : loaded 3 times (x 144B)
Class com.google.gson.internal.bind.TypeAdapterRuntimeTypeWrapper                     : loaded 3 times (x 76B)
Class com.google.common.collect.AbstractMultimap                                      : loaded 3 times (x 125B)
Class com.google.common.collect.AbstractMapEntry                                      : loaded 3 times (x 83B)
Class org.jetbrains.plugins.gradle.tooling.serialization.RepositoriesModelSerializationService$WriteContext: loaded 3 times (x 74B)
Class com.google.common.collect.Sets$ImprovedAbstractSet                              : loaded 3 times (x 137B)
Class org.gradle.tooling.model.UnsupportedMethodException                             : loaded 3 times (x 84B)
Class org.gradle.tooling.internal.adapter.ProtocolToModelAdapter$SupportedPropertyInvoker: loaded 3 times (x 78B)
Class com.intellij.gradle.toolingExtension.util.GradleVersionUtil                     : loaded 3 times (x 73B)
Class kotlin.Pair                                                                     : loaded 3 times (x 74B)
Class com.amazon.ion.impl.IonWriterSystem                                             : loaded 3 times (x 172B)
Class com.amazon.ion.impl.bin.Symbols$2                                               : loaded 3 times (x 109B)
Class com.amazon.ion.impl.bin._Private_IonManagedWriter                               : loaded 3 times (x 72B)
Class kotlin.sequences.TransformingSequence$iterator$1                                : loaded 3 times (x 81B)
Class com.android.ide.gradle.model.GradlePropertiesModel                              : loaded 3 times (x 72B)
Class com.android.tools.idea.gradle.project.sync.VariantDependenciesCompat$AdjacencyList: loaded 2 times (x 74B)
Class jdk.internal.jrtfs.JrtFileSystemProvider                                        : loaded 2 times (x 103B)
Class com.android.build.gradle.BasePlugin                                             : loaded 2 times (x 78B)
Class com.android.build.gradle.AbstractAppExtension                                   : loaded 2 times (x 217B)
Class com.android.build.gradle.internal.tasks.factory.GlobalTaskCreationConfigImpl    : loaded 2 times (x 137B)
Class com.intellij.gradle.toolingExtension.impl.util.GradleExecutorServiceUtil        : loaded 2 times (x 73B)
Class com.sun.xml.bind.v2.model.impl.RuntimeBuiltinLeafInfoImpl$3                     : loaded 2 times (x 138B)
Class com.sun.xml.bind.v2.model.core.BuiltinLeafInfo                                  : loaded 2 times (x 72B)
Class com.android.repository.impl.generated.v2.DependenciesType                       : loaded 2 times (x 77B)
Class com.android.sdklib.repository.AndroidSdkHandler$InstanceProvider                : loaded 2 times (x 72B)
Class com.android.sdklib.OptionalLibrary                                              : loaded 2 times (x 72B)
Class com.android.build.api.variant.impl.ArtifactMetadataProcessor$Companion          : loaded 2 times (x 73B)
Class com.android.build.api.artifact.SingleArtifact$OBFUSCATION_MAPPING_PARTITION_FILE: loaded 2 times (x 76B)
Class com.android.build.gradle.internal.dependency.DexingOutputSplitTransform$Inject_1: loaded 2 times (x 111B)
Class com.android.build.gradle.internal.dependency.DexingNoClasspathTransform         : loaded 2 times (x 83B)
Class com.android.build.gradle.internal.dependency.MockableJarTransform$Parameters_Decorated: loaded 2 times (x 137B)
Class com.android.build.gradle.internal.variant.AbstractVariantInputManager           : loaded 2 times (x 99B)
Class com.android.build.gradle.internal.test.AbstractTestDataImpl$testDirectories$1$2 : loaded 2 times (x 81B)
Class com.android.build.api.component.impl.DefaultSourcesProviderImpl$defaultAssetsSources$1: loaded 2 times (x 80B)
Class com.android.build.api.variant.impl.SigningConfigImpl$keyAlias$1                 : loaded 2 times (x 77B)
Class com.android.build.gradle.internal.tasks.DexArchiveBuilderTask$CreationAction$handleProvider$9: loaded 2 times (x 80B)
Class org.jetbrains.kotlin.compose.compiler.gradle.ComposeCompilerGradleSubplugin$applyToCompilation$allPluginProperties$1$11: loaded 2 times (x 76B)
Class com.android.build.gradle.internal.res.GenerateLibraryRFileTask$CreationAction   : loaded 2 times (x 92B)
Class com.android.build.gradle.internal.scope.InternalArtifactType$MERGED_RES         : loaded 2 times (x 76B)
Class com.android.build.api.artifact.SingleArtifact$MERGED_MANIFEST                   : loaded 2 times (x 76B)
Class com.android.build.api.component.impl.OldVariantApiLegacySupportImpl$JavaCompileOptionsForOldVariantAPI$_annotationProcessorOptions$1: loaded 2 times (x 79B)
Class com.android.build.gradle.tasks.ExtractDeepLinksTask                             : loaded 2 times (x 341B)
Class com.android.build.gradle.internal.tasks.NonIncrementalTask                      : loaded 2 times (x 335B)
Class com.android.build.gradle.internal.core.dsl.impl.AndroidTestComponentDslInfoImpl$namespace$2: loaded 2 times (x 81B)
Class com.android.build.gradle.internal.core.MergedExternalNativeCmakeOptions         : loaded 2 times (x 88B)
Class com.android.build.api.component.impl.features.NativeBuildCreationConfigImpl     : loaded 2 times (x 83B)
Class com.android.build.api.variant.JavaCompilation                                   : loaded 2 times (x 72B)
Class com.android.build.api.variant.impl.VariantImpl                                  : loaded 2 times (x 371B)
Class com.android.build.api.variant.impl.InternalVariantBuilder                       : loaded 2 times (x 72B)
Class com.android.build.gradle.internal.core.dsl.ConsumableComponentDslInfo           : loaded 2 times (x 72B)
Class org.jetbrains.kotlin.compose.compiler.gradle.model.builder.ComposeCompilerModelBuilder: loaded 2 times (x 77B)
Class [Lcom.android.build.gradle.ProguardFiles$ProguardFile;                          : loaded 2 times (x 71B)
Class com.android.build.gradle.internal.ide.v2.NativeModelBuilder$scopes$2            : loaded 2 times (x 81B)
Class com.android.build.api.dsl.SingleVariant                                         : loaded 2 times (x 72B)
Class com.android.build.gradle.internal.dsl.BundleOptionsLanguage$AgpDecorated        : loaded 2 times (x 83B)
Class com.android.ide.common.blame.Message$Kind$Companion                             : loaded 2 times (x 73B)
Class org.jetbrains.kotlin.gradle.plugin.KotlinTargetPreset                           : loaded 2 times (x 72B)
Class org.jetbrains.kotlin.gradle.utils.FileUtilsKt$localProperties$1                 : loaded 2 times (x 77B)
Class org.jetbrains.kotlin.gradle.dsl.HasConfigurableKotlinCompilerOptions            : loaded 2 times (x 72B)
Class com.android.build.gradle.internal.plugins.BasePlugin$configureProject$5         : loaded 2 times (x 76B)
Class com.android.build.gradle.internal.lint.LintFixBuildService                      : loaded 2 times (x 77B)
Class com.android.build.gradle.internal.res.Aapt2FromMaven$Companion$create$aapt2Directory$1: loaded 2 times (x 76B)
Class com.google.wireless.android.sdk.stats.GradleBuildProject                        : loaded 2 times (x 261B)
Class com.google.wireless.android.sdk.stats.GradleBuildProfileSpan$ExecutionType      : loaded 2 times (x 89B)
Class com.android.build.gradle.internal.errors.SyncIssueReporterImpl$GlobalSyncIssueService: loaded 2 times (x 84B)
Class com.android.build.gradle.internal.errors.DeprecationReporterImpl                : loaded 2 times (x 85B)
Class com.android.build.gradle.internal.errors.AndroidProblemReporterProvider$RegistrationAction: loaded 2 times (x 76B)
Class com.android.build.gradle.options.ProjectOptions                                 : loaded 2 times (x 74B)
Class com.android.build.gradle.internal.services.RunOnceBuildServiceImpl$ActionName   : loaded 2 times (x 74B)
Class com.android.repository.Revision                                                 : loaded 2 times (x 89B)
Class com.android.build.gradle.internal.plugins.BasePlugin$configureProject$4         : loaded 2 times (x 76B)
Class com.android.build.api.dsl.LibraryProductFlavor                                  : loaded 2 times (x 72B)
Class com.android.build.gradle.internal.dsl.decorator.SupportedPropertyType$Collection$List: loaded 2 times (x 76B)
Class com.android.build.api.dsl.Bundle                                                : loaded 2 times (x 72B)
Class com.android.build.gradle.internal.dsl.BundleOptionsDensity                      : loaded 2 times (x 79B)
Class com.android.build.api.dsl.ExternalNativeBuild                                   : loaded 2 times (x 72B)
Class com.sun.xml.bind.v2.model.impl.RuntimeBuiltinLeafInfoImpl$4                     : loaded 2 times (x 138B)
Class javax.xml.bind.Marshaller                                                       : loaded 2 times (x 72B)
Class com.sun.xml.bind.v2.model.core.ErrorHandler                                     : loaded 2 times (x 72B)
Class com.sun.xml.bind.v2.runtime.ClassBeanInfoImpl                                   : loaded 2 times (x 94B)
Class com.sun.xml.bind.v2.model.runtime.RuntimeNonElement                             : loaded 2 times (x 72B)
Class com.android.repository.impl.generated.v1.CompleteType                           : loaded 2 times (x 85B)
Class [Ljavax.xml.bind.annotation.XmlNsForm;                                          : loaded 2 times (x 71B)
Class com.android.build.gradle.internal.AndroidTestTaskManager$createConnectedTestForVariant$1: loaded 2 times (x 77B)
Class com.android.build.gradle.internal.tasks.creationconfig.BaseProcessTestManifestCreationConfig: loaded 2 times (x 146B)
Class com.android.build.gradle.internal.tasks.CompileArtProfileTask$CreationAction$handleProvider$1: loaded 2 times (x 133B)
Class com.android.build.gradle.internal.tasks.SigningConfigVersionsWriterTask$CreationAction$handleProvider$1: loaded 2 times (x 133B)
Class org.jetbrains.kotlin.gradle.plugin.mpp.DefaultKotlinCompilationOutput$allOutputs$1$1: loaded 2 times (x 77B)
Class org.jetbrains.kotlin.gradle.plugin.mpp.HasBinaries                              : loaded 2 times (x 72B)
Class com.android.build.gradle.internal.services.BuiltInKaptSupportMode$Supported     : loaded 2 times (x 73B)
Class com.android.build.gradle.internal.res.LinkApplicationAndroidResourcesTask$BaseCreationAction$handleProvider$1: loaded 2 times (x 133B)
Class com.android.build.gradle.internal.dependency.VariantDependencies$computeLocalFileDependencies$1: loaded 2 times (x 82B)
Class com.android.builder.dexing.DexingType                                           : loaded 2 times (x 81B)
Class com.android.build.gradle.internal.tasks.factory.VariantTaskCreationAction       : loaded 2 times (x 92B)
Class com.android.build.api.component.impl.DeviceTestImpl$resValues$2                 : loaded 2 times (x 81B)
Class com.android.build.api.variant.impl.TestedApkPackagingImpl                       : loaded 2 times (x 97B)
Class com.android.build.gradle.internal.tasks.factory.TaskProviderCallback            : loaded 2 times (x 72B)
Class com.android.build.gradle.internal.services.FakeDependencyJarBuildService$FakeDependencyJarCreator$Params_Decorated: loaded 2 times (x 134B)
Class com.android.build.gradle.internal.services.FakeDependencyJarBuildService$FakeDependencyJarCreator: loaded 2 times (x 82B)
Class com.android.build.gradle.internal.tasks.factory.BootClasspathConfigImpl$filteredBootClasspath$2: loaded 2 times (x 81B)
Class com.android.build.gradle.internal.dsl.BundleOptionsAiModelVersion$AgpDecorated  : loaded 2 times (x 87B)
Class com.android.build.gradle.internal.dsl.decorator.ApplicationInstallationImpl$AgpDecorated_Decorated: loaded 2 times (x 145B)
Class [Lcom.android.resources.Density;                                                : loaded 2 times (x 71B)
Class com.android.build.gradle.internal.dsl.ExternalNativeBuildOptions_Decorated      : loaded 2 times (x 140B)
Class com.google.common.util.concurrent.AbstractFuture$UnsafeAtomicHelper$1           : loaded 2 times (x 78B)
Class com.android.build.gradle.internal.variant.BaseVariantFactory$Companion          : loaded 2 times (x 73B)
Class org.jetbrains.kotlin.gradle.targets.native.toolchain.UsesKotlinNativeBundleBuildService: loaded 2 times (x 72B)
Class com.android.build.api.artifact.impl.ArtifactNamingContext                       : loaded 2 times (x 74B)
Class org.jetbrains.kotlin.gradle.plugin.KotlinCompilerArgumentsProducer              : loaded 2 times (x 72B)
Class org.jetbrains.kotlin.gradle.dsl.KotlinCommonOptions                             : loaded 2 times (x 72B)
Class com.android.build.api.component.impl.features.CommonOptimizationDslInfoImpl     : loaded 2 times (x 100B)
Class com.android.build.gradle.internal.ide.dependencies.LibraryDependencyCacheBuildService$RegistrationAction: loaded 2 times (x 76B)
Class com.android.utils.DateProvider$1                                                : loaded 2 times (x 77B)
Class com.android.build.gradle.internal.dependency.ResolutionResultProvider           : loaded 2 times (x 72B)
Class com.android.build.gradle.internal.variant.BaseVariantData$Companion             : loaded 2 times (x 73B)
Class com.android.build.gradle.internal.variant.BaseVariantFactory                    : loaded 2 times (x 108B)
Class org.jetbrains.plugins.gradle.tooling.serialization.internal.IdeaProjectSerializationService$TestResourceDirectoriesGetter: loaded 2 times (x 77B)
Class com.android.build.api.component.impl.features.InstrumentationCreationConfigImpl$instrumentation$2: loaded 2 times (x 81B)
Class com.android.build.gradle.internal.scope.InternalArtifactType$DATA_BINDING_LAYOUT_INFO_TYPE_MERGE: loaded 2 times (x 76B)
Class com.android.ide.common.gradle.Component                                         : loaded 2 times (x 74B)
Class com.android.tools.idea.gradle.model.impl.IdeJavaCompileOptionsImpl              : loaded 2 times (x 80B)
Class com.android.tools.idea.gradle.model.IdeBasicVariant                             : loaded 2 times (x 72B)
Class com.android.build.gradle.tasks.JavaPreCompileTask$CreationAction$handleProvider$1: loaded 2 times (x 80B)
Class org.jetbrains.kotlin.compose.compiler.gradle.ComposeCompilerGradleSubplugin$applyToCompilation$allPluginProperties$1$10: loaded 2 times (x 78B)
Class com.android.build.gradle.internal.tasks.DexArchiveBuilderTask$CreationAction$handleProvider$8: loaded 2 times (x 133B)
Class com.android.build.gradle.internal.tasks.StripDebugSymbolsTask                   : loaded 2 times (x 344B)
Class com.android.build.gradle.internal.tasks.ParseIntegrityConfigTask                : loaded 2 times (x 337B)
Class com.android.build.gradle.internal.tasks.BundleToStandaloneApkTask$CreationAction$handleProvider$2: loaded 2 times (x 77B)
Class com.android.build.gradle.internal.tasks.MergeNativeDebugMetadataTask$CreationAction$handleProvider$1: loaded 2 times (x 133B)
Class com.android.build.gradle.tasks.ProcessTestManifestPackaging$CreationAction      : loaded 2 times (x 92B)
Class com.sun.xml.bind.v2.model.impl.RuntimeBuiltinLeafInfoImpl$5                     : loaded 2 times (x 138B)
Class com.android.sdklib.repository.generated.common.v2.IdDisplayType                 : loaded 2 times (x 85B)
Class com.android.sdklib.repository.generated.sysimg.v3.package-info                  : loaded 2 times (x 72B)
Class [Lcom.android.build.api.artifact.Artifact;                                      : loaded 2 times (x 71B)
Class com.android.build.gradle.internal.scope.ArtifactPublishingUtil$publishArtifactToConfiguration$1$1$1: loaded 2 times (x 77B)
Class com.android.build.gradle.internal.scope.InternalArtifactType$DATA_BINDING_BASE_CLASS_LOG_ARTIFACT: loaded 2 times (x 76B)
Class com.android.build.gradle.internal.AndroidTestTaskManager$createConnectedTestForVariant$2: loaded 2 times (x 77B)
Class com.android.tools.utp.gradle.api.UtpDependency$1                                : loaded 2 times (x 133B)
Class com.android.build.gradle.internal.dependency.SubtractingArtifactCollection$SubtractingArtifactResult$removedFiles$1: loaded 2 times (x 81B)
Class com.android.build.gradle.internal.tasks.PerModuleBundleTask                     : loaded 2 times (x 354B)
Class com.android.build.gradle.internal.tasks.CompileArtProfileTask$CreationAction$handleProvider$2: loaded 2 times (x 133B)
Class org.jetbrains.kotlin.compose.compiler.gradle.internal.ComposeWithAgpConfig      : loaded 2 times (x 74B)
Class org.jetbrains.kotlin.gradle.plugin.sources.FragmentConsistencyChecker           : loaded 2 times (x 74B)
Class org.jetbrains.kotlin.gradle.tasks.configuration.BaseKotlinCompileConfig$1$classpathConfiguration$1: loaded 2 times (x 77B)
Class com.android.build.gradle.internal.tasks.creationconfig.BaseJavaCompileCreationConfig: loaded 2 times (x 134B)
Class com.android.build.gradle.internal.tasks.PrepareLintJarForPublish$CreationAction$handleProvider$1: loaded 2 times (x 133B)
Class com.android.build.gradle.internal.tasks.featuresplit.PackagedDependenciesWriterTask$CreationAction: loaded 2 times (x 92B)
Class com.android.build.gradle.internal.core.dsl.impl.features.NativeBuildDslInfoImpl$mergeOptions$1: loaded 2 times (x 80B)
Class com.android.build.api.attributes.BuildTypeAttr$Impl                             : loaded 2 times (x 90B)
Class [Lcom.android.build.gradle.internal.dsl.ModulePropertyKey$BooleanWithDefault;   : loaded 2 times (x 71B)
Class com.android.build.gradle.internal.profile.ProfilingMode$Companion               : loaded 2 times (x 73B)
Class com.android.build.gradle.internal.services.VariantBuilderServices               : loaded 2 times (x 72B)
Class com.android.build.api.extension.impl.OperationsRegistrar                        : loaded 2 times (x 74B)
Class com.android.tools.lint.model.LintModelSeverity                                  : loaded 2 times (x 81B)
Class com.android.build.gradle.internal.dsl.BundleOptionsAbi$AgpDecorated             : loaded 2 times (x 83B)
Class com.android.build.gradle.internal.dsl.ApplicationAndroidResourcesImpl$AgpDecorated: loaded 2 times (x 131B)
Class com.android.builder.core.AbstractProductFlavor$DimensionRequest                 : loaded 2 times (x 74B)
Class com.android.build.api.variant.impl.FileBasedFileEntry$asFile$1                  : loaded 2 times (x 77B)
Class com.android.build.gradle.internal.dsl.LintImpl                                  : loaded 2 times (x 218B)
Class com.android.build.api.dsl.SigningConfig                                         : loaded 2 times (x 72B)
Class org.jetbrains.kotlin.gradle.dsl.DefaultToolchainSupport_Decorated               : loaded 2 times (x 122B)
Class org.jetbrains.kotlin.gradle.internal.properties.NativePropertiesLoader$jvmArgs$1: loaded 2 times (x 77B)
Class org.jetbrains.kotlin.gradle.report.BuildMetricsService$Companion                : loaded 2 times (x 73B)
Class org.jetbrains.kotlin.gradle.plugin.VariantImplementationFactories$Parameters_Decorated: loaded 2 times (x 132B)
Class org.jetbrains.kotlin.gradle.plugin.PropertiesProvider$PropertyNames             : loaded 2 times (x 73B)
Class org.jetbrains.kotlin.gradle.tasks.KotlinCompileTool                             : loaded 2 times (x 72B)
Class org.jetbrains.kotlin.gradle.utils.SingleAction$PerformedActions                 : loaded 2 times (x 74B)
Class org.jetbrains.kotlin.gradle.utils.GradleUtilsKt                                 : loaded 2 times (x 73B)
Class org.jetbrains.kotlin.gradle.plugin.HasProject                                   : loaded 2 times (x 72B)
Class com.android.build.api.variant.impl.SourcesImpl$aidl$2                           : loaded 2 times (x 81B)
Class com.android.io.CancellableFileIo                                                : loaded 2 times (x 73B)
Class com.google.protobuf.Descriptors$FieldDescriptor                                 : loaded 2 times (x 90B)
Class com.android.build.gradle.internal.errors.SyncIssueReporterImpl$GlobalSyncIssueService$Parameters: loaded 2 times (x 72B)
Class com.android.build.api.variant.ComponentIdentity                                 : loaded 2 times (x 72B)
Class com.android.build.gradle.internal.testing.ManagedDeviceRegistry                 : loaded 2 times (x 77B)
Class com.android.build.gradle.internal.tasks.ApplicationTaskManager                  : loaded 2 times (x 89B)
Class com.android.build.gradle.internal.dsl.BaseAppModuleExtension                    : loaded 2 times (x 461B)
Class com.android.build.gradle.AndroidConfig                                          : loaded 2 times (x 72B)
Class com.android.build.gradle.internal.test.AbstractTestDataImpl$testDirectories$1$1 : loaded 2 times (x 81B)
Class com.android.build.gradle.tasks.RenderscriptCompile                              : loaded 2 times (x 353B)
Class com.android.build.gradle.internal.dsl.VariantOutputFactory                      : loaded 2 times (x 75B)
Class com.android.build.gradle.internal.scope.InternalArtifactType$RENDERSCRIPT_HEADERS: loaded 2 times (x 76B)
Class com.android.build.gradle.internal.SdkComponentsBuildService$VersionedSdkLoader$buildToolInfoProvider$1: loaded 2 times (x 77B)
Class com.sun.xml.bind.v2.util.QNameMap$Entry                                         : loaded 2 times (x 74B)
Class com.sun.xml.bind.v2.model.impl.RuntimeBuiltinLeafInfoImpl$2                     : loaded 2 times (x 138B)
Class org.gradle.internal.service.ServiceLocator                                      : loaded 2 times (x 72B)
Class com.android.tools.idea.gradle.model.impl.IdeBuildImpl                           : loaded 2 times (x 78B)
Class com.google.gson.internal.Primitives                                             : loaded 2 times (x 73B)
Class org.gradle.tooling.internal.consumer.connection.ParameterAwareBuildControllerAdapter: loaded 2 times (x 114B)
Class com.android.tools.idea.gradle.project.sync.ModelConverter                       : loaded 2 times (x 73B)
Class com.android.tools.idea.gradle.project.sync.SyncActionRunnerKt$toMeasuringController$1: loaded 2 times (x 92B)
Class com.google.common.collect.TreeRangeSet$AsRanges                                 : loaded 2 times (x 151B)
Class com.android.tools.idea.gradle.project.sync.AndroidModule$NativeModelVersion     : loaded 2 times (x 81B)
Class com.android.tools.idea.gradle.project.sync.IdeModelWithPostProcessor            : loaded 2 times (x 74B)
Class com.sun.xml.bind.v2.model.impl.RuntimeBuiltinLeafInfoImpl$6                     : loaded 2 times (x 138B)
Class com.android.repository.impl.generated.v1.ChannelType                            : loaded 2 times (x 85B)
Class com.android.sdklib.repository.generated.repository.v2.package-info              : loaded 2 times (x 72B)
Class com.android.tools.utp.gradle.api.UtpDependency$2                                : loaded 2 times (x 133B)
Class [Lcom.android.builder.compiling.BuildConfigType;                                : loaded 2 times (x 71B)
Class com.android.build.gradle.internal.tasks.CompileArtProfileTask$CreationAction$handleProvider$3: loaded 2 times (x 133B)
Class com.android.build.gradle.internal.tasks.OptimizeResourcesTask$CreateAction$handleProvider$operationRequest$1: loaded 2 times (x 133B)
Class com.android.build.gradle.internal.tasks.BundleIdeModelProducerTask$CreationAction$handleProvider$1: loaded 2 times (x 133B)
Class com.android.tools.r8.Version                                                    : loaded 2 times (x 73B)
Class org.jetbrains.kotlin.gradle.plugin.mpp.compilationImpl.factory.KotlinCompilationImplFactory$KotlinCompilationTaskNamesContainerFactory: loaded 2 times (x 72B)
Class org.jetbrains.kotlin.gradle.plugin.diagnostics.ToolingDiagnosticRenderingOptionsKt$isAttachedToTerminal$1: loaded 2 times (x 76B)
Class org.jetbrains.kotlin.gradle.tasks.configuration.BaseKotlinCompileConfig         : loaded 2 times (x 74B)
Class com.android.build.gradle.internal.services.TaskCreationServicesImpl$sam$java_util_concurrent_Callable$0: loaded 2 times (x 77B)
Class com.android.build.gradle.internal.scope.InternalArtifactType$AP_GENERATED_SOURCES: loaded 2 times (x 76B)
Class com.android.build.api.variant.impl.ResourcesPackagingImpl                       : loaded 2 times (x 82B)
Class com.android.build.gradle.internal.scope.InternalArtifactType$UPDATED_NAVIGATION_XML: loaded 2 times (x 76B)
Class com.android.build.api.artifact.impl.InAndOutDirectoryOperationRequestImpl$Companion: loaded 2 times (x 73B)
Class com.android.build.gradle.tasks.ProcessPackagedManifestTask$CreationAction       : loaded 2 times (x 92B)
Class com.android.build.gradle.tasks.ProcessManifestForMetadataFeatureTask$CreationAction$handleProvider$1: loaded 2 times (x 133B)
Class com.android.build.gradle.internal.core.dsl.impl.InstrumentedTestDslInfoImpl$functionalTest$fromFlavor$1: loaded 2 times (x 80B)
Class com.android.build.gradle.internal.core.dsl.impl.AndroidTestComponentDslInfoImpl : loaded 2 times (x 155B)
Class com.android.build.gradle.internal.core.dsl.impl.ApplicationVariantDslInfoImpl$versionCode$2$2: loaded 2 times (x 77B)
Class com.android.build.gradle.internal.core.dsl.impl.features.NativeBuildDslInfoImpl$mergeOptions$2: loaded 2 times (x 80B)
Class com.android.build.api.variant.AndroidResources                                  : loaded 2 times (x 72B)
Class com.android.build.api.variant.HostTest                                          : loaded 2 times (x 72B)
Class [Lcom.android.build.gradle.internal.publishing.AndroidArtifacts$PublishedConfigType;: loaded 2 times (x 71B)
Class com.android.build.gradle.internal.attributes.VariantAttr$Impl                   : loaded 2 times (x 90B)
Class com.android.build.gradle.internal.core.dsl.impl.features.DexingDslInfoImpl      : loaded 2 times (x 79B)
Class org.jetbrains.kotlin.compose.compiler.gradle.ComposeCompilerGradlePluginExtension_Decorated: loaded 2 times (x 133B)
Class com.android.build.gradle.internal.lint.AndroidLintGlobalTask$GlobalCreationAction$Companion: loaded 2 times (x 73B)
Class com.android.build.gradle.internal.tasks.LintCompile$CreationAction              : loaded 2 times (x 93B)
Class com.android.build.gradle.internal.dsl.AndroidTestImpl$AgpDecorated              : loaded 2 times (x 82B)
Class com.android.build.gradle.internal.tasks.factory.GlobalTaskCreationConfigImpl$testOptionExecutionEnum$2: loaded 2 times (x 81B)
Class com.android.build.gradle.internal.tasks.factory.BootClasspathConfigImpl$androidJar$2: loaded 2 times (x 81B)
Class com.android.build.gradle.internal.dsl.BundleOptionsCodeTransparency$AgpDecorated_Decorated: loaded 2 times (x 127B)
Class com.android.build.gradle.internal.dsl.ApplicationExtensionImpl$lintOptions$2    : loaded 2 times (x 81B)
Class com.android.build.gradle.internal.dsl.ManagedDevices$localDevices$1$1           : loaded 2 times (x 77B)
Class com.android.build.gradle.internal.dsl.AarMetadataImpl$AgpDecorated              : loaded 2 times (x 98B)
Class com.android.build.gradle.internal.dsl.AnnotationProcessorOptions$AgpDecorated_Decorated: loaded 2 times (x 151B)
Class com.android.resources.Density                                                   : loaded 2 times (x 94B)
Class com.android.tools.idea.gradle.model.impl.IdeModuleWellKnownSourceSet$Companion  : loaded 2 times (x 73B)
Class com.android.build.api.dsl.CompileSdkBetaSpec                                    : loaded 2 times (x 72B)
Class com.android.build.gradle.internal.dsl.decorator.SupportedPropertyType           : loaded 2 times (x 75B)
Class com.android.build.gradle.internal.dsl.InternalSigningConfig                     : loaded 2 times (x 72B)
Class org.jetbrains.kotlin.gradle.plugin.mpp.KotlinAndroidTarget_Decorated            : loaded 2 times (x 214B)
Class org.jetbrains.kotlin.gradle.ExperimentalKotlinGradlePluginApi                   : loaded 2 times (x 72B)
Class org.jetbrains.kotlin.gradle.dsl.KotlinAndroidProjectExtension                   : loaded 2 times (x 141B)
Class org.jetbrains.kotlin.gradle.internal.properties.NativePropertiesLoader          : loaded 2 times (x 88B)
Class [Lorg.jetbrains.kotlin.build.report.metrics.BuildTime;                          : loaded 2 times (x 71B)
Class org.jetbrains.kotlin.gradle.plugin.KotlinGradleBuildServices$Parameters$Inject_ : loaded 2 times (x 108B)
Class org.jetbrains.kotlin.gradle.plugin.statistics.BuildFusService                   : loaded 2 times (x 86B)
Class com.android.build.gradle.internal.dependency.JacocoInstrumentationService       : loaded 2 times (x 83B)
Class com.android.build.gradle.internal.ide.v2.GlobalSyncService$Parameters_Decorated : loaded 2 times (x 132B)
Class com.android.tools.analytics.StubbableLazy                                       : loaded 2 times (x 78B)
Class com.android.tools.idea.gradle.project.sync.NativeVariantAbiResult$None          : loaded 2 times (x 73B)
Class com.android.build.gradle.internal.profile.TaskMetadata                          : loaded 2 times (x 74B)
Class com.android.build.gradle.internal.scope.ProjectInfo$Companion                   : loaded 2 times (x 73B)
Class com.android.tools.idea.gradle.project.sync.VariantSelectionChange$Companion     : loaded 2 times (x 73B)
Class com.google.protobuf.Internal$EnumLite                                           : loaded 2 times (x 72B)
Class com.android.build.gradle.internal.AbstractAppTaskManager                        : loaded 2 times (x 89B)
Class com.android.build.gradle.internal.plugins.VersionCheckPlugin                    : loaded 2 times (x 76B)
Class com.android.build.gradle.internal.services.RunOnceBuildServiceImpl$RegistrationAction: loaded 2 times (x 75B)
Class jdk.internal.jimage.ImageLocation                                               : loaded 2 times (x 92B)
Class jdk.internal.jrtfs.JrtDirectoryStream$1                                         : loaded 2 times (x 85B)
Class com.android.build.gradle.internal.component.ApkCreationConfig                   : loaded 2 times (x 72B)
Class com.android.build.gradle.internal.plugins.AndroidPluginBaseServices$androidProblemReporterProviderService$2: loaded 2 times (x 81B)
Class com.android.build.gradle.internal.plugins.BasePlugin$buildOutputs$2             : loaded 2 times (x 81B)
Class com.android.build.gradle.internal.utils.AnalyticsEnabledValueSource             : loaded 2 times (x 80B)
Class com.android.builder.profile.AnalyticsProfileWriter                              : loaded 2 times (x 74B)
Class com.android.tools.idea.gradle.project.sync.HasBasicGradleProject                : loaded 2 times (x 72B)
Class com.android.build.gradle.internal.ide.dependencies.MavenCoordinatesCacheBuildService: loaded 2 times (x 82B)
Class io.opentelemetry.context.ForwardingExecutorService                              : loaded 2 times (x 106B)
Class org.gradle.tooling.internal.consumer.converters.FixedBuildIdentifierProvider    : loaded 2 times (x 77B)
Class com.android.build.gradle.internal.plugins.BasePlugin$configureProject$3         : loaded 2 times (x 79B)
Class org.jetbrains.kotlin.tooling.core.KotlinToolingVersion                          : loaded 2 times (x 77B)
Class com.sun.xml.bind.v2.model.impl.RuntimeBuiltinLeafInfoImpl$7                     : loaded 2 times (x 138B)
Class com.sun.xml.bind.v2.model.runtime.RuntimeClassInfo                              : loaded 2 times (x 72B)
Class com.android.sdklib.repository.generated.repository.v3.LayoutlibType             : loaded 2 times (x 76B)
Class com.android.build.gradle.internal.ide.v2.VersionImpl$Companion                  : loaded 2 times (x 73B)
Class com.android.build.gradle.internal.publishing.PublishingSpecs$Companion          : loaded 2 times (x 73B)
Class com.android.tools.utp.gradle.api.UtpDependency$3                                : loaded 2 times (x 133B)
Class com.android.build.gradle.internal.scope.InternalArtifactType$ANDROID_TEST_RESULTS: loaded 2 times (x 76B)
Class com.android.build.api.variant.impl.SourcesImpl$renderscript$2                   : loaded 2 times (x 81B)
Class com.android.build.gradle.internal.tasks.OptimizeResourcesTask$CreateAction$handleProvider$operationRequest$2: loaded 2 times (x 133B)
Class com.android.build.gradle.internal.scope.InternalArtifactType$APK_FROM_BUNDLE_IDE_REDIRECT_FILE: loaded 2 times (x 76B)
Class com.android.build.gradle.internal.tasks.CompileArtProfileTask$CreationAction$handleProvider$4: loaded 2 times (x 133B)
Class org.jetbrains.kotlin.gradle.plugin.mpp.compilationImpl.factory.DefaultKotlinCompilationDependencyConfigurationsFactory$WithRuntime: loaded 2 times (x 77B)
Class org.jetbrains.kotlin.gradle.plugin.diagnostics.IsAttachedToTerminalValueSource$Inject_: loaded 2 times (x 102B)
Class org.jetbrains.kotlin.gradle.plugin.diagnostics.ToolingDiagnosticRenderingOptionsKt$isAttachedToTerminal$2: loaded 2 times (x 76B)
Class com.android.build.gradle.internal.res.LinkApplicationAndroidResourcesTask$BaseCreationAction$handleProvider$4: loaded 2 times (x 133B)
Class com.android.build.gradle.internal.core.dsl.impl.features.NativeBuildDslInfoImpl$mergeOptions$3: loaded 2 times (x 80B)
Class com.android.build.gradle.internal.variant.BaseVariantData$WhenMappings          : loaded 2 times (x 73B)
Class com.android.build.api.component.impl.JavaCompilationImpl                        : loaded 2 times (x 78B)
Class com.android.build.gradle.internal.component.TestSuiteCreationConfig             : loaded 2 times (x 72B)
Class com.android.build.api.variant.impl.HostTestBuilderImpl$Companion                : loaded 2 times (x 73B)
Class com.android.build.gradle.internal.dsl.VcsInfoImpl$AgpDecorated_Decorated        : loaded 2 times (x 127B)
Class com.android.build.gradle.internal.dsl.BuildType$AgpDecorated                    : loaded 2 times (x 374B)
Class com.android.build.gradle.internal.dsl.ManagedDevices$localDevices$1$2           : loaded 2 times (x 77B)
Class com.android.build.gradle.internal.dsl.decorator.DslDecorator$ClassInfoVisitor   : loaded 2 times (x 72B)
Class com.android.build.api.dsl.DependencySelection                                   : loaded 2 times (x 72B)
Class com.android.build.gradle.api.JavaCompileOptions                                 : loaded 2 times (x 72B)
Class org.bouncycastle.jce.provider.BouncyCastleProvider                              : loaded 2 times (x 171B)
Class com.android.build.api.dsl.DynamicFeatureBuildType                               : loaded 2 times (x 72B)
Class org.jetbrains.kotlin.gradle.utils.FutureImpl                                    : loaded 2 times (x 82B)
Class org.jetbrains.kotlin.gradle.internal.properties.NativePropertiesLoader$isToolchainEnabled$1: loaded 2 times (x 77B)
Class org.jetbrains.kotlin.gradle.plugin.mpp.KotlinJvmAndroidCompilation              : loaded 2 times (x 200B)
Class com.google.wireless.android.sdk.stats.GradleBuildMemorySampleOrBuilder          : loaded 2 times (x 72B)
Class org.jetbrains.kotlin.gradle.utils.IsolatedKotlinClasspathClassCastException     : loaded 2 times (x 84B)
Class org.gradle.accessors.dm.LibrariesForLibsInPluginsBlock$AndroidxLifecycleLibraryAccessors: loaded 2 times (x 79B)
Class org.gradle.accessors.dm.LibrariesForLibs_Decorated                              : loaded 2 times (x 128B)
Class org.jetbrains.kotlin.build.report.metrics.GradleBuildTime                       : loaded 2 times (x 88B)
Class com.android.build.gradle.internal.dsl.decorator.DslDecorator$Companion$lookupDefineClassMethod$2: loaded 2 times (x 80B)
Class com.android.tools.idea.gradle.model.impl.IdeUnresolvedLibraryTableImpl          : loaded 2 times (x 77B)
Class com.android.builder.model.v2.ide.TestSuiteTestInfo                              : loaded 2 times (x 72B)
Class com.android.builder.model.v2.ide.BasicTestSuiteArtifact                         : loaded 2 times (x 72B)
Class com.android.tools.idea.gradle.project.sync.Modules                              : loaded 2 times (x 73B)
Class com.android.build.gradle.internal.dsl.MinSdkProperties                          : loaded 2 times (x 72B)
Class org.jetbrains.plugins.gradle.model.DefaultGradleLightBuild                      : loaded 2 times (x 84B)
Class com.android.build.gradle.internal.core.dsl.impl.ApplicationVariantDslInfoImpl   : loaded 2 times (x 200B)
Class com.android.build.gradle.internal.core.MergedJavaCompileOptions                 : loaded 2 times (x 85B)
Class com.android.build.gradle.internal.core.PostProcessingOptions                    : loaded 2 times (x 72B)
Class com.sun.xml.bind.v2.model.impl.RuntimeBuiltinLeafInfoImpl$8                     : loaded 2 times (x 138B)
Class com.sun.xml.bind.api.ErrorListener                                              : loaded 2 times (x 72B)
Class com.sun.istack.FinalArrayList                                                   : loaded 2 times (x 211B)
Class com.android.sdklib.repository.generated.repository.v2.ObjectFactory             : loaded 2 times (x 81B)
Class com.android.build.gradle.internal.SdkComponentsBuildService$VersionedSdkLoader$targetBootClasspathProvider$1: loaded 2 times (x 77B)
Class com.android.build.gradle.internal.dependency.AndroidAttributes$toAttributeMapString$$inlined$sortedBy$1: loaded 2 times (x 91B)
Class com.android.build.gradle.internal.cxx.configure.Ninja                           : loaded 2 times (x 74B)
Class com.android.build.gradle.internal.variant.BaseVariantData$DiscoverableFilterType$ABI: loaded 2 times (x 82B)
Class com.android.tools.utp.gradle.api.UtpDependency$4                                : loaded 2 times (x 133B)
Class com.android.build.gradle.internal.AndroidTestTaskManager$createConnectedTestForVariant$connectedCheckSerials$1: loaded 2 times (x 76B)
Class com.android.build.api.variant.impl.ManifestFilesImpl$all$1                      : loaded 2 times (x 76B)
Class com.android.build.api.variant.impl.SigningConfigImpl$keyPassword$1              : loaded 2 times (x 77B)
Class com.android.build.api.artifact.ScopedArtifact$JAVA_RES                          : loaded 2 times (x 76B)
Class com.android.build.gradle.internal.TaskManager$sam$org_gradle_api_Action$0       : loaded 2 times (x 77B)
Class org.jetbrains.kotlin.gradle.plugin.mpp.KotlinJvmAgpCompilation_Decorated        : loaded 2 times (x 248B)
Class [Lorg.jetbrains.kotlin.gradle.plugin.HasKotlinDependencies;                     : loaded 2 times (x 71B)
Class org.jetbrains.kotlin.gradle.plugin.mpp.compilationImpl.factory.KotlinCompilationImplFactory$PostConfigure$Companion: loaded 2 times (x 73B)
Class org.jetbrains.kotlin.gradle.tasks.CompileUsingKotlinDaemonWithNormalization     : loaded 2 times (x 72B)
Class com.android.build.gradle.tasks.GenerateManifestJarTask                          : loaded 2 times (x 338B)
Class com.android.build.api.component.impl.DeviceTestImpl$instrumentationRunner$2     : loaded 2 times (x 81B)
Class com.android.build.api.component.impl.DeviceTestImpl_Decorated                   : loaded 2 times (x 749B)
Class com.android.build.api.component.impl.DeviceTestImpl                             : loaded 2 times (x 693B)
Class com.android.build.gradle.internal.core.dsl.impl.features.NativeBuildDslInfoImpl$mergeOptions$4: loaded 2 times (x 80B)
Class com.android.build.api.variant.BundleConfig                                      : loaded 2 times (x 72B)
Class [Lcom.android.build.gradle.internal.dsl.ModulePropertyKey;                      : loaded 2 times (x 71B)
Class com.android.build.api.dsl.LibraryBuildFeatures                                  : loaded 2 times (x 72B)
Class com.android.build.gradle.internal.dsl.Splits$AgpDecorated                       : loaded 2 times (x 87B)
Class com.android.build.gradle.internal.dsl.decorator.DslDecorator$findAbstractProperties$1$2: loaded 2 times (x 80B)
Class com.android.build.gradle.internal.scope.InternalArtifactType$COMPATIBLE_SCREEN_MANIFEST: loaded 2 times (x 76B)
Class com.android.build.api.dsl.BundleDensity                                         : loaded 2 times (x 72B)
Class com.android.builder.internal.BaseConfigImpl                                     : loaded 2 times (x 117B)
Class com.android.build.api.dsl.AndroidSourceSet                                      : loaded 2 times (x 72B)
Class com.android.build.gradle.tasks.ProcessManifestForMetadataFeatureTask            : loaded 2 times (x 339B)
Class org.jetbrains.kotlin.gradle.tasks.DefaultKotlinJavaToolchain$Companion$wireJvmTargetToToolchain$1: loaded 2 times (x 77B)
Class org.jetbrains.kotlin.gradle.plugin.KotlinPlatformType                           : loaded 2 times (x 84B)
Class org.jetbrains.kotlin.gradle.internal.properties.PropertiesBuildServiceKt        : loaded 2 times (x 73B)
Class org.jetbrains.kotlin.gradle.plugin.KotlinGradleBuildServices$Companion          : loaded 2 times (x 73B)
Class com.android.build.gradle.internal.SdkComponentsBuildService                     : loaded 2 times (x 82B)
Class [Lcom.android.prefs.VariableValue;                                              : loaded 2 times (x 71B)
Class com.android.build.gradle.internal.utils.EnvironmentProviderImpl                 : loaded 2 times (x 80B)
Class com.android.build.gradle.internal.services.Aapt2ThreadPoolBuildService          : loaded 2 times (x 82B)
Class com.google.wireless.android.sdk.stats.GradleBuildProfileSpan$ExecutionType$1    : loaded 2 times (x 78B)
Class com.android.build.gradle.tasks.MergeSourceSetFolders$CreationAction             : loaded 2 times (x 93B)
Class com.google.protobuf.Extension$ExtensionType                                     : loaded 2 times (x 81B)
Class com.google.protobuf.AbstractMessageLite$Builder$LimitedInputStream              : loaded 2 times (x 94B)
Class com.android.build.gradle.tasks.ProcessAndroidResources                          : loaded 2 times (x 340B)
Class com.android.build.gradle.internal.TaskManager$createProcessJavaResTask$taskConfig$1: loaded 2 times (x 98B)
Class com.android.build.gradle.options.StringOption                                   : loaded 2 times (x 87B)
Class com.google.common.util.concurrent.ListeningExecutorService                      : loaded 2 times (x 72B)
Class jdk.internal.jimage.ImageBufferCache$1                                          : loaded 2 times (x 84B)
Class com.android.build.api.variant.impl.ResourcesPackagingImpl$pickFirsts$1          : loaded 2 times (x 77B)
Class com.android.build.gradle.internal.scope.InternalArtifactType$RUNTIME_APP_CLASSES_JAR: loaded 2 times (x 76B)
Class org.jetbrains.kotlin.gradle.tasks.configuration.AbstractKotlinCompileConfig     : loaded 2 times (x 74B)
Class com.android.tools.idea.gradle.project.sync.MeasurementCheckpoint                : loaded 2 times (x 81B)
Class org.jetbrains.kotlin.gradle.plugin.mpp.compilationImpl.KotlinCompilationImpl$attributes$2: loaded 2 times (x 81B)
Class org.jetbrains.kotlin.gradle.plugin.mpp.InternalKotlinCompilationKt              : loaded 2 times (x 73B)
Class com.android.build.api.artifact.impl.InternalScopedArtifact$FINAL_TRANSFORMED_CLASSES: loaded 2 times (x 76B)
Class com.sun.xml.bind.v2.model.annotation.XmlSchemaTypeQuick                         : loaded 2 times (x 95B)
Class com.sun.xml.bind.v2.model.impl.RuntimeBuiltinLeafInfoImpl$10                    : loaded 2 times (x 138B)
Class com.sun.xml.bind.v2.model.impl.RuntimeBuiltinLeafInfoImpl$9                     : loaded 2 times (x 138B)
Class com.sun.xml.bind.v2.runtime.BridgeImpl                                          : loaded 2 times (x 89B)
Class com.android.repository.api.ProgressIndicator                                    : loaded 2 times (x 72B)
Class com.android.build.gradle.internal.dependency.AndroidAttributes$toAttributeMapString$$inlined$sortedBy$2: loaded 2 times (x 91B)
Class com.android.build.gradle.internal.dependency.EnumerateClassesTransform$Inject_1 : loaded 2 times (x 111B)
Class com.android.build.gradle.internal.dependency.IdentityTransform$Inject_1         : loaded 2 times (x 111B)
Class com.android.build.gradle.internal.variant.DefaultFlavorComparator               : loaded 2 times (x 91B)
Class com.android.tools.utp.gradle.api.UtpDependency$5                                : loaded 2 times (x 133B)
Class com.android.build.gradle.internal.tasks.PerModuleReportDependenciesTask$CreationAction$handleProvider$1: loaded 2 times (x 133B)
Class com.android.build.gradle.tasks.PackageApplication$CreationAction$handleProvider$1: loaded 2 times (x 131B)
Class com.android.build.gradle.internal.scope.InternalArtifactType$MODULE_BUNDLE      : loaded 2 times (x 76B)
Class com.android.build.gradle.internal.tasks.featuresplit.FeatureSetMetadataWriterTask$CreationAction: loaded 2 times (x 92B)
Class org.jetbrains.kotlin.gradle.plugin.mpp.DefaultKotlinCompilationOutput           : loaded 2 times (x 84B)
Class org.jetbrains.kotlin.gradle.plugin.diagnostics.ToolingDiagnosticRenderingOptions$Companion: loaded 2 times (x 73B)
Class org.jetbrains.kotlin.gradle.dsl.KotlinJvmCompilerOptionsHelper                  : loaded 2 times (x 73B)
Class com.android.build.api.artifact.MultipleArtifact                                 : loaded 2 times (x 76B)
Class com.android.build.gradle.internal.tasks.ProcessJavaResTask                      : loaded 2 times (x 576B)
Class com.android.build.gradle.internal.tasks.R8ResourceShrinkingParametersKt         : loaded 2 times (x 73B)
Class com.android.build.gradle.tasks.GenerateManifestJarTask$CreationAction$handleProvider$1: loaded 2 times (x 133B)
Class com.android.build.api.component.impl.features.InstrumentationCreationConfigImpl$projectClassesPostInstrumentation$2: loaded 2 times (x 81B)
Class com.android.build.gradle.internal.AndroidTestTaskManager$createMockableJarTask$1: loaded 2 times (x 77B)
Class com.android.build.gradle.internal.variant.BaseVariantData$DiscoverableFilterType: loaded 2 times (x 82B)
Class com.android.build.api.variant.impl.BundleConfigImpl$metadataFiles$1             : loaded 2 times (x 80B)
Class com.android.build.api.variant.DeviceTestBuilder                                 : loaded 2 times (x 72B)
Class com.android.build.gradle.internal.core.dsl.impl.VariantDslInfoImpl              : loaded 2 times (x 147B)
Class com.google.wireless.android.sdk.stats.GradlePluginDataOrBuilder                 : loaded 2 times (x 72B)
Class com.android.build.gradle.internal.dsl.decorator.DslDecorator$findAbstractProperties$1$3: loaded 2 times (x 80B)
Class com.android.build.gradle.internal.tasks.DexArchiveBuilderTask$CreationAction$handleProvider$7: loaded 2 times (x 133B)
Class com.android.build.gradle.internal.dsl.DependencySelectionImpl                   : loaded 2 times (x 80B)
Class com.android.build.api.dsl.BundleDeviceGroup                                     : loaded 2 times (x 72B)
Class com.android.build.gradle.api.AnnotationProcessorOptions                         : loaded 2 times (x 72B)
Class com.android.build.api.dsl.ApplicationBaseFlavor                                 : loaded 2 times (x 72B)
Class com.android.build.gradle.internal.dsl.CoreBuildType                             : loaded 2 times (x 72B)
Class org.jetbrains.kotlin.gradle.tasks.DefaultKotlinJavaToolchain$Companion$wireJvmTargetToToolchain$2: loaded 2 times (x 77B)
Class org.jetbrains.kotlin.gradle.plugin.ProjectLocalConfigurations$ProjectLocalDisambiguation: loaded 2 times (x 78B)
Class org.jetbrains.kotlin.gradle.internal.properties.PropertiesBuildService$NullableStringGradleProperty: loaded 2 times (x 78B)
Class org.jetbrains.kotlin.gradle.targets.native.KonanPropertiesBuildService          : loaded 2 times (x 78B)
Class org.jetbrains.kotlin.gradle.plugin.KotlinGradleBuildServices$detectKotlinPluginLoadedInMultipleProjects$onRegister$1$1: loaded 2 times (x 77B)
Class org.jetbrains.kotlin.gradle.internal.properties.PropertiesBuildService$Inject_  : loaded 2 times (x 98B)
Class org.jetbrains.kotlin.gradle.plugin.internal.ConfigurationCacheStartParameterAccessor$Factory: loaded 2 times (x 72B)
Class com.android.build.gradle.internal.services.FakeDependencyJarBuildService$Params_Decorated: loaded 2 times (x 132B)
Class com.android.build.api.variant.impl.SigningConfigImpl$enableV1Signing$1          : loaded 2 times (x 77B)
Class com.android.build.gradle.tasks.PackageAndroidArtifact$Companion                 : loaded 2 times (x 73B)
Class com.android.build.gradle.internal.tasks.MergeArtProfileTask$CreationAction$handleProvider$1: loaded 2 times (x 133B)
Class com.android.build.gradle.internal.tasks.BundleToStandaloneApkTask$CreationAction$handleProvider$1: loaded 2 times (x 133B)
Class com.android.build.api.variant.SourceDirectories$Flat                            : loaded 2 times (x 72B)
Class com.android.build.gradle.api.KotlinMultiplatformAndroidPlugin                   : loaded 2 times (x 78B)
Class com.android.build.api.variant.HasDeviceTests                                    : loaded 2 times (x 72B)
Class jdk.internal.jimage.ImageBufferCache$2                                          : loaded 2 times (x 93B)
Class org.jetbrains.plugins.gradle.tooling.serialization.internal.IdeaProjectSerializationService$WriteContext$FilePathComparator: loaded 2 times (x 93B)
Class com.android.build.gradle.internal.dependency.ExtractProGuardRulesTransform$Inject_1: loaded 2 times (x 111B)
Class com.android.build.gradle.internal.publishing.VariantPublishingSpecImpl          : loaded 2 times (x 79B)
Class com.android.tools.idea.gradle.project.sync.GradleModulesKt                      : loaded 2 times (x 73B)
Class com.android.tools.idea.gradle.project.sync.InternedModels$nameLibraries$IdeModelAndReferenceAndIdentity: loaded 2 times (x 77B)
Class com.android.tools.idea.gradle.project.sync.VariantSelectionChange               : loaded 2 times (x 74B)
Class com.android.tools.idea.gradle.project.sync.ArtifactRef                          : loaded 2 times (x 73B)
Class com.android.tools.idea.gradle.model.IdeBuildType                                : loaded 2 times (x 72B)
Class com.android.tools.idea.gradle.project.sync.ModuleId                             : loaded 2 times (x 74B)
Class com.android.build.gradle.internal.utils.ConsoleProgressIndicatorFactory$isTerminalSmart$2$1: loaded 2 times (x 76B)
Class com.sun.xml.bind.v2.model.impl.RuntimeBuiltinLeafInfoImpl$1                     : loaded 2 times (x 78B)
Class com.google.common.base.Objects                                                  : loaded 2 times (x 73B)
Class org.gradle.api.internal.classpath.DefaultModuleRegistry$DefaultModule           : loaded 2 times (x 84B)
Class com.sun.xml.bind.v2.model.impl.RuntimeBuiltinLeafInfoImpl$11                    : loaded 2 times (x 138B)
Class com.sun.xml.bind.v2.model.runtime.RuntimeEnumLeafInfo                           : loaded 2 times (x 72B)
Class com.sun.xml.bind.v2.model.core.ElementInfo                                      : loaded 2 times (x 72B)
Class javax.xml.bind.GetPropertyAction                                                : loaded 2 times (x 77B)
Class com.android.repository.api.Checksum                                             : loaded 2 times (x 82B)
Class com.android.build.gradle.internal.PlatformComponents$Companion                  : loaded 2 times (x 73B)
Class com.android.build.gradle.internal.scope.InternalArtifactType$SUPPORTED_LOCALE_LIST: loaded 2 times (x 76B)
Class com.android.build.gradle.internal.scope.ArtifactPublishingUtil                  : loaded 2 times (x 73B)
Class com.android.build.gradle.internal.dependency.BaseDexingTransform                : loaded 2 times (x 82B)
Class com.android.build.gradle.internal.cxx.logging.ThreadLoggingEnvironment$Companion$loggerStack$1: loaded 2 times (x 76B)
Class com.android.build.gradle.internal.PropertiesValueSource                         : loaded 2 times (x 80B)
Class com.android.tools.utp.gradle.api.UtpDependency$6                                : loaded 2 times (x 133B)
Class com.android.tools.utp.gradle.api.UtpDependencies                                : loaded 2 times (x 86B)
Class com.android.build.gradle.internal.tasks.MergeStartupProfileTask                 : loaded 2 times (x 338B)
Class com.android.build.gradle.internal.tasks.ExtractNativeDebugMetadataTask$FullCreationAction$handleProvider$1: loaded 2 times (x 133B)
Class org.jetbrains.kotlin.gradle.plugin.mpp.compilationImpl.KotlinCompilationSourceSetInclusion$DefaultAddSourcesToCompileTask$addSources$1: loaded 2 times (x 81B)
Class com.android.build.api.component.impl.DeviceTestImpl$pseudoLocalesEnabled$2      : loaded 2 times (x 81B)
Class com.android.build.gradle.internal.core.dsl.impl.DslInfoCommonKt                 : loaded 2 times (x 73B)
Class com.android.build.api.variant.impl.ApplicationVariantImpl$signingConfig$2       : loaded 2 times (x 81B)
Class com.android.build.api.variant.impl.VariantOutputList                            : loaded 2 times (x 175B)
Class com.android.build.gradle.internal.services.VariantBuilderServices$Value         : loaded 2 times (x 72B)
Class com.android.build.gradle.internal.variant.VariantPathHelper$renderscriptObjOutputDir$2: loaded 2 times (x 81B)
Class com.android.build.gradle.internal.core.Abi                                      : loaded 2 times (x 81B)
Class com.android.build.gradle.internal.dsl.DataBindingOptions$AgpDecorated_Decorated : loaded 2 times (x 164B)
Class com.android.build.gradle.internal.api.artifact.SourceArtifactType$ML_MODELS     : loaded 2 times (x 76B)
Class com.google.common.collect.BaseImmutableMultimap                                 : loaded 2 times (x 125B)
Class com.google.common.collect.EmptyImmutableListMultimap                            : loaded 2 times (x 178B)
Class com.android.build.gradle.internal.dsl.AgpTestSuiteImpl                          : loaded 2 times (x 104B)
Class com.android.build.gradle.internal.dsl.BundleOptionsAbi                          : loaded 2 times (x 79B)
Class org.jetbrains.kotlin.tooling.core.ExtrasUtilsKt                                 : loaded 2 times (x 73B)
Class org.jetbrains.kotlin.buildtools.api.ExperimentalBuildToolsApi                   : loaded 2 times (x 72B)
Class org.jetbrains.kotlin.gradle.targets.native.KonanPropertiesBuildService$Companion$registerIfAbsent$2$1$1: loaded 2 times (x 77B)
Class org.jetbrains.kotlin.gradle.utils.ResourceUtilsKt                               : loaded 2 times (x 73B)
Class org.jetbrains.kotlin.gradle.plugin.KotlinPluginWrapperKt$kotlinPluginVersionFromResources$1: loaded 2 times (x 80B)
Class com.android.build.gradle.internal.services.VersionedSdkLoaderService$versionedSdkLoader$2: loaded 2 times (x 81B)
Class org.gradle.tooling.internal.consumer.converters.IdeaProjectJavaLanguageSettingsMixin: loaded 2 times (x 75B)
Class com.android.build.gradle.internal.services.ClassesHierarchyBuildService$RegistrationAction: loaded 2 times (x 76B)
Class com.android.build.gradle.internal.services.AndroidLocationsBuildService$AndroidLocations: loaded 2 times (x 84B)
Class com.google.protobuf.CodedInputStream$IterableDirectByteBufferDecoder            : loaded 2 times (x 121B)
Class com.google.protobuf.Internal$DoubleList                                         : loaded 2 times (x 72B)
Class com.android.tools.idea.gradle.project.sync.BuildInfo                            : loaded 2 times (x 74B)
Class com.android.build.gradle.internal.plugins.BasePlugin$globalConfig$2             : loaded 2 times (x 81B)
Class com.android.build.gradle.internal.plugins.BasePlugin$variantApiOperations$2     : loaded 2 times (x 81B)
Class com.android.build.gradle.internal.plugins.AndroidPluginBaseServices$configuratorService$2: loaded 2 times (x 81B)
Class com.android.build.api.variant.GeneratesApk                                      : loaded 2 times (x 72B)
Class com.android.build.gradle.internal.dsl.TestedExtensionImpl                       : loaded 2 times (x 224B)
Class com.android.build.gradle.LibraryPlugin                                          : loaded 2 times (x 78B)
Class com.android.build.gradle.internal.services.BuildServicesKt                      : loaded 2 times (x 73B)
Class org.gradle.accessors.dm.LibrariesForLibsInPluginsBlock$AndroidxCoreLibraryAccessors: loaded 2 times (x 79B)
Class com.android.builder.model.v2.models.TestApkTestSuiteSource                      : loaded 2 times (x 72B)
Class com.android.tools.idea.gradle.project.sync.ModelCacheV2ImplKt                   : loaded 2 times (x 73B)
Class com.android.tools.idea.gradle.model.IdeSigningConfig                            : loaded 2 times (x 72B)
Class com.android.tools.idea.gradle.model.impl.FileImplKt                             : loaded 2 times (x 73B)
Class com.android.tools.idea.gradle.model.IdeLibrary                                  : loaded 2 times (x 72B)
Class com.intellij.gradle.toolingExtension.impl.util.GradleTreeTraverserUtil          : loaded 2 times (x 73B)
Class org.gradle.accessors.dm.LibrariesForLibs$AndroidxComposeMaterialLibraryAccessors: loaded 2 times (x 79B)
Class jdk.internal.jrtfs.SystemImage$2                                                : loaded 2 times (x 78B)
Class org.gradle.tooling.internal.consumer.connection.InternalPhasedActionAdapter     : loaded 2 times (x 80B)
Class com.sun.xml.bind.v2.util.ByteArrayOutputStreamEx                                : loaded 2 times (x 96B)
Class com.sun.xml.bind.v2.model.impl.RuntimeBuiltinLeafInfoImpl$12                    : loaded 2 times (x 138B)
Class com.sun.xml.bind.v2.model.impl.RuntimeBuiltinLeafInfoImpl$PcdataImpl            : loaded 2 times (x 136B)
Class com.sun.xml.bind.v2.model.impl.ElementInfoImpl                                  : loaded 2 times (x 110B)
Class com.sun.xml.bind.v2.model.annotation.AbstractInlineAnnotationReaderImpl         : loaded 2 times (x 106B)
Class com.android.sdklib.repository.meta.RepoFactory                                  : loaded 2 times (x 76B)
Class com.android.build.gradle.internal.errors.SyncIssueReporterImpl$GlobalSyncIssueService$Parameters$Inject_: loaded 2 times (x 114B)
Class com.android.build.gradle.internal.variant.VariantInputModel                     : loaded 2 times (x 72B)
Class com.android.build.gradle.internal.dependency.AsmClassesTransform$Companion      : loaded 2 times (x 73B)
Class com.android.build.gradle.internal.dependency.AarTransform$Inject_1              : loaded 2 times (x 111B)
Class [Lcom.android.build.gradle.internal.cxx.gradle.generator.NativeProjectPath;     : loaded 2 times (x 71B)
Class com.android.tools.utp.gradle.api.UtpDependency$7                                : loaded 2 times (x 133B)
Class com.android.build.api.variant.impl.FlatSourceDirectoriesForJavaImpl$all$2       : loaded 2 times (x 81B)
Class com.android.build.gradle.internal.core.dsl.impl.DslInfoUtilsKt$getInstrumentationRunner$fromFlavor$1: loaded 2 times (x 80B)
Class com.android.build.gradle.tasks.PackageApplication$CreationAction$handleProvider$3: loaded 2 times (x 131B)
Class org.jetbrains.kotlin.gradle.plugin.mpp.compilationImpl.KotlinCompilationSourceSetInclusion$DefaultAddSourcesToCompileTask$addSources$2: loaded 2 times (x 81B)
Class org.jetbrains.kotlin.gradle.plugin.KotlinCompilationOutput                      : loaded 2 times (x 72B)
Class org.jetbrains.kotlin.gradle.tasks.AbstractKotlinCompile                         : loaded 2 times (x 465B)
Class com.android.build.api.artifact.impl.MultiplePropertyAdapter                     : loaded 2 times (x 80B)
Class com.android.build.gradle.internal.variant.ComponentInfo                         : loaded 2 times (x 74B)
Class com.android.build.gradle.internal.core.ProductFlavor                            : loaded 2 times (x 74B)
Class com.android.build.gradle.internal.variant.VariantPathHelper$directorySegments$2 : loaded 2 times (x 81B)
Class com.android.build.api.attributes.AgpVersionAttr$ImplFactory                     : loaded 2 times (x 77B)
Class com.android.build.gradle.internal.errors.MessageReceiverImpl                    : loaded 2 times (x 77B)
Class com.android.build.gradle.internal.manifest.ManifestValueSource                  : loaded 2 times (x 81B)
Class com.android.build.gradle.internal.tasks.factory.TaskCreationAction              : loaded 2 times (x 91B)
Class com.android.build.gradle.internal.core.ExecutionProfileOptions                  : loaded 2 times (x 74B)
Class [Lcom.android.ide.common.blame.Message$Kind;                                    : loaded 2 times (x 71B)
Class com.android.build.gradle.internal.dsl.BundleOptionsDeviceTier$AgpDecorated_Decorated: loaded 2 times (x 132B)
Class com.android.build.gradle.internal.dsl.decorator.ApplicationInstallationImpl     : loaded 2 times (x 96B)
Class com.google.gson.JsonSerializer                                                  : loaded 2 times (x 72B)
Class com.android.build.gradle.internal.profile.AnalyticsConfiguratorService$Params_Decorated: loaded 2 times (x 132B)
Class com.android.build.gradle.internal.dsl.decorator.DslDecorator                    : loaded 2 times (x 74B)
Class com.android.build.api.dsl.AndroidTest                                           : loaded 2 times (x 72B)
Class com.android.builder.model.DimensionAware                                        : loaded 2 times (x 72B)
Class org.jetbrains.kotlin.gradle.targets.native.KonanPropertiesBuildService$Parameters_Decorated: loaded 2 times (x 132B)
Class org.jetbrains.kotlin.gradle.plugin.KotlinPluginWrapperKt$kotlinPluginVersionFromResources$1$1: loaded 2 times (x 73B)
Class com.google.protobuf.GeneratedMessage$GeneratedExtension                         : loaded 2 times (x 89B)
Class com.android.build.gradle.internal.res.Aapt2FromMaven$Companion$Aapt2Extractor$Inject_1: loaded 2 times (x 111B)
Class com.google.wireless.android.sdk.stats.JavaProcessStats$1                        : loaded 2 times (x 153B)
Class com.android.build.gradle.internal.plugins.BasePlugin$configureProject$2         : loaded 2 times (x 77B)
Class org.jetbrains.kotlin.gradle.internal.IdeaKt$isInIdeaSync$1                      : loaded 2 times (x 76B)
Class org.jetbrains.kotlin.gradle.internal.ClassLoadersCachingBuildService$Companion  : loaded 2 times (x 73B)
Class org.jetbrains.kotlin.gradle.targets.native.toolchain.KotlinNativeBundleBuildService$Parameters_Decorated: loaded 2 times (x 141B)
Class org.jetbrains.kotlin.gradle.plugin.sources.KotlinSourceSetFactory               : loaded 2 times (x 82B)
Class com.android.tools.idea.gradle.model.ResolverType                                : loaded 2 times (x 81B)
Class org.jetbrains.kotlin.gradle.plugin.KotlinSourceSetTree                          : loaded 2 times (x 74B)
Class com.android.build.gradle.internal.dsl.BuildType                                 : loaded 2 times (x 370B)
Class com.android.build.gradle.internal.dsl.decorator.LockableMap                     : loaded 2 times (x 129B)
Class com.android.build.gradle.internal.dsl.ExternalNativeBuild                       : loaded 2 times (x 93B)
Class com.android.build.gradle.internal.dsl.BaselineProfileImpl                       : loaded 2 times (x 81B)
Class com.android.builder.core.DefaultVectorDrawablesOptions                          : loaded 2 times (x 82B)
Class org.jetbrains.kotlin.idea.projectModel.KotlinTarget                             : loaded 2 times (x 72B)
Class com.android.build.gradle.internal.dsl.CommonExtensionImpl$compileSdkDelegate$2  : loaded 2 times (x 81B)
Class com.sun.xml.bind.v2.model.annotation.XmlElementQuick                            : loaded 2 times (x 98B)
Class com.sun.xml.bind.v2.model.impl.RuntimeBuiltinLeafInfoImpl$13                    : loaded 2 times (x 139B)
Class com.sun.xml.bind.v2.model.impl.ModelBuilderI                                    : loaded 2 times (x 72B)
Class com.sun.xml.bind.v2.runtime.LeafBeanInfoImpl                                    : loaded 2 times (x 91B)
Class com.android.build.gradle.internal.SdkLibDataFactory$getSettingsController$1     : loaded 2 times (x 80B)
Class com.android.tools.utp.gradle.api.UtpDependency$8                                : loaded 2 times (x 133B)
Class com.android.build.api.variant.impl.LayeredSourceDirectoriesImpl                 : loaded 2 times (x 94B)
Class com.android.build.api.component.impl.DefaultSourcesProviderImpl                 : loaded 2 times (x 108B)
Class com.android.build.gradle.internal.scope.InternalArtifactType$APP_INTEGRITY_CONFIG: loaded 2 times (x 76B)
Class com.android.build.gradle.internal.tasks.InstallVariantTask                      : loaded 2 times (x 342B)
Class org.jetbrains.kotlin.tooling.core.Extras$Entry                                  : loaded 2 times (x 74B)
Class org.jetbrains.kotlin.gradle.plugin.sources.InternalKotlinSourceSetKt            : loaded 2 times (x 73B)
Class com.android.build.gradle.internal.component.LibraryCreationConfig               : loaded 2 times (x 72B)
Class com.android.build.api.variant.VariantOutput                                     : loaded 2 times (x 72B)
Class com.android.build.gradle.internal.variant.VariantPathHelper                     : loaded 2 times (x 74B)
Class com.android.build.gradle.internal.dependency.VariantDependencies$Companion      : loaded 2 times (x 73B)
Class com.android.build.gradle.internal.core.MergedOptions                            : loaded 2 times (x 72B)
Class com.android.build.api.dsl.ApplicationAndroidResources                           : loaded 2 times (x 72B)
Class com.android.build.gradle.internal.api.artifact.SourceArtifactType$BASELINE_PROFILES: loaded 2 times (x 76B)
Class com.android.build.api.dsl.AaptOptions                                           : loaded 2 times (x 72B)
Class com.android.build.api.dsl.LibraryBaseFlavor                                     : loaded 2 times (x 72B)
Class org.jetbrains.kotlin.gradle.dsl.KotlinJvmCompilerOptionsDefault_Decorated       : loaded 2 times (x 168B)
Class org.jetbrains.kotlin.gradle.internal.ClassLoadersCachingBuildService$Parameters_Decorated: loaded 2 times (x 132B)
Class org.jetbrains.kotlin.gradle.targets.native.toolchain.KotlinNativeBundleBuildService$Companion: loaded 2 times (x 73B)
Class org.jetbrains.kotlin.gradle.plugin.VariantImplementationFactoriesConfigurator   : loaded 2 times (x 78B)
Class org.jetbrains.kotlin.gradle.plugin.HasKotlinDependencies                        : loaded 2 times (x 72B)
Class org.jetbrains.kotlin.gradle.internal.Kapt3GradleSubplugin$Kapt3SubpluginContext : loaded 2 times (x 74B)
Class com.android.build.gradle.internal.services.Aapt2ThreadPoolBuildService$Params   : loaded 2 times (x 72B)
Class com.google.protobuf.Internal$ProtobufList                                       : loaded 2 times (x 72B)
Class com.android.build.gradle.internal.DependencyResolutionChecksKt                  : loaded 2 times (x 73B)
Class [Lcom.android.tools.analytics.AnalyticsLevel;                                   : loaded 2 times (x 71B)
Class com.android.build.gradle.internal.lint.LintFromMaven$Companion                  : loaded 2 times (x 73B)
Class com.android.build.gradle.internal.dsl.decorator.ApplicationInstallationImpl$AgpDecorated: loaded 2 times (x 101B)
Class com.android.ide.common.blame.SourceFile                                         : loaded 2 times (x 74B)
Class com.android.build.gradle.internal.CompileOptions$Companion                      : loaded 2 times (x 73B)
Class com.android.build.gradle.internal.plugins.BasePlugin$newExtension$2             : loaded 2 times (x 81B)
Class com.android.build.gradle.internal.services.VersionedSdkLoaderService            : loaded 2 times (x 74B)
Class com.android.build.gradle.internal.plugins.AppPlugin$Binding                     : loaded 2 times (x 77B)
Class org.gradle.accessors.dm.LibrariesForLibs$PluginAccessors                        : loaded 2 times (x 77B)
Class com.android.build.gradle.internal.services.VariantServices                      : loaded 2 times (x 72B)
Class com.android.build.gradle.internal.attributes.VariantAttr$Companion              : loaded 2 times (x 73B)
Class com.android.build.gradle.internal.variant.VariantPathHelper$Companion           : loaded 2 times (x 73B)
Class com.intellij.openapi.diagnostic.Logger$Factory                                  : loaded 2 times (x 72B)
Class org.gradle.tooling.model.java.InstalledJdk                                      : loaded 2 times (x 72B)
Class com.android.build.api.component.impl.ComponentImpl$androidResourcesCreationConfig$2: loaded 2 times (x 81B)
Class com.android.build.gradle.internal.core.dsl.impl.ApplicationVariantDslInfoImpl$computeVersionNameSuffix$2: loaded 2 times (x 80B)
Class com.android.build.api.component.impl.DeviceTestImpl$instrumentationRunnerArguments$2: loaded 2 times (x 81B)
Class com.android.build.gradle.internal.dependency.ProvidedClasspathSubtractor$getFileCollection$1: loaded 2 times (x 77B)
Class com.android.build.api.variant.impl.JniLibsPackagingImpl$keepDebugSymbols$1      : loaded 2 times (x 77B)
Class com.android.build.api.artifact.impl.MultipleArtifactContainer                   : loaded 2 times (x 77B)
Class org.gradle.api.internal.classpath.Module                                        : loaded 2 times (x 72B)
Class com.sun.xml.bind.v2.model.impl.RuntimeBuiltinLeafInfoImpl$UUIDImpl              : loaded 2 times (x 138B)
Class com.sun.xml.bind.v2.model.impl.RuntimeBuiltinLeafInfoImpl$14                    : loaded 2 times (x 138B)
Class com.sun.xml.bind.v2.model.core.RegistryInfo                                     : loaded 2 times (x 72B)
Class com.android.repository.impl.generated.v2.ChecksumType                           : loaded 2 times (x 84B)
Class com.android.sdklib.repository.generated.addon.v1.ObjectFactory                  : loaded 2 times (x 82B)
Class com.android.build.gradle.internal.SdkComponentsBuildService$VersionedSdkLoader$sdkLoadStrategy$2: loaded 2 times (x 81B)
Class com.android.build.gradle.internal.scope.InternalArtifactType$LIBRARY_ART_PROFILE: loaded 2 times (x 76B)
Class com.android.build.gradle.internal.dependency.DexingRegistration$ComponentAgnosticParameters: loaded 2 times (x 74B)
Class com.android.build.gradle.internal.utils.DesugarLibUtils$getDesugarLibConfigFromTransform$1$1: loaded 2 times (x 76B)
Class com.android.build.gradle.internal.services.Aapt2Input_Decorated                 : loaded 2 times (x 157B)
Class com.android.tools.utp.gradle.api.UtpDependency$10                               : loaded 2 times (x 133B)
Class com.android.tools.utp.gradle.api.UtpDependency$9                                : loaded 2 times (x 133B)
Class com.android.build.gradle.internal.scope.InternalArtifactType$APK_FROM_BUNDLE_IDE_MODEL: loaded 2 times (x 76B)
Class com.android.build.gradle.internal.tasks.ValidateSigningTask                     : loaded 2 times (x 338B)
Class com.android.build.gradle.tasks.PackageApplication$CreationAction$handleProvider$5: loaded 2 times (x 133B)
Class com.android.build.gradle.internal.tasks.ExtractNativeDebugMetadataTask$SymbolTableCreationAction$handleProvider$1: loaded 2 times (x 133B)
Class com.android.builder.dexing.R8Version                                            : loaded 2 times (x 73B)
Class org.jetbrains.kotlin.gradle.plugin.mpp.compilationImpl.KotlinCompilationSourceSetInclusion$Companion$includedSourceSets$2: loaded 2 times (x 80B)
Class com.android.build.gradle.tasks.KotlinCompileCreationAction$handleProvider$1     : loaded 2 times (x 80B)
Class org.jetbrains.kotlin.gradle.internal.transforms.BuildToolsApiClasspathEntrySnapshotTransform$Parameters_Decorated: loaded 2 times (x 155B)
Class com.android.build.gradle.internal.dependency.VariantDependencies$Companion$computeLocalFileDependencies$dependencies$1: loaded 2 times (x 77B)
Class com.android.build.gradle.internal.core.dsl.features.AndroidResourcesDslInfo     : loaded 2 times (x 72B)
Class com.android.build.api.variant.VariantOutputConfiguration$OutputType             : loaded 2 times (x 81B)
Class com.android.build.api.variant.TestComponent                                     : loaded 2 times (x 72B)
Class com.android.build.api.attributes.BuildTypeAttr$Companion                        : loaded 2 times (x 73B)
Class com.android.build.api.variant.TestSuiteBuilder                                  : loaded 2 times (x 72B)
Class com.android.build.gradle.internal.crash.CrashReporting$afterEvaluate$1          : loaded 2 times (x 77B)
Class com.android.build.gradle.internal.dsl.MinSdkSpecImpl                            : loaded 2 times (x 83B)
Class com.android.build.api.dsl.Packaging                                             : loaded 2 times (x 72B)
Class com.android.build.gradle.internal.dsl.ProductFlavor                             : loaded 2 times (x 471B)
Class org.jetbrains.kotlin.gradle.plugin.KotlinGradleFinishBuildHandler$Companion     : loaded 2 times (x 73B)
Class org.jetbrains.kotlin.gradle.internal.IsInIdeaSyncValueSource                    : loaded 2 times (x 80B)
Class com.android.build.gradle.internal.SdkComponentsBuildService$RegistrationAction  : loaded 2 times (x 76B)
Class com.android.build.gradle.internal.ide.dependencies.LibraryDependencyCacheBuildService: loaded 2 times (x 82B)
Class com.google.wireless.android.sdk.stats.GarbageCollectionStats                    : loaded 2 times (x 202B)
Class org.jetbrains.kotlin.gradle.tasks.configuration.TaskConfigAction                : loaded 2 times (x 74B)
Class com.google.protobuf.ExtensionRegistry$ExtensionInfo                             : loaded 2 times (x 74B)
Class org.jetbrains.kotlin.gradle.plugin.mpp.compilationImpl.factory.DefaultKotlinCompilationOutputFactory: loaded 2 times (x 76B)
Class com.android.build.gradle.options.Option$Status$Removed                          : loaded 2 times (x 74B)
Class com.android.build.gradle.internal.plugins.AndroidPluginBaseServices$syncIssueReporter$2: loaded 2 times (x 81B)
Class com.android.build.api.variant.CanMinifyCode                                     : loaded 2 times (x 72B)
Class com.android.build.gradle.options.ProjectOptionService                           : loaded 2 times (x 79B)
Class org.gradle.accessors.dm.LibrariesForLibsInPluginsBlock$VersionAccessors         : loaded 2 times (x 88B)
Class com.intellij.openapi.util.Comparing                                             : loaded 2 times (x 73B)
Class com.android.build.gradle.internal.tasks.DexArchiveBuilderTask$CreationAction$handleProvider$6: loaded 2 times (x 133B)
Class com.android.build.gradle.internal.tasks.BaseTask$CreationAction                 : loaded 2 times (x 92B)
Class com.android.tools.idea.gradle.model.impl.IdeDependencyCoreImpl                  : loaded 2 times (x 78B)
Class [Lcom.android.tools.idea.gradle.model.IdeAaptOptions$Namespacing;               : loaded 2 times (x 71B)
Class com.android.build.gradle.internal.tasks.SdkDependencyDataGeneratorTask$CreationAction$handleProvider$2: loaded 2 times (x 133B)
Class [Lcom.android.tools.utp.gradle.api.UtpDependency;                               : loaded 2 times (x 71B)
Class com.android.builder.model.v2.models.BasicTestSuite                              : loaded 2 times (x 72B)
Class com.android.tools.idea.gradle.project.sync.BuildModelsAndMap                    : loaded 2 times (x 74B)
Class com.android.sdklib.repository.generated.addon.v2.package-info                   : loaded 2 times (x 72B)
Class org.gradle.tooling.internal.consumer.versioning.VersionDetails$R48VersionDetails: loaded 2 times (x 82B)
Class com.android.tools.idea.gradle.project.sync.AndroidExtraModelProvider            : loaded 2 times (x 81B)
Class org.gradle.api.internal.classpath.UnknownModuleException                        : loaded 2 times (x 84B)
Class com.sun.xml.bind.v2.model.impl.RuntimeBuiltinLeafInfoImpl$15                    : loaded 2 times (x 138B)
Class com.sun.xml.bind.v2.runtime.AnyTypeBeanInfo                                     : loaded 2 times (x 94B)
Class com.sun.xml.bind.v2.model.core.MaybeElement                                     : loaded 2 times (x 72B)
Class javax.xml.bind.ContextFinder                                                    : loaded 2 times (x 73B)
Class com.android.sdklib.repository.meta.DetailsTypes                                 : loaded 2 times (x 73B)
Class org.jetbrains.kotlin.gradle.plugin.KotlinTargetsContainer                       : loaded 2 times (x 72B)
Class com.android.build.gradle.internal.services.UsesAapt2DaemonBuildService          : loaded 2 times (x 72B)
Class com.android.build.gradle.internal.SdkComponentsBuildService$Inject_             : loaded 2 times (x 102B)
Class com.android.tools.utp.gradle.api.UtpDependency$11                               : loaded 2 times (x 133B)
Class com.android.build.gradle.internal.tasks.ExtractApksTask                         : loaded 2 times (x 344B)
Class com.android.build.gradle.internal.scope.InternalArtifactType$SIGNING_CONFIG_VERSIONS: loaded 2 times (x 76B)
Class com.android.build.gradle.internal.scope.InternalArtifactType$PACKAGED_DEPENDENCIES: loaded 2 times (x 76B)
Class com.android.build.gradle.internal.TaskManager$createPackagingTask$1             : loaded 2 times (x 77B)
Class com.android.build.gradle.tasks.PackageAndroidArtifact$CreationAction$Companion  : loaded 2 times (x 73B)
Class com.android.build.gradle.internal.tasks.DexFileDependenciesTask                 : loaded 2 times (x 345B)
Class com.android.build.gradle.internal.tasks.DexArchiveBuilderTask                   : loaded 2 times (x 354B)
Class org.jetbrains.kotlin.gradle.plugin.mpp.compilationImpl.KotlinCompilationRegisterInSourceSetsConfigurator$configure$1: loaded 2 times (x 81B)
Class com.android.build.gradle.internal.tasks.creationconfig.JavaCompileCreationConfig: loaded 2 times (x 72B)
Class com.android.build.api.artifact.impl.InAndOutDirectoryOperationRequestImpl       : loaded 2 times (x 83B)
Class com.android.build.gradle.internal.core.dsl.impl.features.OptimizationDslInfoImpl$postProcessingOptions$2$1: loaded 2 times (x 82B)
Class com.android.build.gradle.internal.dsl.LintImpl$SeverityOverrideSet              : loaded 2 times (x 145B)
Class com.android.builder.model.AdbOptions                                            : loaded 2 times (x 72B)
Class com.android.build.api.dsl.MinSdkVersion                                         : loaded 2 times (x 72B)
Class com.android.repository.api.License                                              : loaded 2 times (x 87B)
Class com.android.build.api.dsl.CompileSdkSpec                                        : loaded 2 times (x 72B)
Class com.android.builder.model.DataBindingOptions                                    : loaded 2 times (x 72B)
Class org.jetbrains.kotlin.gradle.plugin.mpp.KotlinUsageContext                       : loaded 2 times (x 72B)
Class org.jetbrains.kotlin.gradle.utils.ConfigurationsKt                              : loaded 2 times (x 73B)
Class org.jetbrains.kotlin.gradle.plugin.diagnostics.DefaultProblemsReporter$Factory  : loaded 2 times (x 78B)
Class com.android.prefs.VariableValue                                                 : loaded 2 times (x 84B)
Class com.android.prefs.AbstractAndroidLocations$Companion                            : loaded 2 times (x 73B)
Class com.sun.xml.bind.v2.model.annotation.LocatableAnnotation                        : loaded 2 times (x 87B)
Class com.google.common.collect.ImmutableListMultimap                                 : loaded 2 times (x 178B)
Class com.google.gson.stream.JsonReader$1                                             : loaded 2 times (x 74B)
Class com.android.ide.common.blame.SourcePositionJsonTypeAdapter                      : loaded 2 times (x 77B)
Class com.android.build.gradle.options.FeatureStage$Removed                           : loaded 2 times (x 74B)
Class com.android.build.gradle.options.Stage                                          : loaded 2 times (x 74B)
Class jdk.internal.jimage.ImageHeader                                                 : loaded 2 times (x 73B)
Class com.android.tools.idea.gradle.project.sync.DeliverableAndroidModule             : loaded 2 times (x 78B)
Class kotlin.sequences.DistinctIterator                                               : loaded 2 times (x 85B)
Class com.intellij.openapi.diagnostic.Logger                                          : loaded 2 times (x 101B)
Class com.intellij.openapi.util.SystemInfoRt                                          : loaded 2 times (x 73B)
Class com.android.tools.idea.gradle.project.sync.AndroidModule$V1                     : loaded 2 times (x 90B)
Class org.jetbrains.plugins.gradle.model.DefaultGradleLightProject                    : loaded 2 times (x 86B)
Class org.jetbrains.plugins.gradle.model.GradleLightBuild                             : loaded 2 times (x 72B)
Class com.android.tools.idea.gradle.project.sync.SelectedVariants                     : loaded 2 times (x 74B)
Class com.intellij.gradle.toolingExtension.impl.modelSerialization.ToolingSerializer$1: loaded 2 times (x 78B)
Class com.android.tools.idea.gradle.model.IdeBuild                                    : loaded 2 times (x 72B)
Class com.sun.xml.bind.v2.model.impl.AnyTypeImpl                                      : loaded 2 times (x 91B)
Class com.sun.xml.bind.v2.model.impl.RuntimeBuiltinLeafInfoImpl$16                    : loaded 2 times (x 138B)
Class com.sun.xml.bind.v2.runtime.IllegalAnnotationsException                         : loaded 2 times (x 88B)
Class com.android.build.gradle.internal.SdkLocator$PropertyLocation                   : loaded 2 times (x 81B)
Class com.android.build.gradle.internal.scope.InternalArtifactType$METADATA_FEATURE_DECLARATION: loaded 2 times (x 76B)
Class com.android.build.gradle.internal.VariantTaskManager$createReportTasks$1        : loaded 2 times (x 77B)
Class com.android.build.gradle.internal.lint.AndroidLintTextOutputTask                : loaded 2 times (x 343B)
Class com.android.tools.utp.gradle.api.UtpDependency$12                               : loaded 2 times (x 133B)
Class com.android.build.gradle.internal.tasks.SigningConfigWriterTask$CreationAction  : loaded 2 times (x 92B)
Class com.android.build.gradle.internal.TaskManager$createPackagingTask$2             : loaded 2 times (x 77B)
Class com.android.build.gradle.internal.tasks.MergeJavaResourcesInputsOutputs         : loaded 2 times (x 72B)
Class org.jetbrains.kotlin.gradle.targets.js.dsl.KotlinTargetWithNodeJsDsl            : loaded 2 times (x 72B)
Class org.jetbrains.kotlin.gradle.plugin.sources.DefaultKotlinSourceSetKt$defaultSourceSetLanguageSettingsChecker$1: loaded 2 times (x 80B)
Class org.jetbrains.kotlin.gradle.plugin.sources.InternalKotlinSourceSet              : loaded 2 times (x 72B)
Class com.android.build.gradle.internal.scope.InternalArtifactType$AAR_METADATA_CHECK : loaded 2 times (x 76B)
Class com.android.build.gradle.tasks.CompileNavigationXmlTask                         : loaded 2 times (x 344B)
Class com.android.build.api.artifact.impl.OutOperationRequestImpl                     : loaded 2 times (x 95B)
Class com.android.build.api.artifact.impl.ArtifactOperationRequest                    : loaded 2 times (x 72B)
Class com.android.build.gradle.internal.tasks.ValidateResourcesTask$CreateAction      : loaded 2 times (x 92B)
Class com.android.build.gradle.internal.tasks.factory.TaskManagerConfigImpl           : loaded 2 times (x 78B)
Class com.android.build.api.component.impl.DeviceTestImpl$buildConfigCreationConfig$2 : loaded 2 times (x 81B)
Class com.android.build.gradle.internal.dependency.ConstraintHandler                  : loaded 2 times (x 73B)
Class com.android.build.api.variant.impl.GlobalVariantBuilderConfig                   : loaded 2 times (x 72B)
Class com.android.build.gradle.internal.lint.LintTaskManager                          : loaded 2 times (x 74B)
Class com.android.build.gradle.internal.tasks.ExtractProguardFiles                    : loaded 2 times (x 331B)
Class com.android.build.gradle.internal.tasks.factory.GlobalTaskCreationConfigImpl$platformAttrs$2: loaded 2 times (x 81B)
Class com.android.build.api.variant.ScopedArtifacts                                   : loaded 2 times (x 72B)
Class com.android.build.gradle.internal.services.FakeDependencyJarBuildService$Params$Inject_: loaded 2 times (x 108B)
Class com.google.common.base.Converter$ConverterComposition                           : loaded 2 times (x 92B)
Class com.android.tools.idea.gradle.project.sync.ModelCache                           : loaded 2 times (x 72B)
Class com.android.build.gradle.internal.dsl.decorator.SupportedPropertyType$Block     : loaded 2 times (x 76B)
Class com.android.build.api.dsl.CompileSdkVersion                                     : loaded 2 times (x 72B)
Class com.android.build.api.dsl.ApplicationDefaultConfig                              : loaded 2 times (x 72B)
Class org.jetbrains.kotlin.gradle.dsl.KotlinGradlePluginPublicDsl                     : loaded 2 times (x 72B)
Class org.jetbrains.kotlin.gradle.internal.properties.NativeProperties                : loaded 2 times (x 72B)
Class org.jetbrains.kotlin.gradle.plugin.internal.ConfigurationCacheStartParameterAccessor: loaded 2 times (x 72B)
Class org.jetbrains.kotlin.gradle.internal.diagnostics.GradleCompatibilityCheck$DefaultCurrentGradleVersionProvider: loaded 2 times (x 76B)
Class org.jetbrains.kotlin.gradle.dsl.KotlinBaseExtension                             : loaded 2 times (x 72B)
Class com.android.build.gradle.internal.plugins.AndroidPluginBaseServices$applyBaseServices$2: loaded 2 times (x 77B)
Class com.android.build.gradle.internal.profile.ProjectData                           : loaded 2 times (x 74B)
Class com.android.tools.idea.gradle.model.impl.IdeDependenciesCoreImpl                : loaded 2 times (x 72B)
Class com.android.build.gradle.internal.core.dsl.MultiVariantComponentDslInfo         : loaded 2 times (x 72B)
Class org.gradle.accessors.dm.LibrariesForLibsInPluginsBlock$AndroidPluginAccessors   : loaded 2 times (x 76B)
Class com.android.tools.idea.gradle.project.sync.AndroidModule$V2                     : loaded 2 times (x 90B)
Class com.android.builder.model.v2.ide.JUnitEngineInfo                                : loaded 2 times (x 72B)
Class com.intellij.gradle.toolingExtension.impl.modelAction.GradleModelId             : loaded 2 times (x 74B)
Class org.gradle.tooling.internal.adapter.ProtocolToModelAdapter$BeanMixInMethodInvoker: loaded 2 times (x 78B)
Class org.jetbrains.kotlin.build.report.metrics.BuildMetricsReporter                  : loaded 2 times (x 72B)
Class com.sun.xml.bind.v2.model.impl.RuntimeBuiltinLeafInfoImpl$17                    : loaded 2 times (x 138B)
Class com.sun.xml.bind.v2.runtime.BridgeContextImpl                                   : loaded 2 times (x 79B)
Class com.sun.xml.bind.v2.runtime.ElementBeanInfoImpl                                 : loaded 2 times (x 91B)
Class com.sun.xml.bind.v2.runtime.BridgeAdapter                                       : loaded 2 times (x 89B)
Class com.android.repository.impl.meta.Archive$ArchiveFile                            : loaded 2 times (x 81B)
Class com.android.sdklib.repository.generated.repository.v4.LayoutlibType             : loaded 2 times (x 76B)
Class org.jetbrains.kotlin.gradle.dsl.KotlinMultiplatformExtension                    : loaded 2 times (x 605B)
Class com.android.build.gradle.internal.PropertiesValueSource$Params$Inject_          : loaded 2 times (x 108B)
Class com.android.tools.utp.gradle.api.UtpDependency$13                               : loaded 2 times (x 133B)
Class com.android.build.gradle.internal.TaskManager$createPackagingTask$3             : loaded 2 times (x 77B)
Class com.android.build.gradle.internal.scope.InternalArtifactType$GLOBAL_SYNTHETICS_SUBPROJECT: loaded 2 times (x 76B)
Class org.jetbrains.kotlin.gradle.plugin.mpp.KotlinJvmAndroidCompilationKt            : loaded 2 times (x 73B)
Class org.jetbrains.kotlin.gradle.targets.js.dsl.KotlinWasmTargetDsl                  : loaded 2 times (x 72B)
Class org.jetbrains.kotlin.gradle.plugin.sources.ConsistencyCheck                     : loaded 2 times (x 74B)
Class org.jetbrains.kotlin.gradle.plugin.sources.DefaultKotlinSourceSetKt$defaultSourceSetLanguageSettingsChecker$2: loaded 2 times (x 80B)
Class org.jetbrains.kotlin.gradle.plugin.diagnostics.KotlinToolingDiagnosticsCollectorKt$kotlinToolingDiagnosticsCollectorProvider$1$execute$$inlined$variantImplementationFactoryProvider$1: loaded 2 times (x 76B)
Class org.jetbrains.kotlin.gradle.plugin.internal.BuildIdService$Companion$registerIfAbsent$1$1: loaded 2 times (x 77B)
Class com.android.build.gradle.internal.res.LinkApplicationAndroidResourcesTask$BaseCreationAction: loaded 2 times (x 98B)
Class com.android.build.api.variant.impl.VariantImpl$externalExtensions$2             : loaded 2 times (x 81B)
Class com.android.build.gradle.internal.publishing.AndroidArtifacts$ConsumedConfigType: loaded 2 times (x 81B)
Class com.android.build.api.variant.impl.ApplicationAndroidResourcesImpl              : loaded 2 times (x 90B)
Class com.android.build.gradle.internal.dsl.BaseFlavor$targetSdk$1$1                  : loaded 2 times (x 81B)
Class org.jetbrains.kotlin.gradle.plugin.SubpluginOption                              : loaded 2 times (x 74B)
Class com.android.build.gradle.internal.tasks.factory.PreConfigAction                 : loaded 2 times (x 72B)
Class com.android.build.gradle.internal.plugins.BasePlugin$createVariantModel$1       : loaded 2 times (x 81B)
Class com.android.build.api.artifact.impl.StorageProviderImpl$directoryStorage$1      : loaded 2 times (x 80B)
Class com.android.build.gradle.api.VersionedVariant                                   : loaded 2 times (x 72B)
Class com.android.build.gradle.internal.dsl.ManagedDevices$allDevices$1$1             : loaded 2 times (x 77B)
Class com.android.build.OutputFile                                                    : loaded 2 times (x 72B)
Class com.android.build.gradle.internal.dsl.OptimizationImpl$AgpDecorated             : loaded 2 times (x 91B)
Class org.objectweb.asm.commons.Method                                                : loaded 2 times (x 78B)
Class org.bouncycastle.operator.OperatorException                                     : loaded 2 times (x 84B)
Class com.android.build.gradle.internal.plugins.AndroidPluginBaseServices$applyBaseServices$3: loaded 2 times (x 77B)
Class org.jetbrains.kotlin.gradle.tasks.DefaultKotlinJavaToolchain$Companion$wireJvmTargetToJvm$1: loaded 2 times (x 77B)
Class org.jetbrains.kotlin.gradle.plugin.PropertiesProvider$booleanProvider$1         : loaded 2 times (x 76B)
Class org.jetbrains.kotlin.gradle.dsl.KotlinCommonToolOptions                         : loaded 2 times (x 72B)
Class com.android.build.gradle.internal.services.BuildServicesKt$getBuildService$1    : loaded 2 times (x 77B)
Class com.google.wireless.android.sdk.stats.GarbageCollectionStats$Builder            : loaded 2 times (x 302B)
Class com.android.tools.idea.gradle.project.sync.AndroidProjectPathResolver           : loaded 2 times (x 72B)
Class com.android.tools.idea.gradle.project.sync.VariantDiscovery$prepareRequestedOrDefaultModuleConfigurations$$inlined$sortedBy$1: loaded 2 times (x 91B)
Class com.android.tools.idea.gradle.model.IdeArtifactName$Companion$WhenMappings      : loaded 2 times (x 73B)
Class com.android.build.gradle.internal.services.R8D8ThreadPoolBuildService           : loaded 2 times (x 82B)
Class [Lcom.android.build.gradle.options.Version;                                     : loaded 2 times (x 71B)
Class com.android.build.api.variant.HasTestSuitesBuilder                              : loaded 2 times (x 72B)
Class com.google.wireless.android.sdk.stats.GradleBuildProject$PluginType             : loaded 2 times (x 89B)
Class com.android.build.gradle.internal.services.BaseServices                         : loaded 2 times (x 72B)
Class com.android.build.api.dsl.TestedExtension                                       : loaded 2 times (x 72B)
Class com.android.build.gradle.internal.BadPluginException                            : loaded 2 times (x 84B)
Class org.gradle.accessors.dm.LibrariesForLibs$AndroidxLifecycleRuntimeLibraryAccessors: loaded 2 times (x 79B)
Class jdk.internal.jrtfs.SystemImage$1                                                : loaded 2 times (x 80B)
Class com.android.tools.idea.gradle.project.sync.ModelCacheKt                         : loaded 2 times (x 73B)
Class com.android.build.gradle.internal.plugins.BasePlugin                            : loaded 2 times (x 96B)
Class com.android.builder.model.Variant                                               : loaded 2 times (x 72B)
Class com.android.tools.idea.gradle.project.sync.SyncActionRunnerKt                   : loaded 2 times (x 73B)
Class com.android.build.api.variant.AndroidComponents                                 : loaded 2 times (x 72B)
Class com.android.build.gradle.internal.core.dsl.ComponentDslInfo                     : loaded 2 times (x 72B)
Class org.gradle.api.internal.DefaultClassPathRegistry                                : loaded 2 times (x 78B)
Class com.sun.xml.bind.v2.model.impl.RuntimeBuiltinLeafInfoImpl$18                    : loaded 2 times (x 138B)
Class javax.activation.MimeTypeParseException                                         : loaded 2 times (x 84B)
Class com.sun.xml.bind.WhiteSpaceProcessor                                            : loaded 2 times (x 73B)
Class com.sun.xml.bind.v2.runtime.AttributeAccessor                                   : loaded 2 times (x 72B)
Class com.sun.xml.bind.v2.model.annotation.Locatable                                  : loaded 2 times (x 72B)
Class com.android.sdklib.repository.generated.repository.v3.ObjectFactory             : loaded 2 times (x 81B)
Class com.android.build.gradle.internal.SdkLocator                                    : loaded 2 times (x 73B)
Class com.android.build.gradle.internal.publishing.ProcessedArtifactUtils             : loaded 2 times (x 73B)
Class com.android.build.gradle.internal.cxx.gradle.generator.CxxConfigurationModelKt  : loaded 2 times (x 73B)
Class com.android.build.gradle.internal.lint.AndroidLintTextOutputTask$VariantCreationAction: loaded 2 times (x 94B)
Class org.jetbrains.kotlin.gradle.plugin.sources.FragmentConsistencyChecks$unstableFeaturesCheck$1: loaded 2 times (x 81B)
Class org.jetbrains.kotlin.gradle.plugin.sources.DefaultKotlinSourceSet               : loaded 2 times (x 143B)
Class org.jetbrains.kotlin.gradle.plugin.diagnostics.KotlinToolingDiagnosticsCollector$Parameter_Decorated: loaded 2 times (x 132B)
Class com.android.build.gradle.internal.TaskManager$createMergeAssetsTask$mergeSourceSetFoldersCreationConfig$1: loaded 2 times (x 81B)
Class com.android.build.gradle.internal.publishing.AndroidArtifactsUtilKt             : loaded 2 times (x 73B)
Class com.android.build.gradle.internal.core.dsl.impl.InstrumentedTestDslInfoImpl$testLabel$1: loaded 2 times (x 76B)
Class com.android.build.gradle.internal.core.dsl.TestComponentDslInfo                 : loaded 2 times (x 72B)
Class com.android.build.gradle.internal.core.dsl.impl.ApplicationVariantDslInfoImpl$versionName$2$versionNameFromFlavors$1: loaded 2 times (x 80B)
Class com.android.build.api.variant.CodeTransparency                                  : loaded 2 times (x 72B)
Class com.android.build.gradle.internal.variant.VariantPathHelper$buildConfigSourceOutputDir$2: loaded 2 times (x 81B)
Class com.android.build.api.variant.impl.VariantBuilderImpl$registeredExtensionDelegate$1: loaded 2 times (x 80B)
Class com.android.build.gradle.internal.plugins.AndroidPluginBaseServices$applyBaseServices$4: loaded 2 times (x 77B)
Class com.android.build.gradle.internal.plugins.BasePlugin$createVariantModel$2       : loaded 2 times (x 81B)
Class com.android.build.gradle.internal.dsl.DexPackagingImpl$AgpDecorated_Decorated   : loaded 2 times (x 129B)
Class com.android.build.gradle.internal.dsl.ManagedDevices$allDevices$1$2             : loaded 2 times (x 77B)
Class com.android.build.gradle.internal.dsl.ApplicationAndroidResourcesImpl$AgpDecorated_Decorated: loaded 2 times (x 181B)
Class com.android.build.gradle.internal.dependency.SourceSetManager$createConfigurationsForSourceSet$2: loaded 2 times (x 77B)
Class com.android.build.gradle.options.IntegerOption                                  : loaded 2 times (x 87B)
Class com.google.common.collect.AbstractBiMap$Inverse                                 : loaded 2 times (x 164B)
Class com.android.build.gradle.internal.dsl.LibraryKeepRulesImpl                      : loaded 2 times (x 90B)
Class com.android.build.gradle.internal.dsl.BundleOptionsCodeTransparency             : loaded 2 times (x 79B)
Class org.jetbrains.kotlin.gradle.plugin.diagnostics.ProblemsReporter                 : loaded 2 times (x 72B)
Class org.jetbrains.kotlin.gradle.plugin.VariantImplementationFactories$Parameters    : loaded 2 times (x 72B)
Class org.jetbrains.kotlin.gradle.utils.ConfigurationsKt$sam$org_gradle_api_Action$0  : loaded 2 times (x 77B)
Class org.jetbrains.kotlin.gradle.plugin.internal.JavaExecTaskParametersCompatibility$Factory: loaded 2 times (x 72B)
Class com.android.prefs.PathLocator$singlePathOf$values$1                             : loaded 2 times (x 81B)
Class com.android.tools.analytics.AnalyticsSettings$optedIn$1                         : loaded 2 times (x 80B)
Class com.android.sdklib.AndroidApiLevel                                              : loaded 2 times (x 76B)
Class com.android.build.gradle.options.Option$Status$EXPERIMENTAL                     : loaded 2 times (x 73B)
Class com.android.build.gradle.internal.services.ServiceRegistrationAction            : loaded 2 times (x 76B)
Class com.android.build.gradle.internal.component.TargetSdkAwareConfig                : loaded 2 times (x 72B)
Class org.jetbrains.plugins.gradle.tooling.serialization.internal.IdeaProjectSerializationService$JavaHomePathGetter: loaded 2 times (x 77B)
Class com.google.protobuf.AbstractParser                                              : loaded 2 times (x 152B)
Class com.android.tools.idea.gradle.project.sync.ModelCacheV2ImplKt$modelCacheV2Impl$createFromDependencies$1$LibrariesByType: loaded 2 times (x 74B)
Class com.android.tools.idea.gradle.project.sync.ArtifactDependenciesCompat$AdjacencyList: loaded 2 times (x 74B)
Class com.android.build.gradle.internal.services.StringCachingBuildService$RegistrationAction: loaded 2 times (x 76B)
Class com.android.build.gradle.internal.plugins.BasePlugin$configureProject$1         : loaded 2 times (x 77B)
Class com.android.builder.model.ProjectSyncIssues                                     : loaded 2 times (x 72B)
Class com.android.tools.idea.projectsystem.gradle.sync.Counter                        : loaded 2 times (x 74B)
Class com.android.build.gradle.internal.AvdComponentsBuildService$Parameters_Decorated: loaded 2 times (x 159B)
Class com.intellij.gradle.toolingExtension.impl.modelSerialization.SerializationServiceNotFoundException: loaded 2 times (x 84B)
Class com.android.build.gradle.internal.plugins.BasePlugin$versionedSdkLoaderService$2$1$2: loaded 2 times (x 81B)
Class org.gradle.tooling.internal.consumer.connection.UnparameterizedBuildController  : loaded 2 times (x 114B)
Class com.google.common.collect.ImmutableMultimap$Keys                                : loaded 2 times (x 168B)
Class org.gradle.internal.classpath.DefaultClassPath$ImmutableUniqueList              : loaded 2 times (x 201B)
Class org.gradle.api.internal.ClassPathRegistry                                       : loaded 2 times (x 72B)
Class org.gradle.kotlin.dsl.DebugImplementationConfigurationAccessorsKt               : loaded 2 times (x 73B)
Class javax.xml.bind.annotation.XmlRegistry                                           : loaded 2 times (x 72B)
Class com.sun.xml.bind.v2.model.impl.RuntimeBuiltinLeafInfoImpl$19                    : loaded 2 times (x 138B)
Class com.android.repository.api.RepoManager$Companion                                : loaded 2 times (x 73B)
Class com.android.sdklib.repository.generated.common.v3.IdDisplayType                 : loaded 2 times (x 85B)
Class com.android.build.gradle.internal.SdkLocator$SdkLocationSource$getSdkLocation$1$1: loaded 2 times (x 81B)
Class com.android.build.gradle.internal.scope.InternalArtifactType$LINT_PARTIAL_RESULTS: loaded 2 times (x 76B)
Class com.android.build.gradle.internal.utils.KgpUtils$configureKotlinCompileTasks$1  : loaded 2 times (x 77B)
Class com.android.build.gradle.internal.dependency.DexingOutputSplitTransformKt$registerTransformWithOutputType$1: loaded 2 times (x 77B)
Class com.android.build.gradle.internal.DependencyConfigurator$configureGeneralTransforms$7$1: loaded 2 times (x 76B)
Class com.android.build.gradle.internal.dependency.AarTransform$Parameters_Decorated  : loaded 2 times (x 143B)
Class com.android.build.gradle.internal.dependency.PlatformAttrTransform              : loaded 2 times (x 80B)
Class com.android.build.gradle.internal.tasks.DeviceProviderInstrumentTestTask        : loaded 2 times (x 364B)
Class com.android.build.api.variant.impl.LayeredSourceDirectoriesImpl$all$1           : loaded 2 times (x 76B)
Class com.android.build.gradle.internal.tasks.PackageBundleTask                       : loaded 2 times (x 358B)
Class com.android.build.gradle.tasks.PackageAndroidArtifact$CreationAction            : loaded 2 times (x 94B)
Class com.android.build.api.variant.impl.SigningConfigImpl$storePassword$1            : loaded 2 times (x 77B)
Class com.android.build.gradle.internal.tasks.MergeGeneratedProguardFilesCreationAction: loaded 2 times (x 92B)
Class org.jetbrains.kotlin.gradle.plugin.KotlinCompilation$DefaultImpls               : loaded 2 times (x 73B)
Class org.jetbrains.kotlin.gradle.plugin.sources.FragmentConsistencyChecks$unstableFeaturesCheck$2: loaded 2 times (x 80B)
Class com.android.build.gradle.internal.component.DynamicFeatureCreationConfig        : loaded 2 times (x 72B)
Class com.android.build.api.variant.Sources                                           : loaded 2 times (x 72B)
Class com.android.build.gradle.internal.variant.TestedVariantData                     : loaded 2 times (x 72B)
Class com.android.build.gradle.internal.plugins.BasePlugin$createVariantModel$3       : loaded 2 times (x 81B)
Class com.android.build.api.variant.impl.DeferredActionManager                        : loaded 2 times (x 74B)
Class com.android.build.gradle.internal.dsl.DataBindingOptions$AgpDecorated           : loaded 2 times (x 113B)
Class com.android.build.gradle.internal.DefaultConfigData                             : loaded 2 times (x 74B)
Class com.android.build.gradle.internal.dsl.VectorDrawablesOptions_Decorated          : loaded 2 times (x 133B)
Class com.android.build.gradle.internal.dsl.decorator.annotation.WithLazyInitialization: loaded 2 times (x 72B)
Class com.android.build.api.dsl.ResourcesPackaging                                    : loaded 2 times (x 72B)
Class com.android.build.gradle.internal.model.CoreNdkBuildOptions                     : loaded 2 times (x 72B)
Class com.android.build.gradle.internal.utils.KgpVersion                              : loaded 2 times (x 77B)
Class org.jetbrains.kotlin.gradle.dsl.KotlinCommonCompilerOptionsDefault              : loaded 2 times (x 98B)
Class org.jetbrains.kotlin.gradle.dsl.KotlinCommonCompilerToolOptionsDefault          : loaded 2 times (x 86B)
Class org.jetbrains.kotlin.gradle.internal.properties.NativePropertiesLoader$isUseXcodeMessageStyleEnabled$1: loaded 2 times (x 77B)
Class org.jetbrains.kotlin.gradle.internal.ClassLoadersCachingBuildService$Companion$registerIfAbsent$2$1: loaded 2 times (x 81B)
Class org.jetbrains.kotlin.gradle.report.BuildReportMode$Companion                    : loaded 2 times (x 73B)
Class org.jetbrains.kotlin.gradle.plugin.VariantImplementationFactories$VariantImplementationFactory: loaded 2 times (x 72B)
Class com.android.prefs.PathLocator$singlePathOf$values$2                             : loaded 2 times (x 80B)
Class com.android.build.gradle.internal.services.StringCachingBuildService            : loaded 2 times (x 86B)
Class com.android.build.gradle.internal.errors.AndroidProblemReporterProvider$reporter$1: loaded 2 times (x 76B)
Class com.android.build.gradle.internal.component.ComponentCreationConfig             : loaded 2 times (x 72B)
Class com.android.build.gradle.internal.variant.VariantModel                          : loaded 2 times (x 72B)
Class jdk.internal.jimage.decompressor.ResourceDecompressor                           : loaded 2 times (x 72B)
Class org.jetbrains.kotlin.gradle.plugin.KotlinBaseApiPlugin$kotlinExtension$2        : loaded 2 times (x 81B)
Class org.jetbrains.kotlin.gradle.plugin.BuildFinishedListenerService                 : loaded 2 times (x 82B)
Class org.jetbrains.kotlin.gradle.plugin.BuildFinishedListenerService$Companion       : loaded 2 times (x 73B)
Class com.android.tools.idea.gradle.model.impl.IdeBasicVariantImpl                    : loaded 2 times (x 81B)
Class org.jetbrains.kotlin.gradle.plugin.statistics.BuildFusServiceKt                 : loaded 2 times (x 73B)
Class com.android.builder.model.BuildType                                             : loaded 2 times (x 72B)
Class com.android.build.api.dsl.AnnotationProcessorOptions                            : loaded 2 times (x 72B)
Class org.gradle.tooling.model.Launchable                                             : loaded 2 times (x 72B)
Class com.android.build.gradle.internal.dsl.decorator.DslDecorator$Companion          : loaded 2 times (x 73B)
Class org.gradle.tooling.model.cpp.CppComponent                                       : loaded 2 times (x 72B)
Class com.google.common.base.ExtraObjectsMethodsForWeb                                : loaded 2 times (x 73B)
Class com.android.build.gradle.internal.dsl.decorator.DslDecorator$CollectingInfoVisitor: loaded 2 times (x 77B)
Class com.sun.xml.bind.v2.model.impl.RuntimeAnyTypeImpl                               : loaded 2 times (x 96B)
Class com.sun.xml.bind.v2.model.nav.Navigator                                         : loaded 2 times (x 72B)
Class com.android.build.gradle.internal.SdkLocator$ValidationResult                   : loaded 2 times (x 74B)
Class com.android.build.gradle.internal.dsl.BaselineProfileImpl$AgpDecorated          : loaded 2 times (x 86B)
Class com.android.build.gradle.internal.scope.InternalArtifactType$TEST_FIXTURES_LINT_MODEL: loaded 2 times (x 76B)
Class com.android.build.gradle.internal.scope.BootClasspathBuilder                    : loaded 2 times (x 73B)
Class com.android.build.gradle.internal.publishing.AarOrJarTypeToConsume              : loaded 2 times (x 74B)
Class com.android.build.api.variant.impl.SourcesImpl$manifestOverlayFiles$1           : loaded 2 times (x 76B)
Class com.android.build.api.component.impl.DefaultSourcesProviderImpl$getKeepRules$1  : loaded 2 times (x 133B)
Class com.android.build.api.artifact.SingleArtifact$METADATA_LIBRARY_DEPENDENCIES_REPORT: loaded 2 times (x 76B)
Class com.android.build.gradle.internal.tasks.FinalizeBundleTask$CreationAction$handleProvider$1: loaded 2 times (x 133B)
Class com.android.build.gradle.internal.tasks.SigningConfigVersionsWriterTask         : loaded 2 times (x 342B)
Class com.android.build.gradle.internal.tasks.featuresplit.PackagedDependenciesWriterTask$CreationAction$handleProvider$1: loaded 2 times (x 133B)
Class com.android.build.gradle.internal.scope.InternalArtifactType$GLOBAL_SYNTHETICS_EXTERNAL_LIBS_ARTIFACT_TRANSFORM: loaded 2 times (x 76B)
Class com.android.build.gradle.internal.scope.InternalArtifactType$MIXED_SCOPE_DEX_ARCHIVE: loaded 2 times (x 76B)
Class com.android.build.gradle.internal.tasks.MergeJavaResourceTask$CreationAction$handleProvider$1: loaded 2 times (x 133B)
Class org.jetbrains.kotlin.gradle.plugin.mpp.compilationImpl.KotlinCompilationImpl$1  : loaded 2 times (x 81B)
Class org.jetbrains.kotlin.gradle.plugin.mpp.compilationImpl.factory.KotlinJvmCompilerOptionsFactory: loaded 2 times (x 76B)
Class org.jetbrains.kotlin.compilerRunner.CompilerSystemPropertiesService             : loaded 2 times (x 82B)
Class com.android.build.gradle.internal.scope.InternalArtifactType$MANIFEST_MERGE_REPORT: loaded 2 times (x 76B)
Class com.android.build.gradle.internal.tasks.PrepareLintJarForPublish$CreationAction : loaded 2 times (x 92B)
Class com.android.build.gradle.internal.tasks.CheckMultiApkLibrariesTask$CreationAction: loaded 2 times (x 92B)
Class android.databinding.tool.DataBindingBuilder                                     : loaded 2 times (x 81B)
Class com.android.build.gradle.internal.component.InstrumentedTestCreationConfig      : loaded 2 times (x 72B)
Class com.android.build.api.component.impl.ComponentImpl$builtInKotlinSupportMode$2   : loaded 2 times (x 81B)
Class com.android.build.gradle.internal.dsl.CommonExtensionImpl$compileSdkDelegate$1  : loaded 2 times (x 81B)
Class com.android.build.gradle.internal.plugins.BasePlugin$createVariantModel$4       : loaded 2 times (x 81B)
Class com.android.build.api.variant.VariantFilter                                     : loaded 2 times (x 72B)
Class com.android.build.gradle.internal.tasks.factory.BootClasspathConfigImpl$bootClasspath$2: loaded 2 times (x 81B)
Class com.android.build.gradle.internal.dsl.ExternalNativeBuild$AgpDecorated          : loaded 2 times (x 98B)
Class com.android.build.gradle.internal.dsl.ResourcesPackagingImpl$AgpDecorated       : loaded 2 times (x 88B)
Class [Lcom.android.builder.model.TestOptions$Execution;                              : loaded 2 times (x 71B)
Class com.android.build.gradle.internal.dsl.LintOptions                               : loaded 2 times (x 203B)
Class com.android.build.gradle.internal.api.DefaultAndroidSourceDirectorySet$directories$1: loaded 2 times (x 145B)
Class com.android.build.api.dsl.Cmake                                                 : loaded 2 times (x 72B)
Class com.android.build.api.dsl.AarMetadata                                           : loaded 2 times (x 72B)
Class com.android.build.gradle.internal.services.BuiltInKotlinServices                : loaded 2 times (x 74B)
Class org.jetbrains.kotlin.gradle.dsl.ExplicitApiMode                                 : loaded 2 times (x 81B)
Class org.jetbrains.kotlin.gradle.plugin.mpp.KotlinUsages$KotlinCinteropCompatibility : loaded 2 times (x 79B)
Class org.jetbrains.kotlin.gradle.plugin.mpp.KotlinUsages$KotlinUsagesCompatibility   : loaded 2 times (x 78B)
Class org.jetbrains.kotlin.gradle.plugin.VariantImplementationFactories$Parameters$Inject_: loaded 2 times (x 108B)
Class org.jetbrains.kotlin.gradle.plugin.VariantImplementationFactories$Companion     : loaded 2 times (x 73B)
Class org.jetbrains.kotlin.gradle.plugin.internal.CustomPropertiesFileValueSource$Parameters_Decorated: loaded 2 times (x 132B)
Class org.jetbrains.kotlin.gradle.dsl.KotlinTopLevelExtensionConfig                   : loaded 2 times (x 72B)
Class com.android.build.gradle.internal.dsl.EmulatorControl$AgpDecorated_Decorated    : loaded 2 times (x 135B)
Class com.android.build.gradle.internal.dsl.BundleOptionsDeviceTier$AgpDecorated      : loaded 2 times (x 87B)
Class com.google.protobuf.UnknownFieldSet$Parser                                      : loaded 2 times (x 152B)
Class com.android.build.gradle.internal.dependency.GenericTransformParameters_Decorated: loaded 2 times (x 132B)
Class com.android.build.gradle.internal.tasks.SigningConfigUtils                      : loaded 2 times (x 73B)
Class com.google.common.collect.AbstractBiMap                                         : loaded 2 times (x 161B)
Class com.android.build.gradle.internal.tasks.UsesAnalytics                           : loaded 2 times (x 72B)
Class [Lcom.android.build.gradle.options.SyncOptions$ErrorFormatMode;                 : loaded 2 times (x 71B)
Class [Lcom.android.build.gradle.options.HasFutureStage;                              : loaded 2 times (x 71B)
Class com.android.build.gradle.internal.utils.GradlePluginUtils                       : loaded 2 times (x 73B)
Class com.android.tools.idea.gradle.model.ndk.v2.IdeNativeModule                      : loaded 2 times (x 72B)
Class com.android.buildanalyzer.common.TaskCategory                                   : loaded 2 times (x 81B)
Class com.android.tools.idea.gradle.project.sync.ModelCacheV1ImplKt                   : loaded 2 times (x 73B)
Class [Lcom.android.tools.idea.gradle.model.impl.IdeModuleWellKnownSourceSet;         : loaded 2 times (x 71B)
Class com.android.build.gradle.internal.dsl.CompileSdkSpecImpl$AgpDecorated           : loaded 2 times (x 95B)
Class com.android.build.gradle.internal.testsuites.impl.TestSuiteBuilderImpl$Companion: loaded 2 times (x 73B)
Class com.android.builder.model.v2.models.HostJarTestSuiteSource                      : loaded 2 times (x 72B)
Class com.android.tools.idea.gradle.project.sync.BasicIncompleteGradleModule          : loaded 2 times (x 75B)
Class com.android.build.gradle.internal.component.DeviceTestCreationConfig            : loaded 2 times (x 72B)
Class com.intellij.openapi.util.io.FileUtilRt$RepeatableIOOperation                   : loaded 2 times (x 72B)
Class org.gradle.tooling.internal.consumer.versioning.ModelMapping$DefaultModelIdentifier: loaded 2 times (x 78B)
Class com.android.build.gradle.internal.TaskManager$AbstractPreBuildCreationAction    : loaded 2 times (x 93B)
Class org.jetbrains.kotlin.cli.common.arguments.K2JVMCompilerArgumentsConfigurator    : loaded 2 times (x 76B)
Class Settings_gradle$1                                                               : loaded 2 times (x 76B)
Class org.gradle.internal.classpath.ClassPath                                         : loaded 2 times (x 72B)
Class com.android.repository.impl.generated.v1.LocalPackage                           : loaded 2 times (x 142B)
Class com.android.sdklib.repository.legacy.io.FileOpImpl                              : loaded 2 times (x 80B)
Class com.android.build.gradle.internal.TaskManager$configureTestData$1               : loaded 2 times (x 133B)
Class com.android.build.api.variant.impl.FlatSourceDirectoriesForJavaImpl             : loaded 2 times (x 95B)
Class com.android.build.gradle.internal.TaskManager$createCompileAnchorTask$1         : loaded 2 times (x 76B)
Class com.android.build.gradle.internal.scope.InternalArtifactType$STRIPPED_NATIVE_LIBS: loaded 2 times (x 76B)
Class com.android.build.gradle.internal.tasks.MergeJavaResourceTask$CreationAction$handleProvider$2: loaded 2 times (x 133B)
Class org.jetbrains.kotlin.gradle.plugin.mpp.KotlinJvmAgpCompilation                  : loaded 2 times (x 200B)
Class org.jetbrains.kotlin.gradle.plugin.mpp.compilationImpl.KotlinCompilationImpl$2  : loaded 2 times (x 81B)
Class com.android.build.api.artifact.SingleArtifact$MERGED_NATIVE_LIBS                : loaded 2 times (x 76B)
Class com.android.build.gradle.tasks.MapSourceSetPathsTask$CreateAction$handleProvider$1: loaded 2 times (x 133B)
Class com.android.build.gradle.internal.tasks.CheckManifest                           : loaded 2 times (x 336B)
Class com.android.build.gradle.internal.core.dsl.impl.features.NativeBuildDslInfoImpl : loaded 2 times (x 83B)
Class com.android.build.api.variant.TestedApkPackaging                                : loaded 2 times (x 72B)
Class com.android.build.api.variant.impl.ApplicationVariantBuilderImpl_Decorated      : loaded 2 times (x 274B)
Class com.android.build.gradle.internal.plugins.BasePlugin$createVariantModel$5       : loaded 2 times (x 81B)
Class com.android.build.gradle.internal.dsl.decorator.LockableList                    : loaded 2 times (x 210B)
Class com.android.build.gradle.internal.dsl.decorator.SupportedPropertyType$Var$Int   : loaded 2 times (x 76B)
Class com.android.build.gradle.internal.dsl.decorator.SupportedPropertyType$Var$NullableBoolean: loaded 2 times (x 76B)
Class com.android.builder.model.ProductFlavor                                         : loaded 2 times (x 72B)
Class org.jetbrains.kotlin.gradle.dsl.KotlinJvmCompilerOptionsDefault                 : loaded 2 times (x 110B)
Class org.jetbrains.kotlin.gradle.internal.UsesClassLoadersCachingBuildService        : loaded 2 times (x 72B)
Class com.android.build.api.artifact.Artifact$Transformable                           : loaded 2 times (x 72B)
Class com.android.build.gradle.internal.services.ConfigPhaseFileCreator$Params        : loaded 2 times (x 72B)
Class com.android.tools.analytics.HostData$classLoadingBean$2                         : loaded 2 times (x 80B)
Class com.android.build.gradle.internal.core.dsl.PublishableComponentDslInfo          : loaded 2 times (x 72B)
Class com.android.build.gradle.TestedAndroidConfig                                    : loaded 2 times (x 72B)
Class com.android.tools.idea.gradle.model.impl.IdeDependenciesCoreDirect              : loaded 2 times (x 81B)
Class com.android.tools.idea.gradle.project.sync.AgpVersionTooNew                     : loaded 2 times (x 84B)
Class com.android.build.gradle.tasks.ManifestProcessor                                : loaded 2 times (x 72B)
Class com.android.build.api.artifact.MultipleArtifact$PRE_COMPILATION_CLASSES         : loaded 2 times (x 76B)
Class com.android.tools.idea.projectsystem.gradle.sync.PerformanceMeasurementUtilKt   : loaded 2 times (x 73B)
Class org.jetbrains.kotlin.gradle.plugin.sources.FragmentConsistencyChecks$optInAnnotationsCheck$2: loaded 2 times (x 80B)
Class org.gradle.tooling.internal.consumer.connection.StreamingAwareBuildControllerAdapter: loaded 2 times (x 114B)
Class com.android.build.gradle.internal.tasks.DexArchiveBuilderTask$CreationAction$handleProvider$5: loaded 2 times (x 80B)
Class com.android.tools.idea.gradle.project.sync.SwitchVariantRequest                 : loaded 2 times (x 74B)
Class com.android.repository.impl.meta.LocalPackageImpl                               : loaded 2 times (x 133B)
Class com.android.repository.impl.generated.v1.RemotePackage                          : loaded 2 times (x 159B)
Class com.android.build.gradle.internal.SdkType                                       : loaded 2 times (x 81B)
Class com.android.build.gradle.internal.SdkDirectLoadingStrategy                      : loaded 2 times (x 74B)
Class com.android.builder.dexing.DependencyGraphUpdater                               : loaded 2 times (x 72B)
Class com.android.build.gradle.tasks.AnalyzeDependenciesTask$CreationAction           : loaded 2 times (x 92B)
Class com.android.build.gradle.internal.tasks.DeviceProviderInstrumentTestTask$CreationAction: loaded 2 times (x 93B)
Class com.android.build.gradle.internal.scope.InternalArtifactType$APKS_FROM_BUNDLE   : loaded 2 times (x 76B)
Class com.android.build.gradle.internal.tasks.MergeStartupProfileTask$CreationAction  : loaded 2 times (x 92B)
Class com.android.build.gradle.internal.tasks.ApkZipPackagingTask$CreationAction$handleProvider$1: loaded 2 times (x 133B)
Class com.android.build.gradle.tasks.PackageAndroidArtifact                           : loaded 2 times (x 373B)
Class org.jetbrains.kotlin.gradle.utils.ObservableSet                                 : loaded 2 times (x 72B)
Class org.jetbrains.kotlin.gradle.plugin.diagnostics.KotlinToolingDiagnosticsCollectorKt: loaded 2 times (x 73B)
Class org.jetbrains.kotlin.gradle.internal.transforms.BuildToolsApiClasspathEntrySnapshotTransform$Parameters: loaded 2 times (x 90B)
Class org.jetbrains.kotlin.gradle.tasks.KotlinCompile                                 : loaded 2 times (x 508B)
Class com.android.build.gradle.internal.scope.InternalArtifactType$PACKAGED_RES       : loaded 2 times (x 76B)
Class com.android.build.gradle.internal.component.HostTestCreationConfig              : loaded 2 times (x 72B)
Class com.android.build.gradle.internal.component.TestCreationConfig                  : loaded 2 times (x 72B)
Class com.android.build.api.attributes.BuildTypeAttr                                  : loaded 2 times (x 72B)
Class com.android.build.gradle.internal.core.dsl.impl.features.OptimizationDslInfoImpl$postProcessingOptions$2: loaded 2 times (x 81B)
Class com.android.build.api.variant.impl.DeviceTestBuilderImpl                        : loaded 2 times (x 104B)
Class com.android.build.api.variant.impl.MutableAndroidVersion                        : loaded 2 times (x 78B)
Class com.android.build.gradle.internal.scope.BuildFeatureValuesImpl                  : loaded 2 times (x 102B)
Class com.android.build.gradle.internal.dsl.CompileSdkVersionImpl                     : loaded 2 times (x 84B)
Class com.android.build.gradle.internal.tasks.factory.GlobalTaskNames                 : loaded 2 times (x 72B)
Class com.android.build.api.artifact.impl.ArtifactsImpl$2$1                           : loaded 2 times (x 82B)
Class com.android.build.api.dsl.PublishingOptions                                     : loaded 2 times (x 72B)
Class com.android.build.gradle.internal.dsl.ExternalNativeCmakeOptions                : loaded 2 times (x 110B)
Class com.android.build.gradle.internal.scope.InternalArtifactType$NATIVE_DEBUG_METADATA: loaded 2 times (x 76B)
Class com.google.common.util.concurrent.AbstractFuture$AtomicHelper                   : loaded 2 times (x 80B)
Class com.android.build.gradle.internal.dsl.NdkBuildOptions                           : loaded 2 times (x 94B)
Class com.android.build.gradle.internal.dsl.DataBindingOptions                        : loaded 2 times (x 110B)
Class org.jetbrains.kotlin.gradle.plugin.mpp.HierarchyAttributeContainer              : loaded 2 times (x 89B)
Class org.jetbrains.kotlin.gradle.tasks.UsesKotlinJavaToolchain                       : loaded 2 times (x 72B)
Class org.jetbrains.kotlin.gradle.plugin.DefaultKotlinBasePlugin$apply$1              : loaded 2 times (x 77B)
Class org.jetbrains.kotlin.gradle.internal.properties.PropertiesBuildService$Params_Decorated: loaded 2 times (x 132B)
Class com.android.build.gradle.internal.services.AndroidLocationsBuildService$AndroidDirectoryCreator: loaded 2 times (x 82B)
Class com.google.gson.internal.JsonReaderInternalAccess                               : loaded 2 times (x 74B)
Class com.android.build.gradle.internal.res.Aapt2FromMaven$Companion$create$1         : loaded 2 times (x 77B)
Class com.android.sdklib.AndroidApiLevel$Companion                                    : loaded 2 times (x 73B)
Class com.android.build.gradle.options.Option$Status                                  : loaded 2 times (x 73B)
Class com.android.prefs.AndroidLocationsProvider                                      : loaded 2 times (x 72B)
Class com.android.build.api.variant.ApplicationVariant                                : loaded 2 times (x 72B)
Class com.android.build.gradle.internal.tasks.InstallVariantTask$CreationAction       : loaded 2 times (x 93B)
Class com.android.build.gradle.internal.tasks.UninstallTask$CreationAction            : loaded 2 times (x 93B)
Class com.android.builder.model.v2.ide.UnresolvedDependency                           : loaded 2 times (x 72B)
Class com.android.tools.idea.gradle.model.IdeTestOptions$Execution                    : loaded 2 times (x 81B)
Class com.android.builder.model.v2.ide.TestSuiteVariantTarget                         : loaded 2 times (x 72B)
Class com.android.build.gradle.internal.tasks.SdkDependencyDataGeneratorTask$CreationAction$handleProvider$1: loaded 2 times (x 133B)
Class org.jetbrains.plugins.gradle.tooling.serialization.internal.adapter.kotlin.dsl.InternalKotlinDslScriptModel: loaded 2 times (x 86B)
Class com.android.build.gradle.internal.dependency.CollectResourceSymbolsTransform    : loaded 2 times (x 80B)
Class com.android.build.gradle.internal.dependency.RecalculateStackFramesTransform$Companion: loaded 2 times (x 73B)
Class com.android.build.gradle.internal.utils.D8BackportedMethodsGenerator$Inject_1   : loaded 2 times (x 111B)
Class com.android.build.gradle.internal.publishing.VariantSpecBuilderImpl             : loaded 2 times (x 92B)
Class com.android.build.gradle.internal.utils.ConsoleProgressIndicatorFactory         : loaded 2 times (x 74B)
Class org.jetbrains.kotlin.cli.common.arguments.Freezable                             : loaded 2 times (x 74B)
Class org.gradle.api.internal.classpath.DefaultModuleRegistry$DefaultModuleAlias      : loaded 2 times (x 82B)
Class com.sun.xml.bind.v2.model.annotation.Init                                       : loaded 2 times (x 73B)
Class com.android.repository.impl.generated.v1.RevisionType                           : loaded 2 times (x 84B)
Class com.android.sdklib.repository.generated.common.v1.ObjectFactory                 : loaded 2 times (x 77B)
Class com.android.build.gradle.internal.SdkComponentsBuildService$VersionedSdkLoader$adbHelper$1: loaded 2 times (x 77B)
Class com.android.build.gradle.internal.scope.BuildArtifactSpec$Companion             : loaded 2 times (x 73B)
Class com.android.build.gradle.internal.dependency.ExtractJniTransform                : loaded 2 times (x 80B)
Class com.android.build.gradle.internal.scope.InternalMultipleArtifactType$EXTERNAL_LIBS_DEX: loaded 2 times (x 76B)
Class org.jetbrains.kotlin.gradle.incremental.UsesIncrementalModuleInfoBuildService   : loaded 2 times (x 72B)
Class com.android.build.gradle.tasks.JavaCompileCreationAction$handleProvider$1       : loaded 2 times (x 80B)
Class com.android.build.api.component.impl.DeviceTestImpl$androidResources$2          : loaded 2 times (x 81B)
Class com.android.build.api.variant.impl.ApplicationVariantImpl$dependenciesInfo$2    : loaded 2 times (x 81B)
Class com.android.build.api.dsl.Device                                                : loaded 2 times (x 72B)
Class [Lcom.google.common.base.CaseFormat;                                            : loaded 2 times (x 71B)
Class com.android.build.gradle.internal.SdkLocator$SdkLocationSource$LOCAL_SDK_DIR    : loaded 2 times (x 82B)
Class com.android.build.gradle.internal.dsl.VectorDrawablesOptions                    : loaded 2 times (x 89B)
Class org.jetbrains.kotlin.gradle.utils.CompilerOptionsKt$configureExperimentalTryNext$1$1: loaded 2 times (x 80B)
Class org.jetbrains.kotlin.gradle.utils.CompilerOptionsKt                             : loaded 2 times (x 73B)
Class org.jetbrains.kotlin.gradle.plugin.PropertiesProvider$Companion                 : loaded 2 times (x 73B)
Class org.jetbrains.kotlin.gradle.utils.SingleAction                                  : loaded 2 times (x 75B)
Class com.android.sdklib.repository.generated.common.v2.package-info                  : loaded 2 times (x 72B)
Class com.google.wireless.android.sdk.stats.JavaProcessStats$Builder                  : loaded 2 times (x 308B)
Class com.android.repository.impl.generated.v2.ChannelType                            : loaded 2 times (x 85B)
Class com.google.wireless.android.sdk.stats.GradleBuildVariant$Builder                : loaded 2 times (x 383B)
Class com.android.build.gradle.internal.profile.NoOpAnalyticsService$RegistrationAction: loaded 2 times (x 76B)
Class com.android.repository.impl.generated.generic.v1.package-info                   : loaded 2 times (x 72B)
Class com.sun.xml.bind.v2.model.core.ArrayInfo                                        : loaded 2 times (x 72B)
Class com.android.build.gradle.internal.errors.AndroidProblemReporterProvider         : loaded 2 times (x 78B)
Class com.android.build.gradle.internal.tasks.factory.BootClasspathConfigImpl         : loaded 2 times (x 81B)
Class com.android.build.gradle.internal.tasks.factory.GlobalTaskCreationConfig        : loaded 2 times (x 72B)
Class com.android.build.gradle.internal.tasks.factory.BootClasspathConfig             : loaded 2 times (x 72B)
Class jdk.internal.jimage.ImageStringsReader                                          : loaded 2 times (x 82B)
Class org.gradle.internal.classloader.InstrumentingClassLoader                        : loaded 2 times (x 72B)
Class org.gradle.internal.classpath.TransformedClassPath                              : loaded 2 times (x 98B)
Class [Lcom.intellij.openapi.diagnostic.LogLevel;                                     : loaded 2 times (x 71B)
Class com.android.tools.idea.gradle.model.impl.IdeAndroidGradlePluginProjectFlagsImpl : loaded 2 times (x 89B)
Class com.android.tools.idea.gradle.model.IdeSourceProviderKt                         : loaded 2 times (x 73B)
Class kotlin.coroutines.jvm.internal.CoroutineDumpState                               : loaded 2 times (x 73B)
Class com.android.tools.idea.gradle.project.sync.ActionToRun                          : loaded 2 times (x 74B)
Class org.gradle.internal.impldep.com.google.common.base.Optional                     : loaded 2 times (x 82B)
Class org.gradle.tooling.model.eclipse.EclipseClasspathEntry                          : loaded 2 times (x 72B)
Class org.gradle.tooling.model.idea.IdeaContentRoot                                   : loaded 2 times (x 72B)
Class com.android.tools.idea.gradle.model.IdeArtifactName                             : loaded 2 times (x 81B)
Class org.jetbrains.plugins.gradle.tooling.serialization.internal.IdeaProjectSerializationService$JdkGetter: loaded 2 times (x 77B)
Class com.android.build.gradle.internal.publishing.TestFixturesVariantSpecBuilder     : loaded 2 times (x 92B)
Class com.android.build.gradle.internal.dependency.DexingOutputSplitTransformKt$registerTransformWithOutputType$1$WhenMappings: loaded 2 times (x 73B)
Class com.android.build.gradle.internal.dependency.ExtractJniTransform$Inject_1       : loaded 2 times (x 111B)
Class com.android.build.gradle.internal.tasks.AndroidTestTask                         : loaded 2 times (x 72B)
Class com.android.build.api.variant.CanProduceConsumerProguardFiles                   : loaded 2 times (x 72B)
Class [Lcom.android.build.gradle.internal.tasks.DexMergingAction;                     : loaded 2 times (x 71B)
Class com.android.build.gradle.internal.tasks.ClassesClasspathUtils                   : loaded 2 times (x 74B)
Class org.jetbrains.kotlin.tooling.core.ExtrasPropertyKt$extrasLazyProperty$1         : loaded 2 times (x 96B)
Class org.jetbrains.kotlin.gradle.plugin.diagnostics.UsesKotlinToolingDiagnostics     : loaded 2 times (x 72B)
Class com.android.build.gradle.tasks.JavaCompileCreationAction$handleProvider$2       : loaded 2 times (x 80B)
Class com.android.build.gradle.internal.scope.InternalArtifactType$LINKED_RESOURCES_FOR_BUNDLE_PROTO_FORMAT: loaded 2 times (x 76B)
Class com.android.build.gradle.internal.scope.InternalArtifactType$LINKED_RESOURCES_BINARY_FORMAT: loaded 2 times (x 76B)
Class com.android.build.gradle.internal.tasks.ProcessNavigationXmlTask$CreationAction$handleProvider$1: loaded 2 times (x 133B)
Class com.android.build.gradle.internal.tasks.ExtractNativeDebugMetadataTask$SymbolTableCreationAction: loaded 2 times (x 93B)
Class com.android.build.gradle.internal.services.BuiltInKaptSupportMode$NotSupported  : loaded 2 times (x 73B)
Class [Lcom.android.build.gradle.internal.variant.BaseVariantData$DiscoverableFilterType;: loaded 2 times (x 71B)
Class com.android.build.gradle.internal.tasks.SigningConfigUtils$Companion            : loaded 2 times (x 73B)
Class com.android.build.gradle.api.AndroidSourceDirectorySet                          : loaded 2 times (x 72B)
Class com.android.build.gradle.internal.dsl.BaseFlavor$minSdkDelegate$1               : loaded 2 times (x 81B)
Class com.android.build.gradle.internal.dsl.NdkOptions                                : loaded 2 times (x 118B)
Class com.android.build.api.dsl.CompileOptions                                        : loaded 2 times (x 72B)
Class org.jetbrains.plugins.gradle.tooling.serialization.internal.IdeaProjectSerializationService$ResourceDirectoriesGetter: loaded 2 times (x 77B)
Class jdk.internal.jimage.ImageReader$LinkNode                                        : loaded 2 times (x 86B)
Class com.google.protobuf.GeneratedMessageV3                                          : loaded 2 times (x 180B)
Class com.android.build.api.variant.HasAndroidTestBuilder                             : loaded 2 times (x 72B)
Class com.android.build.gradle.options.OptionParsers                                  : loaded 2 times (x 73B)
Class com.android.build.gradle.internal.plugins.BasePlugin$extensionData$2            : loaded 2 times (x 81B)
Class com.android.build.gradle.options.FeatureStage$Deprecated                        : loaded 2 times (x 74B)
Class com.android.build.gradle.internal.services.AndroidLocationsBuildService         : loaded 2 times (x 92B)
Class com.android.build.api.variant.Variant                                           : loaded 2 times (x 72B)
Class com.android.build.api.dsl.ApplicationExtension                                  : loaded 2 times (x 72B)
Class com.android.build.gradle.internal.plugins.AndroidPluginBaseServices$syncIssueReporter$2$1: loaded 2 times (x 81B)
Class com.android.tools.idea.gradle.model.impl.IdeTestOptionsImpl                     : loaded 2 times (x 79B)
Class com.android.ide.common.repository.AgpVersion$PreviewKind$WhenMappings           : loaded 2 times (x 73B)
Class com.android.build.gradle.internal.res.Aapt2FromMaven$Companion$Aapt2Extractor   : loaded 2 times (x 80B)
Class com.android.tools.idea.gradle.project.sync.AndroidExtraModelProviderWorker      : loaded 2 times (x 74B)
Class com.android.build.gradle.internal.services.Aapt2DaemonBuildService$Parameters_Decorated: loaded 2 times (x 129B)
Class com.android.build.gradle.internal.plugins.BasePlugin$versionedSdkLoaderService$2$1$1: loaded 2 times (x 81B)
Class org.jetbrains.kotlin.gradle.plugin.mpp.AbstractKotlinCompilationToRunnableFiles : loaded 2 times (x 198B)
Class com.intellij.gradle.toolingExtension.modelAction.GradleModelFetchPhase          : loaded 2 times (x 72B)
Class com.sun.xml.bind.v2.runtime.output.Pcdata                                       : loaded 2 times (x 92B)
Class com.sun.xml.bind.v2.util.QNameMap                                               : loaded 2 times (x 74B)
Class com.sun.xml.bind.v2.runtime.JAXBContextImpl                                     : loaded 2 times (x 92B)
Class com.android.repository.impl.meta.RemotePackageImpl                              : loaded 2 times (x 146B)
Class com.android.sdklib.repository.generated.common.v1.package-info                  : loaded 2 times (x 72B)
Class com.android.sdklib.repository.meta.SdkCommonFactory                             : loaded 2 times (x 75B)
Class org.jetbrains.kotlin.tooling.core.Extras$Type                                   : loaded 2 times (x 74B)
Class com.android.build.gradle.internal.scope.InternalArtifactType$LOCAL_AAR_FOR_LINT : loaded 2 times (x 76B)
Class com.android.build.gradle.internal.dependency.ExtractProGuardRulesTransform      : loaded 2 times (x 80B)
Class com.android.build.gradle.internal.PropertiesValueSource$Inject_                 : loaded 2 times (x 111B)
Class com.android.build.gradle.internal.scope.InternalArtifactType$CONNECTED_ANDROID_TEST_ADDITIONAL_OUTPUT: loaded 2 times (x 76B)
Class com.android.build.gradle.internal.scope.InternalArtifactType$GLOBAL_SYNTHETICS_EXTERNAL_LIB: loaded 2 times (x 76B)
Class com.android.build.gradle.internal.TaskManager$addSubpluginOptionsForBuiltInKotlin$compilerOptions$1: loaded 2 times (x 77B)
Class org.jetbrains.kotlin.gradle.plugin.mpp.compilationImpl.DefaultKotlinCompilationSourceSetsContainer$allKotlinSourceSetsImpl$1$1: loaded 2 times (x 82B)
Class org.jetbrains.kotlin.gradle.plugin.mpp.compilationImpl.DefaultKotlinCompilationSourceSetsContainer: loaded 2 times (x 80B)
Class com.android.build.api.variant.impl.ResourcesPackagingImpl$merges$1              : loaded 2 times (x 77B)
Class com.android.build.gradle.internal.scope.InternalArtifactType$DATA_BINDING_LAYOUT_INFO_TYPE_PACKAGE: loaded 2 times (x 76B)
Class com.android.build.gradle.internal.tasks.NewIncrementalTask                      : loaded 2 times (x 338B)
Class com.android.build.api.artifact.TaskBasedOperation                               : loaded 2 times (x 72B)
Class com.android.build.gradle.internal.scope.InternalArtifactType$BUNDLE_MANIFEST    : loaded 2 times (x 76B)
Class com.android.build.gradle.tasks.ProcessManifestForBundleTask                     : loaded 2 times (x 338B)
Class com.android.build.gradle.internal.dependency.ProvidedClasspath                  : loaded 2 times (x 73B)
Class com.android.build.gradle.internal.core.dsl.impl.ApplicationVariantDslInfoImpl$versionName$2$2: loaded 2 times (x 77B)
Class com.android.build.gradle.internal.lint.AndroidLintGlobalTask                    : loaded 2 times (x 328B)
Class com.android.build.gradle.internal.dsl.BuildType$Companion                       : loaded 2 times (x 73B)
Class com.android.build.api.artifact.Artifacts                                        : loaded 2 times (x 72B)
Class com.android.build.gradle.internal.services.FakeDependencyJarBuildService$lazyCachedFakeJar$1: loaded 2 times (x 77B)
Class com.android.build.gradle.internal.dsl.SdkComponentsImpl$aapt2$2                 : loaded 2 times (x 81B)
Class com.android.build.gradle.internal.dsl.JavaCompileOptions$AgpDecorated_Decorated : loaded 2 times (x 132B)
Class com.android.build.gradle.internal.dsl.BaseFlavor$minSdkDelegate$2               : loaded 2 times (x 81B)
Class com.android.build.gradle.internal.dsl.BundleOptionsLanguage                     : loaded 2 times (x 79B)
Class com.android.build.gradle.internal.dsl.BundleOptionsCountrySet                   : loaded 2 times (x 83B)
Class com.android.build.api.dsl.DynamicFeatureProductFlavor                           : loaded 2 times (x 72B)
Class com.android.builder.model.Named                                                 : loaded 2 times (x 72B)
Class org.jetbrains.kotlin.tooling.core.AbstractExtras                                : loaded 2 times (x 143B)
Class org.jetbrains.kotlin.gradle.internal.properties.NativePropertiesLoader$shouldUseEmbeddableCompilerJar$1: loaded 2 times (x 77B)
Class org.jetbrains.kotlin.gradle.fus.BuildUidService$Companion$registerIfAbsent$1    : loaded 2 times (x 76B)
Class org.jetbrains.kotlin.gradle.internal.diagnostics.AgpCompatibilityCheck$AndroidGradlePluginVersionProvider: loaded 2 times (x 72B)
Class org.jetbrains.kotlin.gradle.utils.ConfigurationsKt$maybeCreateResolvable$1      : loaded 2 times (x 80B)
Class com.google.protobuf.MessageLite$Builder                                         : loaded 2 times (x 72B)
Class org.jetbrains.kotlin.gradle.internal.properties.PropertiesBuildService$property$1$1: loaded 2 times (x 77B)
Class com.android.build.gradle.options.ApiStage$Experimental                          : loaded 2 times (x 74B)
Class com.android.build.gradle.internal.core.dsl.ApkProducingComponentDslInfo         : loaded 2 times (x 72B)
Class com.android.build.api.extension.impl.AndroidComponentsExtensionImpl             : loaded 2 times (x 114B)
Class jdk.internal.jimage.ImageReader                                                 : loaded 2 times (x 77B)
Class org.jetbrains.kotlin.gradle.plugin.mpp.KotlinUsages$KotlinMetadataCompatibility : loaded 2 times (x 78B)
Class [Lorg.jetbrains.kotlin.gradle.dsl.JvmTarget;                                    : loaded 2 times (x 71B)
Class com.android.tools.idea.gradle.model.IdeJavaArtifactCore                         : loaded 2 times (x 72B)
Class com.android.tools.idea.gradle.project.sync.DefaultVariantsKt                    : loaded 2 times (x 73B)
Class [Lcom.google.common.collect.SortedLists$KeyAbsentBehavior;                      : loaded 2 times (x 71B)
Class [Lcom.android.tools.idea.gradle.project.sync.MeasurementCheckpoint;             : loaded 2 times (x 71B)
Class io.opentelemetry.context.ContextExecutorService                                 : loaded 2 times (x 106B)
Class com.android.builder.core.ComponentTypeImpl                                      : loaded 2 times (x 106B)
Class com.android.build.api.dsl.DynamicFeatureBaseFlavor                              : loaded 2 times (x 72B)
Class org.bouncycastle.jcajce.provider.config.ConfigurableProvider                    : loaded 2 times (x 72B)
Class [Lcom.android.tools.idea.gradle.project.sync.SyncTestMode;                      : loaded 2 times (x 71B)
Class com.intellij.gradle.toolingExtension.impl.modelSerialization.ToolingSerializerConverter: loaded 2 times (x 75B)
Class com.android.repository.impl.generated.v2.package-info                           : loaded 2 times (x 72B)
Class com.android.sdklib.repository.generated.addon.v1.package-info                   : loaded 2 times (x 72B)
Class com.android.sdklib.repository.legacy.LegacyDownloader                           : loaded 2 times (x 86B)
Class com.android.build.gradle.internal.scope.InternalArtifactType$MODULE_AND_RUNTIME_DEPS_CLASSES: loaded 2 times (x 76B)
Class com.android.build.gradle.internal.dependency.ModelArtifactCompatibilityRule$Companion: loaded 2 times (x 73B)
Class com.android.builder.files.SerializableFileChanges                               : loaded 2 times (x 74B)
Class com.android.build.gradle.internal.dependency.AarToClassTransform$Params         : loaded 2 times (x 72B)
Class com.android.build.gradle.internal.DependencyConfigurator                        : loaded 2 times (x 74B)
Class com.android.build.gradle.internal.scope.InternalArtifactType$SDK_DEPENDENCY_DATA: loaded 2 times (x 76B)
Class com.android.build.gradle.internal.scope.InternalArtifactType$BUNDLE_DEPENDENCY_REPORT: loaded 2 times (x 76B)
Class com.android.build.gradle.internal.tasks.creationconfig.DexMergingCreationConfig : loaded 2 times (x 72B)
Class org.jetbrains.kotlin.compose.compiler.gradle.internal.ComposeWithAgpConfig$AgpVersionProvider$Default: loaded 2 times (x 76B)
Class org.jetbrains.kotlin.gradle.plugin.mpp.KotlinCompilationsKt                     : loaded 2 times (x 73B)
Class org.jetbrains.kotlin.gradle.plugin.sources.DefaultKotlinSourceSet_Decorated     : loaded 2 times (x 189B)
Class org.jetbrains.kotlin.gradle.plugin.mpp.compilationImpl.factory.DefaultProcessResourcesTaskNameFactory: loaded 2 times (x 76B)
Class org.jetbrains.kotlin.gradle.plugin.diagnostics.TransformActionUsingKotlinToolingDiagnostics: loaded 2 times (x 72B)
Class com.android.build.gradle.internal.component.features.NativeBuildCreationConfig  : loaded 2 times (x 72B)
Class com.android.build.api.variant.Packaging                                         : loaded 2 times (x 72B)
Class com.android.build.gradle.internal.core.dsl.impl.ConsumableComponentDslInfoImpl$shadersDslInfo$2: loaded 2 times (x 81B)
Class com.android.build.gradle.internal.dsl.BaseFlavor$targetSdk$3                    : loaded 2 times (x 81B)
Class com.android.build.api.dsl.BaselineProfile                                       : loaded 2 times (x 72B)
Class com.google.wireless.android.sdk.stats.GradleBuildSplitsOrBuilder                : loaded 2 times (x 72B)
Class com.android.build.gradle.internal.tasks.factory.BootClasspathConfigImpl$fullBootClasspathProvider$2: loaded 2 times (x 81B)
Class com.android.tools.lint.model.LintModelSeverity$Companion                        : loaded 2 times (x 73B)
Class com.android.build.gradle.internal.dsl.ApplicationExtensionImpl$dataBinding$1    : loaded 2 times (x 77B)
Class com.android.build.api.artifact.Artifact                                         : loaded 2 times (x 76B)
Class com.android.build.gradle.internal.api.LazyAndroidSourceSet$sourceSet$1          : loaded 2 times (x 81B)
Class com.android.build.gradle.internal.dsl.AaptOptions                               : loaded 2 times (x 117B)
Class com.android.build.gradle.internal.dsl.ExternalNativeCmakeOptions_Decorated      : loaded 2 times (x 153B)
Class com.android.build.api.dsl.TestCoverage                                          : loaded 2 times (x 72B)
Class com.android.build.api.dsl.MaxSdkSpec                                            : loaded 2 times (x 72B)
Class com.android.builder.core.AbstractBuildType                                      : loaded 2 times (x 155B)
Class org.jetbrains.kotlin.gradle.targets.native.KonanPropertiesBuildService$Companion: loaded 2 times (x 73B)
Class org.jetbrains.kotlin.gradle.plugin.PropertiesProvider$propertyWithDeprecatedValues$1: loaded 2 times (x 77B)
Class org.jetbrains.kotlin.gradle.utils.GradleUtilsKt$registerClassLoaderScopedBuildService$1: loaded 2 times (x 76B)
Class org.jetbrains.kotlin.gradle.internal.diagnostics.AgpCompatibilityCheck$AndroidGradlePluginVersionProvider$Default: loaded 2 times (x 76B)
Class com.android.build.gradle.internal.dsl.ComposeOptionsImpl                        : loaded 2 times (x 84B)
Class com.android.builder.profile.Recorder                                            : loaded 2 times (x 72B)
Class com.android.build.gradle.internal.manifest.ManifestDataProvider                 : loaded 2 times (x 72B)
Class com.google.wireless.android.sdk.stats.GradleBuildProfileSpanOrBuilder           : loaded 2 times (x 72B)
Class com.google.protobuf.Parser                                                      : loaded 2 times (x 72B)
Class com.android.build.gradle.internal.core.dsl.impl.TestedVariantDslInfoImpl        : loaded 2 times (x 153B)
Class com.android.build.gradle.internal.variant.VariantPathHelper$dirName$2           : loaded 2 times (x 81B)
Class com.android.build.api.variant.impl.DependenciesInfoBuilderImpl                  : loaded 2 times (x 92B)
Class com.google.common.util.concurrent.DirectExecutor                                : loaded 2 times (x 84B)
Class org.jetbrains.kotlin.compose.compiler.gradle.ComposeCompilerGradleSubplugin     : loaded 2 times (x 85B)
Class jdk.internal.jimage.ImageReader$SharedImageReader                               : loaded 2 times (x 97B)
Class org.gradle.accessors.dm.LibrariesForLibs$AndroidxComposeUiToolingLibraryAccessors: loaded 2 times (x 85B)
Class com.android.tools.idea.gradle.project.sync.StandaloneDeliverableModel           : loaded 2 times (x 77B)
Class com.android.tools.idea.gradle.project.sync.NativeVariantAbiResult               : loaded 2 times (x 73B)
Class com.android.tools.idea.gradle.model.IdeUnresolvedJavaLibrary                    : loaded 2 times (x 72B)
Class com.android.tools.idea.gradle.model.impl.IdeMultiVariantDataImpl                : loaded 2 times (x 79B)
Class com.android.tools.idea.gradle.project.sync.AndroidProjectResult$Companion$RuntimeClasspathBehaviour: loaded 2 times (x 73B)
Class com.android.build.api.component.impl.MutableMapBackedUpWithMapProperty          : loaded 2 times (x 126B)
Class com.android.build.api.artifact.impl.TaskBasedOperationImpl                      : loaded 2 times (x 86B)
Class org.jetbrains.kotlin.gradle.plugin.mpp.compilationImpl.DefaultKotlinCompilationFriendPathsResolver$CompositeFriendArtifactResolver: loaded 2 times (x 77B)
Class org.gradle.api.internal.classpath.ModuleRegistry                                : loaded 2 times (x 72B)
Class org.gradle.internal.installation.GradleInstallation$1                           : loaded 2 times (x 77B)
Class com.sun.xml.bind.v2.model.core.TypeInfoSet                                      : loaded 2 times (x 72B)
Class com.sun.xml.bind.api.BridgeContext                                              : loaded 2 times (x 78B)
Class com.android.sdklib.repository.generated.repository.v4.ObjectFactory             : loaded 2 times (x 81B)
Class com.android.sdklib.repository.generated.addon.v2.ObjectFactory                  : loaded 2 times (x 82B)
Class com.android.build.gradle.internal.SdkLoadingStrategy                            : loaded 2 times (x 74B)
Class com.android.build.gradle.internal.scope.InternalArtifactType$COMPILE_LIBRARY_CLASSES_JAR: loaded 2 times (x 76B)
Class com.android.build.gradle.internal.dependency.DexingRegistration$registerTransform$1: loaded 2 times (x 77B)
Class com.android.build.gradle.internal.dependency.CollectClassesTransform            : loaded 2 times (x 80B)
Class com.android.build.gradle.internal.HostTestTaskManager$createRunHostTestTask$1   : loaded 2 times (x 77B)
Class com.android.build.gradle.internal.scope.InternalArtifactType$APK_ZIP            : loaded 2 times (x 76B)
Class com.android.build.gradle.internal.tasks.ListingFileRedirectTask                 : loaded 2 times (x 337B)
Class org.jetbrains.kotlin.gradle.utils.ConfigurationCacheOpaqueValue                 : loaded 2 times (x 74B)
Class [Lcom.android.build.gradle.internal.publishing.ArtifactCategory;                : loaded 2 times (x 71B)
Class [Lcom.android.build.gradle.internal.publishing.AndroidArtifacts$ArtifactScope;  : loaded 2 times (x 71B)
Class com.android.build.gradle.internal.dsl.InstrumentationImpl                       : loaded 2 times (x 79B)
Class com.android.build.api.component.impl.DeviceTestImpl$optimizationCreationConfig$2: loaded 2 times (x 81B)
Class com.android.build.gradle.internal.core.MergedFlavor$Companion                   : loaded 2 times (x 73B)
Class com.android.build.gradle.internal.dsl.MinSdkSpecImpl$AgpDecorated_Decorated     : loaded 2 times (x 131B)
Class [Lcom.android.build.api.artifact.impl.InternalScopedArtifacts$InternalScope;    : loaded 2 times (x 71B)
Class com.android.build.gradle.internal.services.FakeDependencyJarBuildService$FakeDependencyJarCreator$Inject_: loaded 2 times (x 113B)
Class org.jetbrains.kotlin.gradle.plugin.sources.FragmentConsistencyChecks$optInAnnotationsCheck$1: loaded 2 times (x 81B)
Class com.android.build.gradle.internal.dsl.ComposeOptionsImpl_Decorated              : loaded 2 times (x 129B)
Class com.android.build.gradle.internal.tasks.factory.TaskFactoryUtils$dependsOn$7    : loaded 2 times (x 77B)
Class com.android.build.gradle.internal.dsl.decorator.DslDecorator$cache$1            : loaded 2 times (x 77B)
Class com.android.build.api.dsl.MinCompileSdkSpec                                     : loaded 2 times (x 72B)
Class com.android.build.api.dsl.AndroidResources                                      : loaded 2 times (x 72B)
Class com.google.wireless.android.sdk.stats.GradleBuildVariant$VariantType            : loaded 2 times (x 89B)
Class org.jetbrains.kotlin.gradle.dsl.KotlinAndroidProjectExtension_Decorated         : loaded 2 times (x 186B)
Class org.jetbrains.kotlin.gradle.plugin.mpp.KotlinUsages                             : loaded 2 times (x 73B)
Class org.jetbrains.kotlin.gradle.internal.properties.NativePropertiesLoader$Companion: loaded 2 times (x 73B)
Class [Lorg.jetbrains.kotlin.build.report.metrics.GradleBuildPerformanceMetric;       : loaded 2 times (x 71B)
Class org.jetbrains.kotlin.gradle.plugin.statistics.BuildFusService$Companion         : loaded 2 times (x 73B)
Class com.android.build.gradle.internal.scope.InternalArtifactType$ORIGINAL_MERGED_JAVA_RES: loaded 2 times (x 76B)
Class com.android.ProgressManagerAdapter                                              : loaded 2 times (x 75B)
Class com.google.protobuf.Descriptors$GenericDescriptor                               : loaded 2 times (x 77B)
Class kotlinx.coroutines.flow.StateFlow                                               : loaded 2 times (x 72B)
Class com.android.build.gradle.internal.tasks.DexArchiveBuilderTask$CreationAction$handleProvider$4: loaded 2 times (x 80B)
Class com.android.ide.common.blame.MessageJsonSerializer                              : loaded 2 times (x 78B)
Class com.android.build.gradle.internal.TaskManager$createPackagingTask$configureResourcesAndAssetsDependencies$1: loaded 2 times (x 77B)
Class com.android.build.gradle.internal.tasks.BundleIdeModelProducerTask$CreationAction: loaded 2 times (x 92B)
Class com.android.build.gradle.internal.plugins.FusedLibraryPlugin                    : loaded 2 times (x 83B)
Class com.android.build.gradle.internal.services.RunOnceBuildServiceImpl$Inject_      : loaded 2 times (x 104B)
Class jdk.internal.jimage.decompressor.ResourceDecompressorFactory                    : loaded 2 times (x 76B)
Class com.android.build.gradle.internal.tasks.GlobalSyntheticsMergeTask$CreationAction: loaded 2 times (x 92B)
Class com.android.build.gradle.internal.tasks.BundleReportDependenciesTask$CreationAction$handleProvider$1: loaded 2 times (x 133B)
Class com.android.build.gradle.internal.tasks.SdkDependencyDataGeneratorTask          : loaded 2 times (x 338B)
Class com.android.tools.idea.gradle.project.sync.AdditionalClassifierArtifactsModelCollectorKt: loaded 2 times (x 73B)
Class com.android.tools.idea.gradle.model.IdeProductFlavor                            : loaded 2 times (x 72B)
Class com.android.tools.idea.gradle.project.sync.AndroidExtraModelProviderKt          : loaded 2 times (x 73B)
Class org.jetbrains.kotlin.gradle.targets.native.internal.KotlinNativePlatformDependenciesKt: loaded 2 times (x 73B)
Class com.android.build.gradle.internal.SdkLocator$SdkLocationSource$INJECTED_SDK_HOME: loaded 2 times (x 82B)
Class org.gradle.tooling.internal.adapter.ProtocolToModelAdapter$MixInBeanMappingAction: loaded 2 times (x 83B)
Class javax.xml.bind.annotation.XmlNs                                                 : loaded 2 times (x 72B)
Class com.sun.xml.bind.v2.model.annotation.RuntimeAnnotationReader                    : loaded 2 times (x 72B)
Class javax.xml.bind.annotation.XmlRootElement                                        : loaded 2 times (x 72B)
Class com.sun.xml.bind.v2.model.core.Ref                                              : loaded 2 times (x 74B)
Class com.sun.xml.bind.v2.model.runtime.RuntimeElementInfo                            : loaded 2 times (x 72B)
Class com.sun.xml.bind.v2.model.impl.RuntimeModelBuilder                              : loaded 2 times (x 102B)
Class javax.xml.bind.ServiceLoaderUtil                                                : loaded 2 times (x 73B)
Class com.android.repository.impl.meta.Archive$CompleteType                           : loaded 2 times (x 81B)
Class com.android.repository.impl.meta.CommonFactory                                  : loaded 2 times (x 93B)
Class com.android.sdklib.repository.generated.common.v4.IdDisplayType                 : loaded 2 times (x 85B)
Class com.android.build.gradle.internal.SupportToolsComponents$Companion              : loaded 2 times (x 73B)
Class com.android.build.gradle.internal.SdkComponentsBuildService$VersionedSdkLoader$sdkDirectoryProvider$1: loaded 2 times (x 77B)
Class com.android.build.gradle.internal.VariantTaskManager$addBindingDependenciesIfNecessary$viewBindingEnabled$1: loaded 2 times (x 82B)
Class com.android.build.gradle.internal.dependency.LibrarySymbolTableTransform        : loaded 2 times (x 80B)
Class com.android.build.gradle.internal.attribution.CheckJetifierBuildService$Parameters_Decorated: loaded 2 times (x 132B)
Class com.android.build.gradle.internal.HostTestTaskManager$createRunHostTestTask$2   : loaded 2 times (x 77B)
Class com.android.build.api.variant.impl.FileBasedFileEntry                           : loaded 2 times (x 81B)
Class com.android.build.gradle.internal.test.AbstractTestDataImpl$animationsDisabled$1: loaded 2 times (x 80B)
Class com.android.build.gradle.internal.tasks.AppMetadataTaskKt                       : loaded 2 times (x 73B)
Class com.android.build.gradle.internal.tasks.DexMergingTask$CreationAction           : loaded 2 times (x 95B)
Class com.android.build.gradle.internal.scope.InternalArtifactType$DUPLICATE_CLASSES_CHECK: loaded 2 times (x 76B)
Class org.jetbrains.kotlin.gradle.targets.js.ir.KotlinJsIrTarget                      : loaded 2 times (x 256B)
Class org.jetbrains.kotlin.gradle.plugin.HasCompilerOptions                           : loaded 2 times (x 72B)
Class org.jetbrains.kotlin.gradle.plugin.mpp.compilationImpl.DefaultKotlinCompilationFriendPathsResolver$FriendArtifactResolver: loaded 2 times (x 72B)
Class com.android.build.gradle.internal.scope.InternalArtifactType$BUILT_IN_KOTLINC   : loaded 2 times (x 76B)
Class com.android.build.gradle.internal.scope.InternalArtifactType$MERGED_TEST_ONLY_NATIVE_LIBS: loaded 2 times (x 76B)
Class com.android.build.gradle.internal.scope.InternalArtifactType$MERGED_JNI_LIBS    : loaded 2 times (x 76B)
Class com.android.build.gradle.internal.tasks.CompressAssetsTask                      : loaded 2 times (x 342B)
Class com.android.build.api.artifact.ArtifactTransformationRequest                    : loaded 2 times (x 72B)
Class com.android.build.api.artifact.ScopedArtifact$CLASSES                           : loaded 2 times (x 76B)
Class [Lcom.android.build.api.instrumentation.FramesComputationMode;                  : loaded 2 times (x 71B)
Class com.android.build.gradle.internal.tasks.ProcessNavigationXmlTask$ApplicationCreationAction: loaded 2 times (x 93B)
Class com.android.build.api.component.impl.ComponentImpl                              : loaded 2 times (x 212B)
Class com.android.build.gradle.internal.dsl.ModulePropertyKey$BooleanWithDefault      : loaded 2 times (x 85B)
Class com.android.build.api.variant.impl.HostTestBuilderImpl                          : loaded 2 times (x 91B)
Class com.android.build.gradle.internal.core.dsl.impl.VariantDslInfoImpl$nativeBuildDslInfo$2: loaded 2 times (x 81B)
Class com.android.build.gradle.internal.core.MergedAnnotationProcessorOptions         : loaded 2 times (x 109B)
Class com.android.build.api.artifact.Artifact$Replaceable                             : loaded 2 times (x 72B)
Class com.android.build.gradle.internal.services.TaskCreationServices                 : loaded 2 times (x 72B)
Class com.android.builder.model.SourceProvider                                        : loaded 2 times (x 72B)
Class com.android.utils.HelpfulEnumConverter                                          : loaded 2 times (x 94B)
Class com.google.common.util.concurrent.AbstractFuture$UnsafeAtomicHelper             : loaded 2 times (x 80B)
Class com.android.build.api.dsl.ProductFlavor                                         : loaded 2 times (x 72B)
Class com.android.build.api.dsl.BaseFlavor                                            : loaded 2 times (x 72B)
Class org.jetbrains.kotlin.gradle.plugin.mpp.DefaultKotlinUsageContext                : loaded 2 times (x 95B)
Class org.jetbrains.kotlin.gradle.internal.properties.PropertiesBuildService$Companion: loaded 2 times (x 73B)
Class org.jetbrains.kotlin.gradle.dsl.KotlinJvmExtension                              : loaded 2 times (x 72B)
Class org.jetbrains.kotlin.gradle.plugin.KotlinMultiplatformPluginWrapper             : loaded 2 times (x 88B)
Class com.android.build.gradle.internal.services.AndroidLocationsBuildService$AndroidDirectoryCreator$Params: loaded 2 times (x 72B)
Class com.android.build.gradle.internal.services.Aapt2DaemonBuildService$RegistrationAction: loaded 2 times (x 76B)
Class com.android.build.gradle.internal.ide.dependencies.LibraryDependencyCacheBuildService$Parameters_Decorated: loaded 2 times (x 132B)
Class com.sun.xml.bind.v2.runtime.IllegalAnnotationsException$Builder                 : loaded 2 times (x 79B)
Class com.google.protobuf.AbstractMessageLite                                         : loaded 2 times (x 103B)
Class com.intellij.openapi.util.Pair                                                  : loaded 2 times (x 74B)
Class com.google.common.collect.ComparisonChain$1                                     : loaded 2 times (x 83B)
Class com.android.tools.idea.gradle.model.IdeAndroidProjectType                       : loaded 2 times (x 81B)
Class com.android.build.gradle.options.ReplacedOption                                 : loaded 2 times (x 87B)
Class [Lcom.android.build.gradle.options.OptionalBooleanOption;                       : loaded 2 times (x 71B)
Class com.android.build.api.variant.CanMinifyAndroidResourcesBuilder                  : loaded 2 times (x 72B)
Class com.android.build.gradle.internal.dsl.Lockable                                  : loaded 2 times (x 72B)
Class com.android.tools.idea.gradle.project.sync.ModelCacheV2ImplKt$modelCacheV2Impl$variantCoreFrom$15: loaded 2 times (x 131B)
Class com.android.tools.idea.gradle.project.sync.ModelResult$Context                  : loaded 2 times (x 72B)
Class com.android.tools.idea.gradle.project.sync.FetchedVariantResult                 : loaded 2 times (x 73B)
Class com.android.tools.idea.gradle.project.sync.DeliverableGradleModule$ModelConsumer: loaded 2 times (x 74B)
Class com.android.tools.idea.gradle.project.sync.LibraryIdentity$LibraryIdentityProvider$Companion: loaded 2 times (x 73B)
Class org.gradle.accessors.dm.LibrariesForLibs$AndroidxComposeLibraryAccessors        : loaded 2 times (x 82B)
Class com.google.protobuf.MessageLiteOrBuilder                                        : loaded 2 times (x 72B)
Class com.google.protobuf.Internal$FloatList                                          : loaded 2 times (x 72B)
Class com.google.protobuf.Internal$BooleanList                                        : loaded 2 times (x 72B)
Class com.google.protobuf.InvalidProtocolBufferException$InvalidWireTypeException     : loaded 2 times (x 89B)
Class com.android.build.gradle.internal.plugins.BasePlugin$sdkComponentsBuildService$2$1: loaded 2 times (x 81B)
Class com.google.common.collect.ImmutableMultimap$Values                              : loaded 2 times (x 128B)
Class com.sun.xml.bind.v2.model.nav.TypeVisitor                                       : loaded 2 times (x 78B)
Class com.android.repository.impl.meta.RepoPackageImpl                                : loaded 2 times (x 116B)
Class com.android.build.gradle.internal.utils.ConsoleProgressIndicatorFactory$IsTerminalSmartValueSource: loaded 2 times (x 80B)
Class org.jetbrains.kotlin.gradle.dsl.KotlinMultiplatformSourceSetConventions         : loaded 2 times (x 72B)
Class com.android.build.api.variant.FilterConfiguration                               : loaded 2 times (x 72B)
Class com.android.build.gradle.internal.coverage.JacocoVersionUtilsKt                 : loaded 2 times (x 73B)
Class com.android.build.gradle.internal.dependency.SubtractingArtifactCollection      : loaded 2 times (x 86B)
Class com.android.build.gradle.internal.tasks.CompileArtProfileTask$CreationAction    : loaded 2 times (x 92B)
Class org.jetbrains.kotlin.gradle.plugin.mpp.compilationImpl.KotlinCompilationConfigurationsContainer: loaded 2 times (x 72B)
Class org.jetbrains.kotlin.gradle.plugin.mpp.KotlinJvmAgpCompilationFactory           : loaded 2 times (x 83B)
Class com.android.build.gradle.internal.tasks.IncrementalTask                         : loaded 2 times (x 72B)
Class com.android.build.gradle.internal.utils.VariantPostCreationChecksKt             : loaded 2 times (x 73B)
Class com.android.build.gradle.internal.dsl.MinSdkDelegate$minSdk$1                   : loaded 2 times (x 81B)
Class com.android.build.gradle.internal.dsl.CompileSdkProperties                      : loaded 2 times (x 72B)
Class com.android.build.gradle.internal.dsl.decorator.DslDecorator$Companion$privateLookupInMethod$2: loaded 2 times (x 80B)
Class com.android.build.gradle.internal.dsl.TestOptions                               : loaded 2 times (x 120B)
Class com.android.build.gradle.internal.CompileOptions                                : loaded 2 times (x 96B)
Class com.android.build.gradle.internal.dsl.BundleOptionsDeviceTier                   : loaded 2 times (x 83B)
Class org.jetbrains.kotlin.gradle.plugin.sources.KotlinSourceSetFactory$Companion     : loaded 2 times (x 73B)
Class [Lcom.android.prefs.Global;                                                     : loaded 2 times (x 71B)
Class com.android.build.gradle.internal.services.ConfigPhaseFileCreator               : loaded 2 times (x 72B)
Class com.android.build.gradle.internal.services.Aapt2ThreadPoolBuildService$Params_Decorated: loaded 2 times (x 132B)
Class com.google.wireless.android.sdk.stats.GradleBuildProfile$1                      : loaded 2 times (x 153B)
Class org.jetbrains.kotlin.gradle.plugin.KotlinPluginInMultipleProjectsHolder         : loaded 2 times (x 74B)
Class org.jetbrains.kotlin.gradle.report.BuildReportType$Companion                    : loaded 2 times (x 73B)
Class org.jetbrains.kotlin.gradle.plugin.mpp.KotlinUsages$KotlinCinteropDisambiguation: loaded 2 times (x 78B)
Class com.android.build.api.variant.HasTestFixtures                                   : loaded 2 times (x 72B)
Class jdk.internal.jimage.ImageReader$Node                                            : loaded 2 times (x 86B)
Class com.android.build.api.dsl.DataBinding                                           : loaded 2 times (x 72B)
Class com.android.builder.model.ClassField                                            : loaded 2 times (x 72B)
Class com.google.common.base.CaseFormat$5                                             : loaded 2 times (x 85B)
Class com.android.build.gradle.internal.packaging.PackagingOptionsUtilsKt             : loaded 2 times (x 73B)
Class com.android.build.gradle.internal.tasks.factory.BootClasspathConfigImpl$mockableJarArtifact$2: loaded 2 times (x 81B)
Class com.android.tools.idea.gradle.model.impl.ThrowingIdeDependencies                : loaded 2 times (x 80B)
Class com.android.tools.idea.gradle.model.impl.IdeBuildTypeContainerImpl              : loaded 2 times (x 81B)
Class com.android.build.gradle.internal.VariantManager$Companion                      : loaded 2 times (x 73B)
Class com.android.build.gradle.internal.tasks.factory.TaskConfigurationActions        : loaded 2 times (x 77B)
Class com.google.common.collect.SortedLists$KeyPresentBehavior                        : loaded 2 times (x 82B)
Class com.android.build.gradle.internal.component.features.ManifestPlaceholdersCreationConfig: loaded 2 times (x 72B)
Class com.android.build.api.variant.impl.VariantImpl$minSdk$2                         : loaded 2 times (x 81B)
Class org.gradle.tooling.internal.consumer.converters.BasicGradleProjectIdentifierMixin: loaded 2 times (x 75B)
Class com.android.build.gradle.internal.dependency.VariantDependencies$Companion$getComponentFilter$4: loaded 2 times (x 76B)
Class org.gradle.tooling.internal.consumer.versioning.ModelMapping                    : loaded 2 times (x 75B)
Class org.gradle.api.internal.classpath.DefaultModuleRegistry                         : loaded 2 times (x 86B)
Class javax.xml.bind.Unmarshaller                                                     : loaded 2 times (x 72B)
Class com.android.build.gradle.internal.FileExistsValueSource                         : loaded 2 times (x 80B)
Class com.android.build.gradle.internal.SdkComponentsBuildService$VersionedSdkLoader$renderScriptSupportJarProvider$1: loaded 2 times (x 77B)
Class com.android.builder.sdk.InstallFailedException                                  : loaded 2 times (x 84B)
Class com.android.build.gradle.internal.cxx.gradle.generator.NativeProjectPath        : loaded 2 times (x 74B)
Class com.android.build.gradle.internal.cxx.logging.IssueReporterLoggingEnvironment   : loaded 2 times (x 85B)
Class com.android.build.gradle.internal.cxx.configure.CxxCreateGradleTasksKt          : loaded 2 times (x 73B)
Class com.android.build.gradle.internal.scope.InternalArtifactType$SDK_DEPENDENCY_DATA_PUBLIC: loaded 2 times (x 76B)
Class org.jetbrains.kotlin.gradle.plugin.mpp.compilationImpl.factory.CompositePostConfigure: loaded 2 times (x 77B)
Class com.android.build.gradle.internal.scope.InternalArtifactType$COMPRESSED_ASSETS  : loaded 2 times (x 76B)
Class com.android.build.gradle.internal.scope.InternalArtifactType$GENERATED_PNGS_RES : loaded 2 times (x 76B)
Class com.android.build.api.artifact.SingleArtifact$APK                               : loaded 2 times (x 76B)
Class com.android.build.api.artifact.SingleArtifact                                   : loaded 2 times (x 76B)
Class com.android.build.gradle.internal.dependency.VariantDependencies$Companion$computeLocalFileDependencies$2: loaded 2 times (x 77B)
Class com.android.build.gradle.internal.dependency.VariantDependencies$computeArtifactCollection$attributesAction$1: loaded 2 times (x 77B)
Class com.android.build.gradle.internal.TaskManager$createAssembleTask$1              : loaded 2 times (x 77B)
Class android.databinding.tool.DataBindingBuilder$GradleFileWriter                    : loaded 2 times (x 77B)
Class com.android.build.api.component.impl.DeviceTestImpl$packaging$2                 : loaded 2 times (x 81B)
Class com.android.build.api.component.impl.TestComponentImpl                          : loaded 2 times (x 361B)
Class com.android.build.gradle.internal.core.MergedExternalNativeNdkBuildOptions      : loaded 2 times (x 88B)
Class com.android.build.gradle.internal.core.MergedNdkConfig                          : loaded 2 times (x 97B)
Class com.android.build.gradle.internal.variant.VariantPathHelper$aarLocation$2       : loaded 2 times (x 81B)
Class com.android.build.gradle.internal.publishing.PublishedConfigSpec                : loaded 2 times (x 74B)
Class com.android.build.gradle.internal.ProguardFilesProvider                         : loaded 2 times (x 72B)
Class com.android.build.gradle.internal.dsl.ApplicationBuildFeaturesImpl              : loaded 2 times (x 122B)
Class [Lcom.android.build.api.artifact.Artifact$Category;                             : loaded 2 times (x 71B)
Class com.android.build.gradle.internal.dsl.KeepRulesImpl$AgpDecorated                : loaded 2 times (x 99B)
Class com.android.build.gradle.tasks.ProcessManifestForBundleTask$CreationAction$handleProvider$1: loaded 2 times (x 133B)
Class org.jetbrains.kotlin.gradle.plugin.KotlinBaseApiPlugin$registerKotlinJvmCompileTask$3: loaded 2 times (x 77B)
Class com.android.build.api.dsl.ApplicationPublishing                                 : loaded 2 times (x 72B)
Class org.jetbrains.kotlin.build.report.metrics.GradleBuildTime$Companion             : loaded 2 times (x 73B)
Class org.jetbrains.kotlin.gradle.plugin.AndroidGradlePluginVersion$Companion         : loaded 2 times (x 73B)
Class com.android.build.gradle.internal.tasks.MergeJavaResourceTask$CreationAction    : loaded 2 times (x 92B)
Class com.android.build.gradle.internal.tasks.DexArchiveBuilderTask$CreationAction$handleProvider$3: loaded 2 times (x 80B)
Class com.android.build.gradle.internal.tasks.AppMetadataTask$CreationAction          : loaded 2 times (x 92B)
Class com.android.build.gradle.internal.dependency.SubtractingArtifactCollection$SubtractingArtifactResult: loaded 2 times (x 74B)
Class com.android.build.api.variant.impl.LayeredSourceDirectoriesImpl$static$1        : loaded 2 times (x 76B)
Class com.android.build.gradle.internal.dependency.AarToClassTransform$Params_Decorated: loaded 2 times (x 135B)
Class com.android.builder.errors.IssueReporter                                        : loaded 2 times (x 75B)
Class jdk.internal.jimage.BasicImageReader$1                                          : loaded 2 times (x 79B)
Class org.gradle.accessors.dm.LibrariesForLibsInPluginsBlock$AndroidxEspressoLibraryAccessors: loaded 2 times (x 79B)
Class org.gradle.accessors.dm.LibrariesForLibs$AndroidxComposeUiLibraryAccessors      : loaded 2 times (x 87B)
Class org.jetbrains.plugins.gradle.tooling.util.GradleVersionComparator               : loaded 2 times (x 77B)
Class com.android.build.gradle.internal.tasks.factory.BootClasspathConfigImpl$filteredBootClasspath$2$5: loaded 2 times (x 133B)
Class com.android.build.gradle.internal.scope.InternalArtifactType$VARIANT_TEST_RESULTS: loaded 2 times (x 76B)
Class com.android.tools.idea.gradle.project.sync.NativeVariantAbiResult$V2            : loaded 2 times (x 74B)
Class com.android.tools.idea.gradle.model.IdeExtraSourceProvider                      : loaded 2 times (x 72B)
Class com.android.tools.idea.gradle.project.sync.AndroidProjectResult                 : loaded 2 times (x 78B)
Class com.android.tools.idea.gradle.project.sync.BuildId                              : loaded 2 times (x 74B)
Class com.android.build.gradle.internal.SdkComponentsBuildService$VersionedSdkLoader$coreLambdaStubsProvider$1: loaded 2 times (x 77B)
Class com.android.sdklib.repository.meta.DetailsTypes$AddonDetailsType$Libraries      : loaded 2 times (x 74B)
Class com.android.repository.impl.generated.v2.ObjectFactory                          : loaded 2 times (x 110B)
Class com.android.repository.impl.generated.v2.RevisionType                           : loaded 2 times (x 84B)
Class ijInit1_c2whnf1i7p2pzmmpujztd6sh                                                : loaded 2 times (x 173B)
Class com.sun.xml.bind.v2.model.annotation.XmlRootElementQuick                        : loaded 2 times (x 94B)
Class com.sun.xml.bind.v2.runtime.NameBuilder                                         : loaded 2 times (x 74B)
Class com.android.repository.impl.generated.v2.ArchiveType                            : loaded 2 times (x 99B)
Class com.android.sdklib.repository.generated.sysimg.v2.package-info                  : loaded 2 times (x 72B)
Class com.android.builder.errors.IssueReporter$Severity                               : loaded 2 times (x 81B)
Class com.android.build.gradle.internal.api.ApplicationVariantImpl_Decorated          : loaded 2 times (x 310B)
Class com.android.build.gradle.internal.dependency.AarTransform                       : loaded 2 times (x 80B)
Class com.android.build.gradle.internal.PropertiesValueSource$Params_Decorated        : loaded 2 times (x 132B)
Class com.android.build.gradle.internal.VariantTaskManager$createReportTasks$signingReportComponents$1: loaded 2 times (x 82B)
Class com.android.build.gradle.internal.tasks.ExtractVersionControlInfoTask           : loaded 2 times (x 339B)
Class com.android.build.gradle.internal.tasks.OptimizeResourcesTask$CreateAction$handleProvider$1: loaded 2 times (x 133B)
Class com.android.build.gradle.internal.tasks.MergeNativeDebugMetadataTask$CreationAction: loaded 2 times (x 92B)
Class com.android.build.gradle.internal.tasks.ValidateSigningTask$CreationAction$handleProvider$1: loaded 2 times (x 133B)
Class [Lorg.jetbrains.kotlin.tooling.core.HasMutableExtras;                           : loaded 2 times (x 71B)
Class com.android.build.gradle.internal.tasks.ProcessJavaResTask$CreationAction       : loaded 2 times (x 92B)
Class com.android.build.gradle.tasks.CompatibleScreensManifest                        : loaded 2 times (x 340B)
Class com.android.build.api.component.impl.features.InstrumentationCreationConfigImpl : loaded 2 times (x 85B)
Class com.android.build.gradle.internal.TaskManager$createAssembleTask$2              : loaded 2 times (x 77B)
Class com.android.build.api.component.impl.HostTestImpl$manifestPlaceholdersCreationConfig$2: loaded 2 times (x 81B)
Class com.android.build.api.component.UnitTest                                        : loaded 2 times (x 72B)
Class com.android.build.api.variant.impl.DependenciesInfoBuilderImpl_Decorated        : loaded 2 times (x 139B)
Class com.android.build.gradle.internal.VariantManager$createVariant$mappingScopePolicy$2: loaded 2 times (x 80B)
Class com.android.build.api.attributes.ProductFlavorAttr                              : loaded 2 times (x 72B)
Class com.android.build.gradle.internal.core.MergedFlavor                             : loaded 2 times (x 204B)
Class com.android.build.gradle.internal.dsl.CompileSdkDelegate$compileSdk$2$1         : loaded 2 times (x 81B)
Class com.android.build.gradle.internal.services.FakeDependencyJarBuildService$FakeDependencyJarCreator$Params$Inject_: loaded 2 times (x 110B)
Class com.android.build.gradle.internal.dsl.SdkComponentsImpl$sdkDirectory$1          : loaded 2 times (x 77B)
Class com.android.build.gradle.api.AndroidArtifactVariant                             : loaded 2 times (x 72B)
Class com.android.build.gradle.internal.dsl.TestFixturesImpl                          : loaded 2 times (x 83B)
Class com.android.build.api.dsl.Installation                                          : loaded 2 times (x 72B)
Class org.jetbrains.kotlin.idea.gradleTooling.IdeaKotlinDependenciesContainer         : loaded 2 times (x 72B)
Class org.jetbrains.plugins.gradle.model.ProjectImportModelProvider$GradleModelConsumer$1: loaded 2 times (x 79B)
Class org.jetbrains.kotlin.gradle.plugin.internal.DefaultCompatibilityConventionRegistrar: loaded 2 times (x 76B)
Class org.jetbrains.kotlin.gradle.plugin.PropertiesProvider                           : loaded 2 times (x 75B)
Class org.jetbrains.kotlin.gradle.plugin.DefaultKotlinBasePlugin$addKotlinCompilerConfiguration$1: loaded 2 times (x 77B)
Class org.jetbrains.kotlin.gradle.plugin.mpp.KotlinAndroidTarget                      : loaded 2 times (x 161B)
Class com.android.tools.idea.gradle.project.sync.AndroidExtraModelProviderKt$flattenDag$2: loaded 2 times (x 97B)
Class com.android.tools.idea.gradle.model.IdeVariantBuildInformation                  : loaded 2 times (x 72B)
Class com.android.build.gradle.internal.services.Aapt2DaemonBuildService$Parameters   : loaded 2 times (x 74B)
Class com.android.build.gradle.internal.services.RunOnceBuildServiceImpl              : loaded 2 times (x 84B)
Class com.android.build.gradle.internal.profile.AnalyticsConfiguratorService          : loaded 2 times (x 84B)
Class com.google.protobuf.ExtensionRegistry                                           : loaded 2 times (x 89B)
Class com.android.build.api.dsl.Shaders                                               : loaded 2 times (x 72B)
Class com.google.common.base.CaseFormat$4                                             : loaded 2 times (x 85B)
Class com.android.build.gradle.internal.plugins.AndroidPluginBaseServices$androidProblemReporterProviderService$2$1: loaded 2 times (x 81B)
Class com.android.build.gradle.BaseExtension                                          : loaded 2 times (x 197B)
Class com.android.build.gradle.internal.plugins.VersionCheckPlugin$Companion          : loaded 2 times (x 73B)
Class org.gradle.accessors.dm.LibrariesForLibs$AndroidxComposeMaterialIconsLibraryAccessors: loaded 2 times (x 79B)
Class com.android.tools.idea.gradle.project.sync.SelectedVariant                      : loaded 2 times (x 74B)
Class com.android.build.gradle.internal.VariantDimensionData                          : loaded 2 times (x 74B)
Class com.android.tools.idea.gradle.project.sync.GradleProject                        : loaded 2 times (x 77B)
Class com.intellij.openapi.util.io.FileTooBigException                                : loaded 2 times (x 84B)
Class com.android.tools.idea.gradle.model.IdeUnresolvedAndroidLibrary                 : loaded 2 times (x 72B)
Class com.android.tools.idea.gradle.project.sync.ModelResult                          : loaded 2 times (x 74B)
Class com.android.build.api.dsl.TestFixtures                                          : loaded 2 times (x 72B)
Class com.android.build.api.extension.impl.VariantSelectorImpl                        : loaded 2 times (x 94B)
Class com.google.common.collect.SortedLists$KeyAbsentBehavior                         : loaded 2 times (x 82B)
Class com.android.tools.idea.gradle.project.sync.ModelFetchersKt                      : loaded 2 times (x 73B)
Class com.android.build.gradle.internal.TaskManager$Companion$createTasksBeforeEvaluate$9: loaded 2 times (x 76B)
Class org.gradle.tooling.internal.consumer.converters.BackwardsCompatibleIdeaModuleDependency: loaded 2 times (x 72B)
Class ijInit1_c2whnf1i7p2pzmmpujztd6sh$_run_closure1                                  : loaded 2 times (x 141B)
Class [Lcom.sun.xml.bind.v2.model.annotation.Quick;                                   : loaded 2 times (x 71B)
Class com.android.sdklib.repository.generated.sysimg.v1.ObjectFactory                 : loaded 2 times (x 77B)
Class com.android.sdklib.repository.generated.repository.v1.package-info              : loaded 2 times (x 72B)
Class com.android.sdklib.repository.meta.DetailsTypes$PlatformDetailsType             : loaded 2 times (x 72B)
Class com.android.build.gradle.internal.FileExistsValueSource$Inject_                 : loaded 2 times (x 111B)
Class com.android.build.gradle.internal.DependencyConfigurator$registerTransform$1    : loaded 2 times (x 77B)
Class com.android.build.gradle.internal.VariantTaskManager$createReportTasks$signingReportComponents$2: loaded 2 times (x 80B)
Class com.android.build.gradle.internal.variant.BuildAuthorSpecifiedDefaultsFlavorComparator: loaded 2 times (x 92B)
Class com.android.build.gradle.internal.testing.TestData                              : loaded 2 times (x 72B)
Class com.android.build.gradle.internal.scope.InternalArtifactType$OPTIMIZED_PROCESSED_RES: loaded 2 times (x 76B)
Class com.android.build.gradle.internal.tasks.AnchorTaskNames                         : loaded 2 times (x 73B)
Class com.android.build.gradle.internal.tasks.BundleToStandaloneApkTask$CreationAction: loaded 2 times (x 92B)
Class com.android.build.gradle.tasks.PackageAndroidArtifact$Companion$THROW_ON_ERROR_ISSUE_REPORTER$1: loaded 2 times (x 75B)
Class com.android.build.gradle.internal.tasks.StripDebugSymbolsTask$CreationAction$handleProvider$1: loaded 2 times (x 133B)
Class com.android.build.gradle.internal.scope.InternalMultipleArtifactType$DEX        : loaded 2 times (x 76B)
Class org.jetbrains.kotlin.gradle.plugin.mpp.compilationImpl.factory.KotlinCompilationImplFactory$KotlinCompilationOutputFactory: loaded 2 times (x 72B)
Class org.jetbrains.kotlin.gradle.plugin.mpp.compilationImpl.DefaultKotlinCompilationFriendPathsResolver$AdditionalAndroidFriendArtifactResolver: loaded 2 times (x 76B)
Class org.jetbrains.kotlin.gradle.internal.IsInIdeaEnvironmentValueSource             : loaded 2 times (x 82B)
Class com.android.build.gradle.internal.tasks.MergeNativeLibsTask                     : loaded 2 times (x 350B)
Class com.android.build.gradle.internal.res.LinkAndroidResForBundleTask$CreationAction: loaded 2 times (x 95B)
Class com.android.build.gradle.internal.tasks.CheckAarMetadataTask                    : loaded 2 times (x 347B)
Class com.android.build.gradle.internal.TaskManager$MergeType                         : loaded 2 times (x 82B)
Class com.android.build.api.artifact.Artifact$ContainsMany                            : loaded 2 times (x 72B)
Class com.android.build.gradle.internal.tasks.ExtractProfilerNativeDependenciesTask$CreationAction: loaded 2 times (x 92B)
Class com.android.build.api.component.impl.ComponentImpl$compileClasspath$2           : loaded 2 times (x 81B)
Class com.android.build.api.variant.AndroidTest                                       : loaded 2 times (x 72B)
Class com.android.build.gradle.internal.scope.TaskContainer                           : loaded 2 times (x 72B)
Class [Lcom.android.build.gradle.internal.core.dsl.ComponentDslInfo$DslDefinedHostTest;: loaded 2 times (x 71B)
Class com.google.common.base.CaseFormat$StringConverter                               : loaded 2 times (x 92B)
Class com.android.build.gradle.internal.core.dsl.impl.ApplicationVariantDslInfoImpl$localeFilters$2: loaded 2 times (x 81B)
Class com.android.build.gradle.internal.dsl.AbstractPublishing                        : loaded 2 times (x 75B)
Class org.jetbrains.kotlin.gradle.plugin.mpp.KotlinAndroidTargetKt                    : loaded 2 times (x 73B)
Class org.jetbrains.kotlin.gradle.plugin.ProjectLocalConfigurations$setupAttributesMatchingStrategy$1$1: loaded 2 times (x 76B)
Class org.jetbrains.kotlin.gradle.targets.native.toolchain.KotlinNativeBundleBuildService$Companion$registerIfAbsent$2$1$1: loaded 2 times (x 77B)
Class org.jetbrains.kotlin.gradle.plugin.diagnostics.ProblemsReporter$Factory         : loaded 2 times (x 72B)
Class org.jetbrains.kotlin.gradle.plugin.KotlinCompilationToRunnableFiles             : loaded 2 times (x 72B)
Class com.android.build.gradle.internal.core.dsl.features.DexingDslInfo               : loaded 2 times (x 72B)
Class com.google.wireless.android.sdk.stats.GradleBuildProfileOrBuilder               : loaded 2 times (x 72B)
Class com.android.build.gradle.internal.profile.NoOpAnalyticsService                  : loaded 2 times (x 112B)
Class com.android.build.gradle.internal.profile.AnalyticsServiceApi                   : loaded 2 times (x 72B)
Class com.android.build.gradle.internal.component.features.ShadersCreationConfig      : loaded 2 times (x 72B)
Class com.android.build.gradle.tasks.ExtractDeepLinksTask$CreationAction              : loaded 2 times (x 95B)
Class com.android.build.gradle.internal.tasks.AndroidVariantTask                      : loaded 2 times (x 334B)
Class com.android.build.api.variant.HasAndroidTest                                    : loaded 2 times (x 72B)
Class org.gradle.accessors.dm.LibrariesForLibsInPluginsBlock$AndroidxComposeLibraryAccessors: loaded 2 times (x 82B)
Class com.android.build.gradle.internal.dependency.VariantDependencies$Companion$getComponentFilter$3: loaded 2 times (x 76B)
Class org.jetbrains.kotlin.gradle.plugin.mpp.compilationImpl.factory.KotlinCompilationImplFactory$KotlinCompilerOptionsFactory: loaded 2 times (x 72B)
Class org.jetbrains.kotlin.gradle.plugin.LanguageSettingsBuilder                      : loaded 2 times (x 72B)
Class org.jetbrains.kotlin.gradle.plugin.mpp.compilationImpl.KotlinCompilationTaskNamesContainer: loaded 2 times (x 74B)
Class com.android.ide.common.gradle.Module                                            : loaded 2 times (x 74B)
Class org.jetbrains.kotlin.compose.compiler.gradle.internal.ComposeWithAgpConfig$AgpVersionProvider: loaded 2 times (x 72B)
Class com.android.tools.idea.gradle.project.sync.AndroidSyncException                 : loaded 2 times (x 84B)
Class com.android.tools.r8.internal.hk4                                               : loaded 2 times (x 75B)
Class com.android.build.gradle.internal.tasks.DexArchiveBuilderTask$CreationAction$handleProvider$2: loaded 2 times (x 80B)
Class com.android.build.api.variant.impl.SigningConfigImpl$enableV2Signing$1          : loaded 2 times (x 77B)
Class com.android.build.gradle.tasks.PackageApplication$Companion                     : loaded 2 times (x 73B)
Class com.android.build.gradle.internal.tasks.MergeArtProfileTask                     : loaded 2 times (x 341B)
Class com.android.ide.common.workers.ExecutorServiceAdapter                           : loaded 2 times (x 89B)
Class com.google.common.collect.ImmutableMultiset                                     : loaded 2 times (x 165B)
Class com.android.build.gradle.internal.SdkLocator$SdkLocationSource$LOCAL_ANDROID_DIR: loaded 2 times (x 82B)
Class com.android.repository.api.Downloader                                           : loaded 2 times (x 72B)
Class com.android.build.gradle.internal.dependency.ExtractProGuardRulesTransform$Parameters: loaded 2 times (x 72B)
Class com.android.build.gradle.internal.scope.InternalArtifactType$UNIT_TEST_CODE_COVERAGE: loaded 2 times (x 76B)
Class com.android.build.api.variant.impl.FileEntry                                    : loaded 2 times (x 72B)
Class com.android.build.gradle.internal.tasks.PerModuleReportDependenciesTask         : loaded 2 times (x 340B)
Class com.android.build.gradle.internal.scope.InternalArtifactType$DEX_ARCHIVE_INPUT_JAR_HASHES: loaded 2 times (x 76B)
Class com.android.build.gradle.internal.tasks.R8VersionCheckKt                        : loaded 2 times (x 73B)
Class org.jetbrains.kotlin.tooling.core.ExtrasPropertyKt                              : loaded 2 times (x 73B)
Class org.jetbrains.kotlin.gradle.plugin.mpp.compilationImpl.KotlinCompilationSourceSetInclusion$include$1: loaded 2 times (x 81B)
Class org.jetbrains.kotlin.gradle.dsl.KotlinProjectExtensionKt                        : loaded 2 times (x 73B)
Class org.jetbrains.kotlin.gradle.plugin.mpp.compilationImpl.factory.KotlinCompilationImplFactory$KotlinCompilationDependencyConfigurationsFactory: loaded 2 times (x 72B)
Class org.jetbrains.kotlin.gradle.tasks.BaseKotlinCompile                             : loaded 2 times (x 72B)
Class org.jetbrains.kotlin.gradle.plugin.internal.UsesBuildIdProviderService          : loaded 2 times (x 72B)
Class org.jetbrains.kotlin.compilerRunner.CompilerSystemPropertiesService$Companion$registerIfAbsent$2$1$1: loaded 2 times (x 77B)
Class com.android.build.gradle.internal.feature.BundleAllClasses                      : loaded 2 times (x 338B)
Class com.android.build.api.variant.impl.JniLibsPackagingImpl                         : loaded 2 times (x 82B)
Class com.android.build.gradle.internal.tasks.MergeNativeLibsTask$CreationAction$handleProvider$1: loaded 2 times (x 133B)
Class com.android.build.gradle.tasks.CompileNavigationXmlTask$CreationAction$handleProvider$1: loaded 2 times (x 133B)
Class com.android.build.gradle.tasks.ProcessMultiApkApplicationManifest$CreationAction$handleProvider$1: loaded 2 times (x 133B)
Class com.android.build.api.variant.impl.ApplicationVariantBuilderImpl                : loaded 2 times (x 209B)
Class com.android.build.gradle.internal.core.dsl.impl.ConsumableComponentDslInfoImpl$optimizationDslInfo$2: loaded 2 times (x 81B)
Class com.android.build.gradle.internal.publishing.VariantPublishingInfo              : loaded 2 times (x 74B)
Class com.android.build.gradle.internal.dsl.BundleOptionsDeviceGroup$AgpDecorated_Decorated: loaded 2 times (x 132B)
Class com.android.build.gradle.internal.dsl.TestOptions$UnitTestOptions_Decorated     : loaded 2 times (x 132B)
Class com.android.build.gradle.internal.api.artifact.SourceArtifactType$KOTLIN_SOURCES: loaded 2 times (x 76B)
Class com.android.build.api.dsl.LibraryPublishing                                     : loaded 2 times (x 72B)
Class com.android.build.api.dsl.ApplicationBuildType                                  : loaded 2 times (x 72B)
Class org.jetbrains.kotlin.gradle.internal.ClassLoadersCachingBuildService$Companion$registerIfAbsent$1: loaded 2 times (x 77B)
Class org.jetbrains.kotlin.gradle.plugin.UsesKotlinGradleBuildServices                : loaded 2 times (x 72B)
Class org.jetbrains.kotlin.gradle.plugin.KotlinGradleBuildServices$Parameters_Decorated: loaded 2 times (x 132B)
Class org.jetbrains.kotlin.gradle.plugin.DefaultKotlinBasePlugin$addKotlinCompilerConfiguration$3: loaded 2 times (x 77B)
Class org.jetbrains.kotlin.gradle.internal.IdeaKt                                     : loaded 2 times (x 73B)
Class com.android.build.gradle.internal.SdkComponentsBuildService$Parameters_Decorated: loaded 2 times (x 153B)
Class com.google.protobuf.IterableByteBufferInputStream                               : loaded 2 times (x 94B)
Class com.android.build.gradle.internal.attribution.CheckJetifierBuildService$RegistrationAction: loaded 2 times (x 76B)
Class com.android.build.gradle.internal.dependency.IdentityTransform$Parameters       : loaded 2 times (x 72B)
Class com.google.common.collect.Maps$EntryTransformer                                 : loaded 2 times (x 72B)
Class com.android.build.gradle.internal.component.TaskCreationConfig                  : loaded 2 times (x 72B)
Class com.android.build.gradle.internal.services.DslServicesImpl                      : loaded 2 times (x 101B)
Class jdk.internal.jimage.decompressor.Decompressor                                   : loaded 2 times (x 74B)
Class jdk.internal.jimage.ImageReader$Resource                                        : loaded 2 times (x 86B)
Class org.gradle.accessors.dm.LibrariesForLibs$AndroidxCoreLibraryAccessors           : loaded 2 times (x 79B)
Class com.android.tools.idea.gradle.project.sync.VariantDetailsKt                     : loaded 2 times (x 73B)
Class com.android.build.gradle.internal.dependency.ExtractNavigationXmlTransform      : loaded 2 times (x 80B)
Class com.android.build.gradle.internal.tasks.factory.BootClasspathConfigImpl$filteredBootClasspath$2$4: loaded 2 times (x 133B)
Class com.android.build.gradle.api.ApkVariantOutput                                   : loaded 2 times (x 72B)
Class com.android.tools.idea.gradle.project.sync.ModelCacheV2ImplKt$modelCacheV2Impl$1: loaded 2 times (x 82B)
Class [Lcom.android.tools.idea.gradle.project.upgrade.AndroidGradlePluginCompatibility;: loaded 2 times (x 71B)
Class com.android.sdklib.repository.generated.addon.v4.LibrariesType                  : loaded 2 times (x 77B)
Class com.android.sdklib.repository.generated.common.v1.IdDisplayType                 : loaded 2 times (x 85B)
Class com.android.tools.idea.gradle.model.impl.IdeCompositeBuildMapImpl               : loaded 2 times (x 78B)
Class com.sun.xml.bind.v2.model.impl.RuntimeArrayInfoImpl                             : loaded 2 times (x 109B)
Class com.android.tools.idea.gradle.model.IdeVariantHeader                            : loaded 2 times (x 72B)
Class com.android.build.gradle.internal.variant.LegacyVariantInputManager             : loaded 2 times (x 99B)
Class org.gradle.tooling.internal.adapter.ProtocolToModelAdapter$MixInTypeMappingAction: loaded 2 times (x 83B)
Class com.android.build.api.dsl.Lint                                                  : loaded 2 times (x 72B)
Class com.google.common.annotations.VisibleForTesting                                 : loaded 2 times (x 72B)
Class [Lcom.android.build.gradle.options.Option;                                      : loaded 2 times (x 71B)
Class org.gradle.internal.service.ServiceLookupException                              : loaded 2 times (x 84B)
Class com.sun.xml.bind.v2.model.annotation.Quick                                      : loaded 2 times (x 90B)
Class com.sun.xml.bind.v2.runtime.ArrayBeanInfoImpl                                   : loaded 2 times (x 91B)
Class com.android.repository.impl.generated.v1.LicenseRefType                         : loaded 2 times (x 79B)
Class com.android.build.gradle.internal.scope.BuildArtifactType$JAVAC_CLASSES         : loaded 2 times (x 76B)
Class com.android.build.gradle.internal.scope.InternalArtifactType$LINT_MODEL_METADATA: loaded 2 times (x 76B)
Class com.android.build.gradle.internal.scope.InternalArtifactType$LIBRARY_JNI        : loaded 2 times (x 76B)
Class com.android.build.gradle.internal.DependencyConfigurator$configureVariantTransforms$3$2$1: loaded 2 times (x 77B)
Class com.android.build.gradle.internal.SdkComponentsBuildService$sdkSourceSet$2      : loaded 2 times (x 81B)
Class com.android.build.gradle.internal.test.AbstractTestDataImpl$flavorName$1        : loaded 2 times (x 81B)
Class com.android.build.gradle.internal.scope.InternalArtifactType$VALIDATE_SIGNING_CONFIG: loaded 2 times (x 76B)
Class com.android.ide.common.blame.MessageReceiver                                    : loaded 2 times (x 72B)
Class org.jetbrains.kotlin.gradle.internal.IsInIdeaEnvironmentValueSource$Inject_     : loaded 2 times (x 102B)
Class com.android.build.gradle.internal.tasks.MergeNativeLibsTask$CreationAction$handleProvider$2: loaded 2 times (x 133B)
Class com.android.build.api.artifact.impl.OperationRequestsImplKt$toCreate$1          : loaded 2 times (x 77B)
Class com.android.build.gradle.internal.scope.InternalArtifactType$MERGED_RES_INCREMENTAL_FOLDER: loaded 2 times (x 76B)
Class com.android.build.gradle.internal.tasks.ApplicationIdWriterTask$CreationAction$handleProvider$1: loaded 2 times (x 133B)
Class com.android.build.gradle.internal.services.BuiltInKotlinSupportMode$Supported   : loaded 2 times (x 73B)
Class com.android.build.api.variant.impl.VariantImpl$nativeBuildCreationConfig$2      : loaded 2 times (x 81B)
Class com.android.build.gradle.internal.errors.DeprecationReporterImpl$Companion      : loaded 2 times (x 73B)
Class com.android.build.gradle.internal.dsl.DexOptions_Decorated                      : loaded 2 times (x 157B)
Class com.android.build.api.dsl.LintOptions                                           : loaded 2 times (x 72B)
Class com.android.build.api.dsl.BuildFeatures                                         : loaded 2 times (x 72B)
Class com.android.build.gradle.api.BaseVariantOutput                                  : loaded 2 times (x 72B)
Class com.android.build.api.dsl.AndroidSourceDirectorySet                             : loaded 2 times (x 72B)
Class [Lcom.android.resources.ResourceEnum;                                           : loaded 2 times (x 71B)
Class com.android.builder.model.ApiVersion                                            : loaded 2 times (x 72B)
Class org.jetbrains.kotlin.gradle.plugin.mpp.KotlinUsageContext$MavenScope            : loaded 2 times (x 81B)
Class com.android.build.gradle.internal.plugins.BasePlugin$dslServices$2$1            : loaded 2 times (x 81B)
Class com.android.build.gradle.internal.lint.LintFromMaven$Companion$from$configuration$1: loaded 2 times (x 76B)
Class com.google.protobuf.FieldSet$FieldDescriptorLite                                : loaded 2 times (x 72B)
Class com.google.protobuf.ExtensionLite                                               : loaded 2 times (x 79B)
Class com.android.tools.analytics.AnalyticsSettingsData                               : loaded 2 times (x 74B)
Class com.google.wireless.android.sdk.stats.GradleBuildProjectOrBuilder               : loaded 2 times (x 72B)
Class com.android.build.gradle.internal.profile.AnalyticsResourceManager              : loaded 2 times (x 74B)
Class com.android.build.api.variant.HasTestSuites                                     : loaded 2 times (x 72B)
Class com.android.build.api.variant.HasTestFixturesBuilder                            : loaded 2 times (x 72B)
Class com.android.build.gradle.internal.core.SettingsOptions                          : loaded 2 times (x 74B)
Class org.jetbrains.kotlin.compose.compiler.gradle.ComposeCompilerGradleSubplugin$Companion: loaded 2 times (x 73B)
Class jdk.internal.jrtfs.JrtFileAttributes                                            : loaded 2 times (x 85B)
Class com.android.build.gradle.internal.AvdComponentsBuildService$Parameters          : loaded 2 times (x 72B)
Class com.android.builder.model.v2.models.TestSuiteSourceDependenciesAdjacencyList    : loaded 2 times (x 72B)
Class org.jetbrains.kotlin.gradle.plugin.mpp.AbstractKotlinTarget                     : loaded 2 times (x 152B)
Class com.android.tools.idea.gradle.model.impl.IdeProjectPathImpl                     : loaded 2 times (x 79B)
Class com.android.tools.idea.gradle.project.sync.GradleModule                         : loaded 2 times (x 80B)
Class org.jetbrains.kotlin.gradle.internal.properties.NativePropertiesLoader$kotlinNativeVersion$1: loaded 2 times (x 77B)
Class com.android.tools.idea.gradle.project.sync.BasicNonAndroidIncompleteGradleModule: loaded 2 times (x 75B)
Class org.jetbrains.kotlin.gradle.dsl.KotlinSingleTargetExtension                     : loaded 2 times (x 126B)
Class org.jetbrains.kotlin.gradle.targets.android.internal.InternalKotlinTargetPreset : loaded 2 times (x 72B)
Class com.android.build.api.dsl.LibraryKeepRules                                      : loaded 2 times (x 72B)
Class org.objectweb.asm.commons.GeneratorAdapter                                      : loaded 2 times (x 188B)
Class com.intellij.gradle.toolingExtension.impl.model.projectModel.GradleExternalProjectModelProvider: loaded 2 times (x 81B)
Class com.google.gson.annotations.JsonAdapter                                         : loaded 2 times (x 72B)
Class org.gradle.internal.classloader.ClassLoaderFactory                              : loaded 2 times (x 72B)
Class javax.xml.bind.MarshalException                                                 : loaded 2 times (x 87B)
Class com.android.repository.impl.generated.v2.RemotePackage                          : loaded 2 times (x 159B)
Class com.android.repository.api.RepoManager                                          : loaded 2 times (x 93B)
Class javax.xml.bind.annotation.XmlNsForm                                             : loaded 2 times (x 81B)
Class com.android.build.gradle.internal.SdkComponentsBuildService$VersionedSdkLoader$apiVersionsFile$1: loaded 2 times (x 77B)
Class com.android.build.gradle.internal.utils.D8BackportedMethodsGenerator$Parameters_Decorated: loaded 2 times (x 146B)
Class com.android.build.gradle.internal.PropertiesValueSource$Params                  : loaded 2 times (x 72B)
Class com.android.build.api.component.impl.DefaultSourcesProviderImpl$defaultResSources$1: loaded 2 times (x 80B)
Class com.android.build.api.variant.SourceDirectories$Layered                         : loaded 2 times (x 72B)
Class com.google.common.base.CaseFormat$3                                             : loaded 2 times (x 85B)
Class com.android.build.gradle.internal.TaskManager$createDependencyStreams$1         : loaded 2 times (x 81B)
Class com.android.build.gradle.internal.tasks.BundleReportDependenciesTask$CreationAction: loaded 2 times (x 92B)
Class com.android.build.gradle.internal.tasks.BundleToApkTask$CreationAction          : loaded 2 times (x 92B)
Class com.android.build.gradle.internal.tasks.PerModuleBundleTask$CreationAction      : loaded 2 times (x 92B)
Class com.android.build.gradle.internal.tasks.AppMetadataTask                         : loaded 2 times (x 339B)
Class org.jetbrains.kotlin.gradle.plugin.sources.AbstractKotlinSourceSet              : loaded 2 times (x 143B)
Class com.android.build.gradle.internal.tasks.MergeNativeLibsTask$CreationAction$handleProvider$3: loaded 2 times (x 133B)
Class com.android.build.api.artifact.impl.OperationRequestsImplKt$toCreate$2          : loaded 2 times (x 77B)
Class com.android.build.gradle.internal.scope.InternalArtifactType$BASE_MODULE_METADATA: loaded 2 times (x 76B)
Class com.android.build.gradle.internal.dependency.VariantDependencies$computeArtifactCollection$attributesAction$1$1: loaded 2 times (x 81B)
Class com.android.build.api.component.impl.HostTestImpl                               : loaded 2 times (x 440B)
Class com.android.build.api.variant.impl.SourcesImpl                                  : loaded 2 times (x 169B)
Class com.android.build.api.variant.impl.AndroidResourcesImpl                         : loaded 2 times (x 86B)
Class com.android.build.gradle.internal.tasks.factory.GlobalTaskCreationConfigImpl$buildToolsRevision$2: loaded 2 times (x 81B)
Class com.google.wireless.android.sdk.stats.GradleBuildProject$CompileOptions         : loaded 2 times (x 201B)
Class com.google.wireless.android.sdk.stats.GradleProjectOptionsSettingsOrBuilder     : loaded 2 times (x 72B)
Class com.android.build.gradle.internal.dsl.LintImpl$severities$2                     : loaded 2 times (x 81B)
Class com.android.build.gradle.internal.api.artifact.SourceArtifactType$AIDL          : loaded 2 times (x 76B)
Class com.android.build.gradle.internal.api.DefaultAndroidSourceFile                  : loaded 2 times (x 90B)
Class com.android.build.api.dsl.CmakeFlags                                            : loaded 2 times (x 72B)
Class com.android.build.gradle.internal.dsl.KeepRulesImpl                             : loaded 2 times (x 94B)
Class org.jetbrains.kotlin.gradle.internal.properties.NativePropertiesLoader$nativeCacheKind$1: loaded 2 times (x 77B)
Class com.android.build.gradle.internal.dsl.ExternalNativeNdkBuildOptions_Decorated   : loaded 2 times (x 154B)
Class org.jetbrains.kotlin.gradle.internal.diagnostics.AgpCompatibilityCheck          : loaded 2 times (x 73B)
Class com.android.build.gradle.internal.api.DefaultAndroidSourceDirectorySet          : loaded 2 times (x 121B)
Class com.android.build.api.dsl.AdbOptions                                            : loaded 2 times (x 72B)
Class com.android.build.gradle.internal.errors.SyncIssueReporterImpl$GlobalSyncIssueService$RegistrationAction: loaded 2 times (x 76B)
Class com.android.builder.model.TestOptions$Execution                                 : loaded 2 times (x 81B)
Class com.android.build.gradle.internal.utils.AnalyticsSettingsUtils                  : loaded 2 times (x 73B)
Class com.android.build.gradle.internal.dsl.decorator.LockableSet$LockableIterator    : loaded 2 times (x 83B)
Class com.google.wireless.android.sdk.stats.GradleBuildVariant                        : loaded 2 times (x 283B)
Class com.android.build.gradle.internal.TaskManager$Companion$createTasksBeforeEvaluate$8: loaded 2 times (x 76B)
Class com.android.ide.common.blame.Message$Kind                                       : loaded 2 times (x 81B)
Class com.android.build.gradle.internal.plugins.KotlinMultiplatformAndroidPlugin      : loaded 2 times (x 83B)
Class com.android.build.gradle.internal.plugins.BasePlugin$lintDslLifecycleRegistrar$2: loaded 2 times (x 81B)
Class com.android.build.api.variant.HasHostTestsBuilder                               : loaded 2 times (x 72B)
Class com.android.build.api.variant.ComponentBuilder                                  : loaded 2 times (x 72B)
Class com.android.build.api.dsl.SettingsExtension                                     : loaded 2 times (x 72B)
Class com.android.build.api.dsl.CommonExtension                                       : loaded 2 times (x 72B)
Class org.jetbrains.kotlin.compose.compiler.gradle.ComposeCompilerGradlePluginExtension$featureFlags$2: loaded 2 times (x 78B)
Class com.android.build.gradle.internal.core.dsl.impl.HostTestComponentDslInfoImpl    : loaded 2 times (x 130B)
Class android.databinding.tool.writer.JavaFileWriter                                  : loaded 2 times (x 76B)
Class com.android.tools.idea.gradle.model.IdeJavaLibrary                              : loaded 2 times (x 72B)
Class com.android.tools.idea.gradle.model.ClasspathType                               : loaded 2 times (x 81B)
Class com.android.build.gradle.internal.tasks.VariantTask                             : loaded 2 times (x 72B)
Class com.android.tools.idea.gradle.project.sync.AndroidVariantResolver               : loaded 2 times (x 72B)
Class com.android.tools.idea.gradle.model.impl.IdeDependenciesInfoImpl                : loaded 2 times (x 77B)
Class com.android.build.gradle.tasks.ProcessMultiApkApplicationManifest               : loaded 2 times (x 347B)
Class com.android.build.gradle.internal.tasks.creationconfig.JavaPreCompileTaskCreationConfigKt: loaded 2 times (x 73B)
Class org.gradle.tooling.internal.consumer.converters.EclipseProjectHasAutoBuildMixin : loaded 2 times (x 74B)
Class org.gradle.tooling.UnknownModelException                                        : loaded 2 times (x 85B)
Class org.gradle.internal.service.CachingServiceLocator                               : loaded 2 times (x 84B)
Class com.android.sdklib.repository.generated.common.v2.ObjectFactory                 : loaded 2 times (x 77B)
Class com.android.sdklib.repository.generated.addon.v3.ObjectFactory                  : loaded 2 times (x 82B)
Class com.android.build.gradle.internal.SdkFullLoadingStrategy                        : loaded 2 times (x 74B)
Class com.android.build.gradle.internal.tasks.DexArchiveBuilderTask$CreationAction$handleProvider$1: loaded 2 times (x 80B)
Class com.android.build.gradle.internal.testing.TestData$Companion                    : loaded 2 times (x 73B)
Class com.android.build.gradle.internal.tasks.PerModuleReportDependenciesTask$CreationAction: loaded 2 times (x 92B)
Class org.jetbrains.kotlin.compose.compiler.gradle.internal.ComposeWithAgpConfig$AgpConfigurationProvider$Default: loaded 2 times (x 76B)
Class org.jetbrains.kotlin.gradle.plugin.KotlinTargetConfiguratorKt$WhenMappings      : loaded 2 times (x 73B)
Class org.jetbrains.kotlin.project.model.LanguageSettings                             : loaded 2 times (x 72B)
Class com.android.build.gradle.internal.component.ComponentBasedBuiltInKotlinCreationConfig$kaptKotlinSourceOutputDir$2: loaded 2 times (x 81B)
Class com.android.build.api.artifact.impl.TypedStorageProvider$getArtifact$2$1$1      : loaded 2 times (x 81B)
Class com.android.build.gradle.internal.res.ParseLibraryResourcesTask$CreateAction    : loaded 2 times (x 92B)
Class com.android.build.gradle.internal.tasks.ApplicationIdWriterTask$CreationAction  : loaded 2 times (x 92B)
Class com.android.build.gradle.internal.feature.BundleAllClasses$CreationAction       : loaded 2 times (x 92B)
Class com.android.build.gradle.internal.tasks.ApkZipPackagingTask$CreationAction      : loaded 2 times (x 92B)
Class com.android.build.gradle.internal.component.AarCreationConfig                   : loaded 2 times (x 72B)
Class com.android.build.gradle.internal.dsl.TargetSdkSpecImpl$AgpDecorated            : loaded 2 times (x 87B)
Class [Lcom.android.buildanalyzer.common.TaskCategory;                                : loaded 2 times (x 71B)
Class com.android.build.gradle.internal.tasks.MergeArtProfileTask$CreationAction      : loaded 2 times (x 92B)
Class com.android.build.gradle.internal.dsl.CoreExternalNativeBuildOptions            : loaded 2 times (x 72B)
Class org.jetbrains.kotlin.gradle.targets.native.KonanPropertiesBuildService$Parameters: loaded 2 times (x 72B)
Class org.jetbrains.kotlin.gradle.internal.IsInIdeaSyncValueSource$Inject_            : loaded 2 times (x 111B)
Class org.jetbrains.kotlin.gradle.plugin.internal.CompatibilityConventionRegistrar$Factory: loaded 2 times (x 72B)
Class com.android.utils.DateProvider                                                  : loaded 2 times (x 72B)
Class com.android.build.gradle.internal.utils.AnalyticsEnabledValueSource$Params      : loaded 2 times (x 72B)
Class com.android.build.gradle.internal.tasks.DexMergingTask$CreationAction$handleProvider$3: loaded 2 times (x 133B)
Class com.google.gson.internal.$Gson$Preconditions                                    : loaded 2 times (x 73B)
Class com.android.build.api.variant.HasHostTests                                      : loaded 2 times (x 72B)
Class com.android.build.gradle.internal.AndroidTestTaskManager$createTasks$1          : loaded 2 times (x 77B)
Class com.android.tools.idea.gradle.project.sync.DependencyGraphCompat$AdjacencyList  : loaded 2 times (x 74B)
Class com.android.tools.idea.gradle.model.IdeProjectPath                              : loaded 2 times (x 72B)
Class com.android.build.gradle.internal.scope.InternalArtifactType$DEVICE_PROVIDER_ANDROID_TEST_ADDITIONAL_OUTPUT: loaded 2 times (x 76B)
Class com.android.build.gradle.internal.DependencyConfigurator$configureGeneralTransforms$9: loaded 2 times (x 81B)
Class com.android.build.gradle.internal.tasks.factory.BootClasspathConfigImpl$filteredBootClasspath$2$3: loaded 2 times (x 133B)
Class com.android.build.gradle.internal.tasks.NdkTask                                 : loaded 2 times (x 342B)
Class org.gradle.tooling.model.idea.IdeaModule                                        : loaded 2 times (x 72B)
Class com.android.build.gradle.internal.api.ApkVariantOutputImpl_Decorated            : loaded 2 times (x 178B)
Class com.android.build.api.variant.impl.ArtifactMetadataProcessor                    : loaded 2 times (x 73B)
Class com.google.gson.annotations.SerializedName                                      : loaded 2 times (x 72B)
Class com.sun.xml.bind.api.AccessorException                                          : loaded 2 times (x 84B)
Class com.android.build.gradle.internal.SdkLocation                                   : loaded 2 times (x 74B)
Class com.android.build.gradle.internal.api.UnitTestVariantImpl_Decorated             : loaded 2 times (x 265B)
Class com.android.build.gradle.internal.scope.GradleAwareFilterData                   : loaded 2 times (x 72B)
Class com.android.build.gradle.internal.dependency.AarResourcesCompilerTransform$Parameters_Decorated: loaded 2 times (x 139B)
Class com.android.build.gradle.internal.dependency.AarResourcesCompilerTransform$Parameters: loaded 2 times (x 72B)
Class com.android.build.gradle.internal.tasks.featuresplit.FeatureSplitUtils          : loaded 2 times (x 73B)
Class com.android.build.api.artifact.impl.OperationRequestsImplKt$toAppend$2          : loaded 2 times (x 77B)
Class com.android.build.gradle.internal.tasks.creationconfig.DexMergingCreationConfigKt$createDexMergingCreationConfig$1: loaded 2 times (x 126B)
Class com.android.build.api.artifact.impl.InternalScopedArtifact                      : loaded 2 times (x 76B)
Class org.jetbrains.kotlin.compose.compiler.gradle.ComposeCompilerGradleSubplugin$applyToCompilation$1: loaded 2 times (x 77B)
Class org.jetbrains.kotlin.gradle.plugin.mpp.InternalKotlinCompilation$DefaultImpls   : loaded 2 times (x 73B)
Class org.jetbrains.kotlin.gradle.plugin.mpp.KotlinMetadataTarget                     : loaded 2 times (x 163B)
Class org.jetbrains.kotlin.gradle.plugin.mpp.compilationImpl.KotlinCompilationSourceSetInclusion$DefaultAddSourcesToCompileTask: loaded 2 times (x 76B)
Class org.jetbrains.kotlin.gradle.tasks.configuration.BaseKotlinCompileConfig$1$jvmToolchain$1: loaded 2 times (x 76B)
Class com.android.build.gradle.internal.tasks.MergeNativeLibsTask$CreationAction      : loaded 2 times (x 92B)
Class com.android.build.gradle.internal.core.dsl.impl.SigningConfigResolver           : loaded 2 times (x 74B)
Class com.android.build.gradle.internal.component.features.ResValuesCreationConfig    : loaded 2 times (x 72B)
Class com.android.build.gradle.internal.scope.InternalArtifactType                    : loaded 2 times (x 76B)
Class com.android.build.gradle.internal.dsl.SdkComponentsImpl$adb$1                   : loaded 2 times (x 77B)
Class com.android.build.gradle.internal.dsl.ManagedVirtualDeviceFactory               : loaded 2 times (x 77B)
Class com.android.build.gradle.internal.dsl.ManagedVirtualDevice                      : loaded 2 times (x 123B)
Class com.android.build.gradle.internal.api.AndroidSourceSetName                      : loaded 2 times (x 74B)
Class org.objectweb.asm.commons.InstructionAdapter                                    : loaded 2 times (x 190B)
Class com.android.build.api.dsl.BundleAbi                                             : loaded 2 times (x 72B)
Class org.jetbrains.kotlin.gradle.dsl.KotlinGradlePluginDsl                           : loaded 2 times (x 72B)
Class org.jetbrains.kotlin.tooling.core.MutableExtras                                 : loaded 2 times (x 72B)
Class org.jetbrains.kotlin.build.report.metrics.BuildTime                             : loaded 2 times (x 72B)
Class org.jetbrains.kotlin.gradle.plugin.KotlinGradleBuildServices$detectKotlinPluginLoadedInMultipleProjects$onRegister$1: loaded 2 times (x 81B)
Class com.android.build.gradle.internal.services.BuiltInKotlinServicesKt$failIfIncompatiblePluginsArePresent$1: loaded 2 times (x 76B)
Class com.android.build.gradle.internal.services.LintClassLoaderBuildService          : loaded 2 times (x 82B)
Class com.android.build.gradle.internal.FileExistsValueSource$Params_Decorated        : loaded 2 times (x 132B)
Class com.android.sdklib.repository.generated.repository.v1.ObjectFactory             : loaded 2 times (x 81B)
Class com.android.repository.impl.meta.RevisionType                                   : loaded 2 times (x 82B)
Class com.android.build.gradle.options.ProjectOptionService$RegistrationAction        : loaded 2 times (x 76B)
Class com.android.build.api.variant.ApplicationVariantBuilder                         : loaded 2 times (x 72B)
Class com.android.build.gradle.internal.services.DslServices                          : loaded 2 times (x 72B)
Class com.sun.xml.bind.v2.runtime.JAXBContextImpl$JAXBContextBuilder                  : loaded 2 times (x 88B)
Class com.sun.xml.bind.v2.model.annotation.XmlSchemaQuick                             : loaded 2 times (x 97B)
Class org.gradle.internal.service.UnknownServiceException                             : loaded 2 times (x 85B)
Class com.android.tools.idea.gradle.project.sync.ModelProviderCachedData              : loaded 2 times (x 74B)
Class com.android.tools.idea.gradle.project.sync.SyncTestMode                         : loaded 2 times (x 81B)
Class org.jetbrains.plugins.gradle.model.ExternalSourceDirectorySet                   : loaded 2 times (x 72B)
Class com.android.tools.idea.gradle.project.sync.ModelCacheV2ImplKt$modelCacheV2Impl$variantCoreFrom$12: loaded 2 times (x 131B)
Class com.android.tools.idea.gradle.project.sync.ModelResult$Companion                : loaded 2 times (x 73B)
Class com.android.tools.idea.gradle.project.sync.AndroidProjectResultKt               : loaded 2 times (x 73B)
Class com.sun.xml.bind.v2.model.nav.ReflectionNavigator$1                             : loaded 2 times (x 83B)
Class com.sun.xml.bind.v2.util.TypeCast                                               : loaded 2 times (x 73B)
Class com.android.repository.impl.meta.TypeDetails$GenericType                        : loaded 2 times (x 72B)
Class com.android.repository.impl.generated.v1.ArchiveType                            : loaded 2 times (x 98B)
Class com.android.build.gradle.internal.SdkDirectLoadingStrategy$components$2         : loaded 2 times (x 81B)
Class com.android.build.gradle.internal.DependencyConfigurator$Companion              : loaded 2 times (x 73B)
Class com.android.build.gradle.internal.SdkLibDataFactory$Environment$SystemProperty  : loaded 2 times (x 81B)
Class com.android.build.gradle.internal.tasks.creationconfig.ProcessTestManifestCreationConfig: loaded 2 times (x 72B)
Class com.android.build.api.artifact.SingleArtifact$APK_FROM_BUNDLE                   : loaded 2 times (x 76B)
Class com.android.build.gradle.internal.scope.InternalArtifactType$BINARY_ART_PROFILE : loaded 2 times (x 76B)
Class com.android.build.gradle.internal.tasks.ApplicationTaskManager$createBundleTask$1: loaded 2 times (x 77B)
Class com.android.build.api.artifact.impl.OperationRequestsImplKt$toAppend$3          : loaded 2 times (x 77B)
Class com.android.build.gradle.internal.scope.InternalArtifactType$GLOBAL_SYNTHETICS_FILE_LIB: loaded 2 times (x 76B)
Class org.jetbrains.kotlin.compose.compiler.gradle.ComposeCompilerGradleSubplugin$applyToCompilation$2: loaded 2 times (x 76B)
Class com.android.build.gradle.internal.TaskManager$addSubpluginOptionsForBuiltInKotlin$1: loaded 2 times (x 77B)
Class org.jetbrains.kotlin.gradle.plugin.mpp.KotlinWithJavaTarget                     : loaded 2 times (x 162B)
Class org.jetbrains.kotlin.gradle.utils.StoredPropertyKt$extrasStoredProperty$1       : loaded 2 times (x 80B)
Class org.jetbrains.kotlin.gradle.tasks.CompileUsingKotlinDaemon                      : loaded 2 times (x 72B)
Class com.android.build.gradle.internal.feature.BundleAllClasses$CreationAction$handleProvider$1: loaded 2 times (x 133B)
Class com.android.build.gradle.internal.res.ParseLibraryResourcesTask$CreateAction$handleProvider$1: loaded 2 times (x 133B)
Class com.android.build.gradle.internal.tasks.ValidateResourcesTask$CreateAction$handleProvider$1: loaded 2 times (x 133B)
Class com.android.build.api.component.impl.features.NativeBuildCreationConfigImpl$externalNativeBuild$2: loaded 2 times (x 81B)
Class [Lcom.android.build.VariantOutput$FilterType;                                   : loaded 2 times (x 71B)
Class com.android.build.api.variant.impl.ApplicationVariantImpl$androidResources$2    : loaded 2 times (x 81B)
Class com.android.build.api.variant.ApkOutputProviders                                : loaded 2 times (x 72B)
Class com.android.build.gradle.internal.core.dsl.ComponentDslInfo$DslDefinedHostTest  : loaded 2 times (x 74B)
Class com.android.build.gradle.internal.core.dsl.impl.features.OptimizationDslInfoImpl$mergeOptions$1: loaded 2 times (x 80B)
Class com.android.build.gradle.internal.tasks.BuildAnalyzer                           : loaded 2 times (x 72B)
Class com.android.builder.signing.DefaultSigningConfig$DebugSigningConfig             : loaded 2 times (x 74B)
Class com.android.build.gradle.internal.core.dsl.impl.features.DeviceTestOptionsDslInfoImpl: loaded 2 times (x 86B)
Class com.android.build.gradle.internal.core.dsl.features.TestOptionsDslInfo          : loaded 2 times (x 72B)
Class com.android.build.gradle.internal.dsl.DexPackagingImpl$AgpDecorated             : loaded 2 times (x 85B)
Class com.android.build.gradle.internal.dsl.BundleOptionsDensity$AgpDecorated         : loaded 2 times (x 83B)
Class com.android.build.VariantOutput                                                 : loaded 2 times (x 72B)
Class com.android.build.api.artifact.Artifact$Single                                  : loaded 2 times (x 76B)
Class com.android.build.api.dsl.Optimization                                          : loaded 2 times (x 72B)
Class com.android.build.gradle.internal.dsl.DependenciesInfoImpl                      : loaded 2 times (x 83B)
Class com.android.build.api.dsl.TestProductFlavor                                     : loaded 2 times (x 72B)
Class com.android.build.gradle.internal.services.BuiltInKotlinServicesKt$initBuiltInKaptSupportIfRequired$1: loaded 2 times (x 77B)
Class org.jetbrains.kotlin.gradle.plugin.KotlinPluginLifecycle$IllegalLifecycleException: loaded 2 times (x 84B)
Class org.jetbrains.kotlin.gradle.internal.properties.NativePropertiesLoader$userProvidedNativeHome$1: loaded 2 times (x 77B)
Class com.android.tools.idea.gradle.project.sync.ModuleConfiguration                  : loaded 2 times (x 74B)
Class org.jetbrains.kotlin.gradle.plugin.KotlinGradleFinishBuildHandler               : loaded 2 times (x 74B)
Class org.jetbrains.kotlin.gradle.dsl.KotlinTopLevelExtension                         : loaded 2 times (x 72B)
Class com.android.build.gradle.internal.services.BuiltInKotlinServicesKt$failIfIncompatiblePluginsArePresent$2: loaded 2 times (x 76B)
Class com.android.build.gradle.internal.services.AndroidLocationsBuildService$AndroidDirectoryCreator$Params$Inject_: loaded 2 times (x 110B)
Class com.android.prefs.LocationValue                                                 : loaded 2 times (x 72B)
Class jdk.internal.jrtfs.SystemImage                                                  : loaded 2 times (x 76B)
Class com.android.sdklib.AndroidVersion$PreviewType                                   : loaded 2 times (x 81B)
Class com.android.build.gradle.internal.res.Aapt2FromMaven$Companion$DefaultAapt2Version: loaded 2 times (x 73B)
Class com.android.build.gradle.internal.component.ConsumableCreationConfig            : loaded 2 times (x 72B)
Class com.android.build.api.variant.HasUnitTest                                       : loaded 2 times (x 72B)
Class com.android.build.gradle.internal.plugins.AndroidPluginBaseServices$projectServices$2$1: loaded 2 times (x 81B)
Class com.android.build.gradle.internal.plugins.DynamicFeaturePlugin                  : loaded 2 times (x 99B)
Class com.android.build.gradle.options.ApiStage                                       : loaded 2 times (x 74B)
Class [Lcom.android.build.gradle.options.StringOption;                                : loaded 2 times (x 71B)
Class com.android.tools.idea.gradle.project.sync.IdeSyncExecutionReport               : loaded 2 times (x 73B)
Class com.android.tools.idea.gradle.project.sync.FetchedVariantResult$Finished        : loaded 2 times (x 74B)
Class com.android.tools.idea.gradle.model.IdePreResolvedModuleLibraryImpl             : loaded 2 times (x 83B)
Class com.android.tools.idea.gradle.model.IdeAndroidLibraryImpl                       : loaded 2 times (x 108B)
Class com.android.tools.idea.gradle.project.sync.ModelCacheV2ImplKt$WhenMappings      : loaded 2 times (x 73B)
Class com.google.wireless.android.sdk.stats.GarbageCollectionStats$1                  : loaded 2 times (x 153B)
Class org.gradle.tooling.model.idea.IdeaSourceDirectory                               : loaded 2 times (x 72B)
Class org.jetbrains.kotlin.gradle.internal.properties.PropertiesBuildService$NullableBooleanGradleProperty: loaded 2 times (x 78B)
Class org.jetbrains.kotlin.build.report.metrics.GradleBuildPerformanceMetric          : loaded 2 times (x 94B)
Class [Lcom.android.builder.core.ComponentTypeImpl;                                   : loaded 2 times (x 71B)
Class com.google.common.collect.ImmutableMultimap                                     : loaded 2 times (x 148B)
Class com.sun.xml.bind.v2.model.nav.ReflectionNavigator$2                             : loaded 2 times (x 83B)
Class com.sun.xml.bind.v2.model.impl.EnumLeafInfoImpl                                 : loaded 2 times (x 129B)
Class javax.xml.bind.ServiceLoaderUtil$ExceptionHandler                               : loaded 2 times (x 74B)
Class com.android.build.gradle.internal.publishing.AppVariantSpecBuilder              : loaded 2 times (x 92B)
Class com.android.build.gradle.internal.dependency.DexingOutputSplitTransform$Parameters_Decorated: loaded 2 times (x 137B)
Class com.android.build.gradle.internal.dependency.DexingOutputSplitTransform$Parameters: loaded 2 times (x 72B)
Class com.android.build.api.variant.impl.ManifestFilesImpl$allStatic$1                : loaded 2 times (x 76B)
Class com.android.build.gradle.internal.tasks.ApplicationTaskManager$createBundleTask$2: loaded 2 times (x 77B)
Class com.android.build.gradle.internal.tasks.creationconfig.DexMergingCreationConfigKt: loaded 2 times (x 73B)
Class org.jetbrains.kotlin.gradle.utils.StoredLazyProperty$getValue$1                 : loaded 2 times (x 81B)
Class org.jetbrains.kotlin.gradle.plugin.mpp.KotlinTargetWithBinaries                 : loaded 2 times (x 159B)
Class org.jetbrains.kotlin.gradle.plugin.ProjectLocalConfigurationsKt                 : loaded 2 times (x 73B)
Class [Lorg.jetbrains.kotlin.gradle.plugin.KotlinSourceSet;                           : loaded 2 times (x 71B)
Class org.jetbrains.kotlin.gradle.plugin.mpp.compilationImpl.factory.KotlinCompilationImplFactory: loaded 2 times (x 74B)
Class com.android.build.api.artifact.impl.TypedStorageProvider$getArtifact$2$1        : loaded 2 times (x 81B)
Class com.android.build.gradle.tasks.JavaPreCompileTask$CreationAction                : loaded 2 times (x 92B)
Class com.android.build.gradle.tasks.MergeSourceSetFolders$GenericMergeCreationAction : loaded 2 times (x 93B)
Class com.android.build.gradle.internal.TaskManager$createMergeJniLibFoldersTasks$mergeSourceSetFoldersCreationConfig$1: loaded 2 times (x 81B)
Class com.android.build.gradle.internal.publishing.AndroidArtifacts                   : loaded 2 times (x 73B)
Class com.android.build.gradle.internal.dependency.ConstraintHandler$checkConfigurationAlignments$1: loaded 2 times (x 77B)
Class com.android.build.gradle.internal.core.dsl.impl.features.OptimizationDslInfoImpl$mergeOptions$2: loaded 2 times (x 80B)
Class com.android.build.gradle.internal.dsl.MinSdkDelegate$minSdk$2$1                 : loaded 2 times (x 81B)
Class com.android.build.gradle.internal.core.SettingsOptionsKt                        : loaded 2 times (x 73B)
Class com.android.build.gradle.internal.dsl.BundleOptionsCodeTransparency$AgpDecorated: loaded 2 times (x 83B)
Class com.android.build.gradle.internal.api.artifact.SourceArtifactType$JAVA_RESOURCES: loaded 2 times (x 76B)
Class com.android.build.gradle.api.AndroidSourceFile                                  : loaded 2 times (x 72B)
Class org.objectweb.asm.commons.LocalVariablesSorter                                  : loaded 2 times (x 111B)
Class com.android.build.api.dsl.ViewBinding                                           : loaded 2 times (x 72B)
Class com.android.build.gradle.internal.dsl.DexPackagingImpl                          : loaded 2 times (x 72B)
Class com.android.build.gradle.internal.dsl.AssetPackBundleExtensionImpl              : loaded 2 times (x 72B)
Class com.android.build.gradle.internal.dsl.decorator.SupportedPropertyType$Var$String: loaded 2 times (x 76B)
Class org.jetbrains.kotlin.gradle.plugin.PropertiesProvider$localProperties$2         : loaded 2 times (x 81B)
Class com.android.build.gradle.internal.services.BuiltInKotlinServicesKt$failIfIncompatiblePluginsArePresent$3: loaded 2 times (x 76B)
Class com.android.build.gradle.internal.services.BuiltInKotlinServices$AvailabilityReason: loaded 2 times (x 72B)
Class com.android.build.gradle.api.AndroidSourceSet                                   : loaded 2 times (x 72B)
Class com.android.prefs.PathLocator                                                   : loaded 2 times (x 75B)
Class com.android.builder.model.SigningConfig                                         : loaded 2 times (x 72B)
Class com.android.build.gradle.internal.profile.NoOpAnalyticsConfiguratorService      : loaded 2 times (x 84B)
Class com.android.tools.analytics.AnalyticsSettingsData$DataTypeAdapter               : loaded 2 times (x 75B)
Class com.android.build.gradle.internal.dsl.decorator.LockableSet                     : loaded 2 times (x 147B)
Class com.android.tools.idea.gradle.model.CodeShrinker                                : loaded 2 times (x 81B)
Class com.android.build.api.dsl.ConsumerKeepRules                                     : loaded 2 times (x 72B)
Class com.android.tools.idea.gradle.project.sync.SyncVariantResultSuccess             : loaded 2 times (x 74B)
Class com.android.tools.idea.gradle.project.sync.FetchedVariant                       : loaded 2 times (x 74B)
Class com.android.tools.idea.gradle.model.impl.IdeSigningConfigImpl                   : loaded 2 times (x 80B)
Class com.google.common.base.CaseFormat$2                                             : loaded 2 times (x 85B)
Class com.android.builder.model.v2.models.SourceType                                  : loaded 2 times (x 81B)
Class com.android.tools.idea.gradle.project.sync.SyncProjectActionWorker              : loaded 2 times (x 74B)
Class org.jetbrains.plugins.gradle.model.ExternalFilter                               : loaded 2 times (x 72B)
Class com.android.build.gradle.internal.dsl.ApplicationExtensionImpl$AgpDecorated     : loaded 2 times (x 390B)
Class [Lcom.android.repository.Revision$Precision;                                    : loaded 2 times (x 71B)
Class com.android.build.api.dsl.ManagedDevices                                        : loaded 2 times (x 72B)
Class com.android.tools.idea.gradle.project.sync.SingleVariantSyncActionOptions       : loaded 2 times (x 75B)
Class org.gradle.kotlin.dsl.TestImplementationConfigurationAccessorsKt                : loaded 2 times (x 73B)
Class com.sun.istack.Pool                                                             : loaded 2 times (x 72B)
Class com.android.repository.impl.generated.v2.ArchivesType                           : loaded 2 times (x 77B)
Class com.android.sdklib.repository.generated.common.v4.LibraryType                   : loaded 2 times (x 92B)
Class com.android.build.gradle.internal.FileExistsValueSource$Params                  : loaded 2 times (x 72B)
Class com.android.repository.Revision$PreviewComparison                               : loaded 2 times (x 81B)
Class org.jetbrains.kotlin.gradle.model.ComposeCompiler                               : loaded 2 times (x 72B)
Class com.android.build.gradle.internal.ide.FilterDataImpl                            : loaded 2 times (x 82B)
Class com.android.build.gradle.internal.dependency.AarToClassTransform$Companion      : loaded 2 times (x 73B)
Class com.android.build.gradle.internal.scope.InternalArtifactType$ANALYZE_DEPENDENCIES_REPORT: loaded 2 times (x 76B)
Class com.android.build.gradle.internal.HostTestTaskManager$setupAssembleTasks$1      : loaded 2 times (x 77B)
Class com.android.build.gradle.internal.testing.utp.UtpTestUtilsKt$maybeCreateUtpConfigurations$1$1: loaded 2 times (x 76B)
Class com.android.build.gradle.internal.tasks.ExtractVersionControlInfoTask$CreationAction$handleProvider$1: loaded 2 times (x 133B)
Class com.android.build.gradle.internal.tasks.PackageBundleTask$CreationAction$handleProvider$1: loaded 2 times (x 133B)
Class com.android.build.gradle.internal.tasks.DexFileDependenciesTask$CreationAction$handleProvider$1: loaded 2 times (x 133B)
Class com.android.build.gradle.tasks.KotlinCompileCreationAction                      : loaded 2 times (x 78B)
Class com.android.build.gradle.internal.scope.InternalArtifactType$SYMBOL_LIST_WITH_PACKAGE_NAME: loaded 2 times (x 76B)
Class com.android.build.gradle.internal.scope.InternalArtifactType$MERGED_MANIFESTS   : loaded 2 times (x 76B)
Class com.android.build.gradle.internal.VariantManager$createVariantsFromCombination$variantExtensionConfig$1: loaded 2 times (x 80B)
Class com.android.build.gradle.internal.core.dsl.impl.features.AndroidResourcesDslInfoImpl: loaded 2 times (x 83B)
Class com.android.build.api.component.impl.DeviceTestImpl$dexing$2                    : loaded 2 times (x 81B)
Class com.android.build.gradle.internal.core.dsl.ComponentDslInfo$DslDefinedDeviceTest: loaded 2 times (x 74B)
Class com.android.build.gradle.internal.lint.LintTaskManager$createBeforeEvaluateLintTasks$1: loaded 2 times (x 77B)
Class com.android.build.gradle.internal.lint.LintTaskManager$Companion                : loaded 2 times (x 73B)
Class com.android.build.gradle.internal.crash.ExternalApiUsageException               : loaded 2 times (x 84B)
Class [Lcom.android.build.api.variant.ScopedArtifacts$Scope;                          : loaded 2 times (x 71B)
Class com.android.build.gradle.api.ApplicationVariant                                 : loaded 2 times (x 72B)
Class com.android.build.gradle.internal.dsl.BundleOptionsCountrySet$AgpDecorated      : loaded 2 times (x 87B)
Class com.android.build.gradle.internal.dsl.EmulatorControl$AgpDecorated              : loaded 2 times (x 90B)
Class com.android.build.api.dsl.MinSdkSpec                                            : loaded 2 times (x 72B)
Class com.android.build.gradle.internal.dsl.JUnitEngineSpecImpl                       : loaded 2 times (x 86B)
Class com.android.build.gradle.internal.dsl.ApplicationPublishingImpl                 : loaded 2 times (x 83B)
Class org.jetbrains.kotlin.gradle.utils.WhenPluginEnabledKt$whenPluginsEnabled$1      : loaded 2 times (x 77B)
Class [Lorg.jetbrains.kotlin.gradle.report.BuildReportType;                           : loaded 2 times (x 71B)
Class org.jetbrains.kotlin.gradle.internal.properties.PropertiesBuildService$localProperties$2: loaded 2 times (x 81B)
Class org.jetbrains.kotlin.gradle.tasks.AbstractKotlinCompileTool                     : loaded 2 times (x 373B)
Class com.android.build.gradle.internal.errors.IncompatibleProjectOptionsReporter     : loaded 2 times (x 73B)
Class com.google.wireless.android.sdk.stats.GradleBuildVariantOrBuilder               : loaded 2 times (x 72B)
Class com.android.build.gradle.internal.profile.AnalyticsService$Params_Decorated     : loaded 2 times (x 153B)
Class com.android.sdklib.AndroidVersion                                               : loaded 2 times (x 77B)
Class com.android.build.api.variant.GeneratesApkBuilder                               : loaded 2 times (x 72B)
Class com.android.Version                                                             : loaded 2 times (x 73B)
Class jdk.internal.jimage.ImageBufferCache                                            : loaded 2 times (x 73B)
Class jdk.internal.jrtfs.JrtPath                                                      : loaded 2 times (x 124B)
Class com.android.build.gradle.internal.dsl.BundleOptionsTexture$AgpDecorated_Decorated: loaded 2 times (x 132B)
Class com.android.build.api.variant.DslExtension                                      : loaded 2 times (x 74B)
Class com.android.tools.idea.gradle.model.IdeDependencyCore                           : loaded 2 times (x 72B)
Class com.android.builder.model.v2.models.BaseTestSuiteSourceIdentity                 : loaded 2 times (x 72B)
Class com.android.tools.idea.gradle.project.sync.AndroidModule                        : loaded 2 times (x 90B)
Class org.jetbrains.kotlin.compose.compiler.gradle.ComposeCompilerGradlePluginExtension$featureFlags$1: loaded 2 times (x 78B)
Class com.android.build.gradle.tasks.JavaCompileUtils                                 : loaded 2 times (x 73B)
Class com.android.tools.idea.projectsystem.gradle.sync.Counter$time$1                 : loaded 2 times (x 80B)
Class org.jetbrains.plugins.gradle.model.MavenRepositoryModel                         : loaded 2 times (x 72B)
Class com.android.build.api.variant.impl.VariantBuilderImpl                           : loaded 2 times (x 139B)
Class org.jetbrains.kotlin.gradle.idea.tcs.IdeaKotlinDependency                       : loaded 2 times (x 72B)
Class org.gradle.internal.classloader.ClasspathUtil                                   : loaded 2 times (x 73B)
Class com.sun.xml.bind.v2.model.impl.RuntimeBuiltinLeafInfoImpl$20                    : loaded 2 times (x 138B)
Class com.android.sdklib.repository.generated.sysimg.v2.ObjectFactory                 : loaded 2 times (x 77B)
Class com.android.build.gradle.internal.SdkComponentsBuildService$VersionedSdkLoader$additionalLibrariesProvider$1: loaded 2 times (x 77B)
Class com.android.build.gradle.internal.GradleLocalPropertiesFactory                  : loaded 2 times (x 73B)
Class com.android.build.gradle.internal.tasks.factory.BootClasspathConfigImpl$bootClasspath$2$1: loaded 2 times (x 77B)
Class com.android.build.gradle.internal.scope.InternalArtifactType$UNIT_TEST_RESULTS  : loaded 2 times (x 76B)
Class com.android.build.gradle.internal.HostTestTaskManager$setupAssembleTasks$2      : loaded 2 times (x 77B)
Class com.android.build.api.component.impl.DefaultSourcesProviderImpl$defaultJavaSources$1: loaded 2 times (x 80B)
Class com.android.build.gradle.internal.tasks.DexFileDependenciesTask$CreationAction$handleProvider$2: loaded 2 times (x 133B)
Class com.android.build.gradle.internal.scope.InternalArtifactType$PROJECT_DEX_ARCHIVE: loaded 2 times (x 76B)
Class org.jetbrains.kotlin.gradle.utils.StringUtilsKt$lowerCamelCaseName$1            : loaded 2 times (x 131B)
Class org.jetbrains.kotlin.gradle.plugin.mpp.compilationImpl.DefaultKotlinCompilationFriendPathsResolver$DefaultFriendArtifactResolver: loaded 2 times (x 76B)
Class org.jetbrains.kotlin.gradle.dsl.KotlinCompile                                   : loaded 2 times (x 72B)
Class org.jetbrains.kotlin.gradle.plugin.internal.DefaultConfigurationCacheStartParameterAccessor_Decorated: loaded 2 times (x 123B)
Class org.jetbrains.kotlin.gradle.plugin.internal.DefaultConfigurationCacheStartParameterAccessor: loaded 2 times (x 79B)
Class com.android.build.gradle.tasks.KotlinCompileCreationAction$getTaskProvider$1    : loaded 2 times (x 81B)
Class com.android.build.gradle.internal.component.ComponentBasedBuiltInKotlinCreationConfig$kaptSourceOutputDir$2: loaded 2 times (x 81B)
Class com.android.build.gradle.tasks.ManifestProcessorTask                            : loaded 2 times (x 341B)
Class com.android.build.gradle.internal.VariantManager$createVariantsFromCombination$8: loaded 2 times (x 81B)
Class com.android.build.api.variant.impl.MetadataRecord                               : loaded 2 times (x 74B)
Class com.android.build.gradle.internal.component.features.AndroidResourcesCreationConfig: loaded 2 times (x 72B)
Class com.android.build.gradle.internal.dsl.ApplicationExtensionImpl$sam$org_gradle_api_Action$0: loaded 2 times (x 77B)
Class com.android.build.gradle.internal.dsl.ApplicationPublishingImpl$AgpDecorated_Decorated: loaded 2 times (x 132B)
Class com.google.common.base.Charsets                                                 : loaded 2 times (x 73B)
Class com.android.build.api.dsl.ComposeOptions                                        : loaded 2 times (x 72B)
Class com.android.build.gradle.internal.dsl.NdkOptions$DebugSymbolLevel               : loaded 2 times (x 81B)
Class com.android.build.api.variant.impl.VariantOutputList$Companion                  : loaded 2 times (x 73B)
Class com.android.build.api.dsl.VectorDrawables                                       : loaded 2 times (x 72B)
Class com.android.build.gradle.internal.dsl.ViewBindingOptionsImpl                    : loaded 2 times (x 86B)
Class com.android.build.gradle.internal.dsl.ResourcesPackagingImpl                    : loaded 2 times (x 84B)
Class com.android.build.gradle.internal.dsl.BundleOptions                             : loaded 2 times (x 137B)
Class com.android.build.gradle.internal.services.BuiltInKotlinServicesKt$initBuiltInKotlinSupportIfRequired$3: loaded 2 times (x 77B)
Class org.jetbrains.kotlin.gradle.dsl.JvmTarget$Companion                             : loaded 2 times (x 73B)
Class org.jetbrains.kotlin.gradle.internal.properties.NativePropertiesLoader$downloadFromMaven$1: loaded 2 times (x 77B)
Class com.android.build.gradle.tasks.ProcessManifestForMetadataFeatureTask$CreationAction: loaded 2 times (x 92B)
Class com.android.build.gradle.internal.SdkComponentsBuildService$Parameters          : loaded 2 times (x 72B)
Class com.android.build.gradle.internal.services.AndroidLocationsBuildService$androidLocations$1$1: loaded 2 times (x 77B)
Class com.android.build.gradle.options.FeatureStage$Supported                         : loaded 2 times (x 74B)
Class com.google.common.util.concurrent.MoreExecutors                                 : loaded 2 times (x 73B)
Class com.android.build.gradle.internal.tasks.creationconfig.JavaPreCompileTaskCreationConfig: loaded 2 times (x 72B)
Class com.android.build.gradle.internal.services.BuiltInKaptSupportMode$SupportedForTestFixturesAndScreenshotTest: loaded 2 times (x 73B)
Class com.android.tools.idea.gradle.model.IdeAndroidGradlePluginProjectFlags          : loaded 2 times (x 72B)
Class com.android.build.gradle.internal.tasks.creationconfig.BaseDexMergingCreationConfig: loaded 2 times (x 126B)
Class com.android.tools.idea.gradle.project.sync.AgpCompatibilityKt$WhenMappings      : loaded 2 times (x 73B)
Class com.google.common.collect.ComparisonChain                                       : loaded 2 times (x 82B)
Class com.android.tools.idea.projectsystem.gradle.sync.Counter$time$2                 : loaded 2 times (x 80B)
Class com.android.build.gradle.internal.cxx.configure.GradleLocalPropertiesKt         : loaded 2 times (x 73B)
Class org.gradle.tooling.internal.consumer.converters.GradleProjectIdentifierMixin    : loaded 2 times (x 75B)
Class com.intellij.util.ReflectionUtilRt                                              : loaded 2 times (x 73B)
Class org.jetbrains.kotlin.idea.gradleTooling.KotlinMPPGradleModel$Companion          : loaded 2 times (x 73B)
Class com.sun.xml.bind.v2.model.impl.RuntimeBuiltinLeafInfoImpl$21                    : loaded 2 times (x 138B)
Class com.sun.xml.bind.v2.model.runtime.RuntimeTypeInfo                               : loaded 2 times (x 72B)
Class com.android.sdklib.repository.IdDisplay                                         : loaded 2 times (x 82B)
Class com.android.build.gradle.internal.scope.InternalArtifactType$SOURCE_JAR         : loaded 2 times (x 76B)
Class com.android.build.api.variant.impl.DirectoryEntry$Kind                          : loaded 2 times (x 81B)
Class com.android.build.api.variant.impl.FlatSourceDirectoriesImpl                    : loaded 2 times (x 95B)
Class com.android.build.gradle.internal.scope.InternalArtifactType$COMPILE_SYMBOL_LIST: loaded 2 times (x 76B)
Class com.android.build.api.artifact.impl.InAndOutDirectoryOperationRequestImpl$Companion$initializeInput$1: loaded 2 times (x 77B)
Class com.android.build.gradle.internal.core.dsl.HostTestComponentDslInfo             : loaded 2 times (x 72B)
Class [Lcom.android.build.api.variant.VariantOutputConfiguration$OutputType;          : loaded 2 times (x 71B)
Class com.android.build.api.component.impl.AnnotationProcessorImpl                    : loaded 2 times (x 79B)
Class com.android.build.api.variant.impl.PackagingImpl                                : loaded 2 times (x 82B)
Class [Lcom.android.build.gradle.internal.profile.ProfilingMode;                      : loaded 2 times (x 71B)
Class com.android.build.gradle.internal.dsl.TargetSdkVersionImpl                      : loaded 2 times (x 78B)
Class com.android.build.gradle.internal.TaskManager$ConfigAttrTask                    : loaded 2 times (x 322B)
Class com.android.builder.core.AbstractBuildType$Companion                            : loaded 2 times (x 73B)
Class com.android.builder.testing.api.TestServer                                      : loaded 2 times (x 76B)
Class com.android.build.gradle.internal.dsl.ShaderOptions_Decorated                   : loaded 2 times (x 132B)
Class com.android.build.gradle.internal.DependencyConfigurator$configureGeneralTransforms$8: loaded 2 times (x 77B)
Class com.android.build.api.dsl.KmpOptimization                                       : loaded 2 times (x 72B)
Class com.android.build.gradle.internal.dsl.decorator.SupportedPropertyType$Var       : loaded 2 times (x 76B)
Class com.android.builder.signing.DefaultSigningConfig                                : loaded 2 times (x 111B)
Class org.jetbrains.kotlin.gradle.plugin.internal.DefaultProjectIsolationStartParameterAccessor: loaded 2 times (x 79B)
Class org.jetbrains.kotlin.gradle.utils.GradleConfigurationUtilsKt$addGradlePluginMetadataAttributes$1: loaded 2 times (x 77B)
Class org.jetbrains.kotlin.gradle.plugin.KaptExtension                                : loaded 2 times (x 138B)
Class org.jetbrains.kotlin.gradle.dsl.KotlinAndroidExtension                          : loaded 2 times (x 72B)
Class org.jetbrains.kotlin.gradle.plugin.AbstractKotlinMultiplatformPluginWrapper     : loaded 2 times (x 88B)
Class com.android.build.gradle.internal.services.LintClassLoaderBuildService$RegistrationAction: loaded 2 times (x 76B)
Class com.android.build.gradle.internal.utils.GradleEnvironmentProvider               : loaded 2 times (x 72B)
Class [Lcom.google.wireless.android.sdk.stats.GradleBuildProfileSpan$ExecutionType;   : loaded 2 times (x 71B)
Class com.android.tools.analytics.HostData$garbageCollectorBeans$2                    : loaded 2 times (x 80B)
Class com.android.build.gradle.internal.utils.AnalyticsSettingsUtils$analyticsEnabledProvider$1: loaded 2 times (x 76B)
Class com.android.build.gradle.internal.tasks.factory.BootClasspathConfigImpl$filteredBootClasspath$2$2: loaded 2 times (x 133B)
Class com.android.utils.Environment$Companion$SYSTEM$1                                : loaded 2 times (x 76B)
Class com.android.build.gradle.internal.TaskManager                                   : loaded 2 times (x 84B)
Class com.android.build.gradle.AppPluginKt                                            : loaded 2 times (x 73B)
Class org.gradle.accessors.dm.LibrariesForLibsInPluginsBlock$AndroidxLifecycleRuntimeLibraryAccessors: loaded 2 times (x 79B)
Class com.android.build.gradle.internal.utils.DesugarLibConfigExtractor               : loaded 2 times (x 80B)
Class com.android.build.gradle.internal.tasks.factory.BootClasspathConfigImpl$fullBootClasspathProvider$2$5: loaded 2 times (x 133B)
Class com.android.build.gradle.internal.dependency.RecalculateStackFramesTransform$Companion$registerRecalculateStackFramesTransform$1: loaded 2 times (x 77B)
Class com.android.build.gradle.internal.scope.InternalArtifactType$AAR_METADATA       : loaded 2 times (x 76B)
Class kotlin.sequences.DistinctSequence                                               : loaded 2 times (x 77B)
Class com.android.tools.idea.gradle.project.sync.ModelFetchersKt$findVariantDependenciesV2Model$findModel$1: loaded 2 times (x 77B)
Class com.android.tools.idea.gradle.project.sync.FetchedVariantResult$InProgress      : loaded 2 times (x 73B)
Class com.android.build.gradle.internal.SdkComponentsBuildService$VersionedSdkLoader$targetAndroidVersionProvider$1: loaded 2 times (x 77B)
Class [Lorg.gradle.tooling.internal.adapter.MethodInvoker;                            : loaded 2 times (x 71B)
Class com.android.build.gradle.internal.SupportToolsComponents$Companion$build$fileExists$1: loaded 2 times (x 77B)
Class com.android.repository.api.ConsoleProgressIndicator                             : loaded 2 times (x 110B)
Class com.android.sdklib.repository.generated.repository.v2.LayoutlibType             : loaded 2 times (x 76B)
Class com.android.tools.idea.gradle.project.sync.SyncActionOptions                    : loaded 2 times (x 74B)
Class org.gradle.api.specs.Spec                                                       : loaded 2 times (x 72B)
Class com.sun.xml.bind.v2.model.impl.RuntimeBuiltinLeafInfoImpl$22                    : loaded 2 times (x 138B)
Class com.sun.xml.bind.v2.model.nav.ReflectionNavigator$6                             : loaded 2 times (x 83B)
Class com.android.sdklib.BuildToolInfo$PathId                                         : loaded 2 times (x 81B)
Class com.android.build.gradle.internal.dependency.BaseDexingTransform$Parameters     : loaded 2 times (x 72B)
Class com.android.build.gradle.internal.dependency.AarToClassTransform$Inject_1       : loaded 2 times (x 111B)
Class com.android.build.gradle.internal.tasks.CheckJetifierTask                       : loaded 2 times (x 333B)
Class com.android.build.api.variant.ManifestFiles                                     : loaded 2 times (x 72B)
Class com.android.build.api.variant.LibraryVariant                                    : loaded 2 times (x 72B)
Class com.android.build.gradle.internal.tasks.GlobalSyntheticsMergeTask$CreationAction$handleProvider$1: loaded 2 times (x 133B)
Class com.android.build.gradle.internal.scope.InternalArtifactType$INTERMEDIARY_BUNDLE: loaded 2 times (x 76B)
Class org.jetbrains.kotlin.gradle.plugin.mpp.compilationImpl.KotlinCompilationImpl$Params: loaded 2 times (x 74B)
Class com.android.build.gradle.tasks.KotlinTaskCreationAction$registerTask$1          : loaded 2 times (x 77B)
Class org.jetbrains.kotlin.gradle.tasks.configuration.BaseKotlinCompileConfig$Companion: loaded 2 times (x 73B)
Class com.android.build.api.variant.ResourcesPackaging                                : loaded 2 times (x 72B)
Class com.android.build.gradle.internal.tasks.creationconfig.ProcessJavaResCreationConfig: loaded 2 times (x 72B)
Class com.android.build.gradle.internal.VariantTaskManager$checkMultidexDependency$1  : loaded 2 times (x 80B)
Class com.android.build.gradle.internal.tasks.factory.TaskConfigAction                : loaded 2 times (x 72B)
Class com.android.build.gradle.internal.dsl.AndroidTestImpl$AgpDecorated_Decorated    : loaded 2 times (x 127B)
Class com.android.build.gradle.internal.ide.v2.NativeModelBuilder$configurationModels$2: loaded 2 times (x 81B)
Class com.android.build.api.artifact.impl.ScopedArtifactsImpl                         : loaded 2 times (x 77B)
Class com.android.build.api.artifact.impl.ArtifactsImpl                               : loaded 2 times (x 85B)
Class com.android.build.gradle.internal.core.ToolExecutionOptions                     : loaded 2 times (x 74B)
Class com.android.build.gradle.LintLifecycleExtensionImpl                             : loaded 2 times (x 82B)
Class com.android.build.gradle.internal.api.artifact.SourceArtifactType$JNI_LIBS      : loaded 2 times (x 76B)
Class com.android.build.gradle.internal.dsl.CoreShaderOptions                         : loaded 2 times (x 72B)
Class com.android.build.gradle.internal.dsl.decorator.SupportedPropertyType$Var$Custom: loaded 2 times (x 76B)
Class com.android.build.gradle.internal.dsl.AgpDslLockedException                     : loaded 2 times (x 84B)
Class com.android.build.gradle.internal.plugins.BasePlugin$variantInputModel$2$1      : loaded 2 times (x 81B)
Class org.jetbrains.kotlin.gradle.targets.native.toolchain.KotlinNativeBundleBuildService$Companion$registerIfAbsent$2$1: loaded 2 times (x 81B)
Class org.jetbrains.kotlin.build.report.metrics.GradleBuildPerformanceMetric$Companion: loaded 2 times (x 73B)
Class org.jetbrains.kotlin.gradle.plugin.internal.MavenPublicationComponentAccessor$Factory: loaded 2 times (x 72B)
Class com.android.build.gradle.internal.services.Aapt2DaemonBuildService              : loaded 2 times (x 82B)
Class com.android.build.gradle.internal.ide.v2.GlobalSyncService                      : loaded 2 times (x 82B)
Class [Lcom.google.protobuf.ProtocolMessageEnum;                                      : loaded 2 times (x 71B)
Class com.google.protobuf.LazyStringArrayList                                         : loaded 2 times (x 316B)
Class kotlinx.coroutines.flow.StateFlowImpl                                           : loaded 2 times (x 105B)
Class com.android.build.gradle.internal.scope.ProjectInfo                             : loaded 2 times (x 74B)
Class com.sun.xml.bind.v2.runtime.JAXBContextImpl$6                                   : loaded 2 times (x 93B)
Class org.gradle.api.internal.ClassPathProvider                                       : loaded 2 times (x 72B)
Class com.android.build.api.variant.HasAndroidResources                               : loaded 2 times (x 72B)
Class com.android.build.gradle.internal.component.VariantCreationConfig               : loaded 2 times (x 72B)
Class com.android.build.api.variant.VariantBuilder                                    : loaded 2 times (x 72B)
Class com.android.build.gradle.internal.dsl.InternalApplicationExtension              : loaded 2 times (x 72B)
Class jdk.internal.jimage.ImageReader$SharedImageReader$LocationVisitor               : loaded 2 times (x 72B)
Class [Lorg.gradle.api.internal.ClassPathProvider;                                    : loaded 2 times (x 71B)
Class com.android.builder.model.AndroidProject                                        : loaded 2 times (x 72B)
Class com.google.common.collect.TreeRangeSet                                          : loaded 2 times (x 117B)
Class com.android.tools.idea.gradle.project.sync.DefaultVariantsKt$getDefaultVariant$$inlined$thenBy$2: loaded 2 times (x 92B)
Class com.sun.xml.bind.v2.model.impl.RuntimeBuiltinLeafInfoImpl$23                    : loaded 2 times (x 138B)
Class javax.activation.DataHandler                                                    : loaded 2 times (x 94B)
Class com.sun.xml.bind.v2.model.runtime.RuntimeTypeInfoSet                            : loaded 2 times (x 72B)
Class com.sun.xml.bind.v2.model.impl.TypeInfoSetImpl                                  : loaded 2 times (x 113B)
Class javax.xml.bind.JAXBException                                                    : loaded 2 times (x 87B)
Class com.android.repository.api.RepoPackage                                          : loaded 2 times (x 72B)
Class com.android.build.gradle.internal.ide.v2.VersionImpl                            : loaded 2 times (x 79B)
Class com.android.build.gradle.internal.dependency.CollectClassesTransform$Inject_1   : loaded 2 times (x 111B)
Class com.android.build.gradle.internal.dependency.PlatformAttrTransform$Inject_1     : loaded 2 times (x 111B)
Class [Lcom.android.build.gradle.internal.SdkLibDataFactory$Environment$SystemProperty;: loaded 2 times (x 71B)
Class com.android.build.gradle.tasks.AnalyzeDependenciesTask$CreationAction$handleProvider$1: loaded 2 times (x 133B)
Class com.android.build.gradle.internal.testing.utp.UtpTestUtilsKt                    : loaded 2 times (x 73B)
Class com.android.build.gradle.internal.test.TestDataImpl$libraryType$1               : loaded 2 times (x 81B)
Class com.android.build.api.variant.impl.ManifestFilesImpl$addSource$1                : loaded 2 times (x 77B)
Class org.jetbrains.kotlin.tooling.core.ExtrasLazyProperty                            : loaded 2 times (x 72B)
Class org.jetbrains.kotlin.gradle.utils.StringUtilsKt                                 : loaded 2 times (x 73B)
Class com.android.build.gradle.internal.VariantTaskManager$checkMultidexDependency$2  : loaded 2 times (x 80B)
Class com.android.build.gradle.internal.HostTestTaskManager                           : loaded 2 times (x 84B)
Class com.android.build.api.variant.impl.AndroidResourcesImplKt                       : loaded 2 times (x 73B)
Class com.android.build.gradle.internal.core.dsl.impl.InstrumentedTestDslInfoImpl$functionalTest$2: loaded 2 times (x 76B)
Class com.android.build.VariantOutput$FilterType                                      : loaded 2 times (x 81B)
Class com.android.build.gradle.internal.variant.VariantPathHelper$apkLocation$2       : loaded 2 times (x 81B)
Class com.android.build.api.attributes.BuildTypeAttr$ImplFactory                      : loaded 2 times (x 77B)
Class com.android.build.api.variant.AndroidResourcesBuilder                           : loaded 2 times (x 72B)
Class com.android.build.gradle.api.AndroidBasePlugin                                  : loaded 2 times (x 76B)
Class com.android.build.gradle.internal.plugins.AppPlugin$ApplicationAndroidComponentsExtensionImplCompat_Decorated: loaded 2 times (x 163B)
Class com.android.build.gradle.internal.dsl.AbiSplitOptions$AgpDecorated              : loaded 2 times (x 100B)
Class com.android.build.api.artifact.Artifact$Category                                : loaded 2 times (x 81B)
Class com.android.build.gradle.internal.dsl.FusedLibraryExtensionImpl                 : loaded 2 times (x 106B)
Class com.android.build.gradle.internal.dsl.BundleOptionsAiModelVersion               : loaded 2 times (x 83B)
Class com.android.build.api.dsl.Publishing                                            : loaded 2 times (x 72B)
Class com.android.build.api.dsl.TargetSdkVersion                                      : loaded 2 times (x 72B)
Class org.jetbrains.kotlin.gradle.utils.CompletableFuture                             : loaded 2 times (x 72B)
Class com.android.tools.idea.gradle.model.impl.IdeAndroidProjectImpl                  : loaded 2 times (x 109B)
Class org.jetbrains.kotlin.gradle.plugin.internal.JavaExecTaskParametersCompatibility : loaded 2 times (x 72B)
Class [Lcom.android.build.gradle.internal.profile.AnalyticsConfiguratorService$State; : loaded 2 times (x 71B)
Class com.android.tools.idea.gradle.project.sync.VariantDiscovery                     : loaded 2 times (x 74B)
Class com.google.protobuf.UninitializedMessageException                               : loaded 2 times (x 86B)
Class com.android.builder.errors.IssueReporter$Type                                   : loaded 2 times (x 81B)
Class com.android.tools.idea.gradle.project.sync.DependencyGraphCompat                : loaded 2 times (x 73B)
Class org.gradle.accessors.dm.LibrariesForLibs$BundleAccessors                        : loaded 2 times (x 75B)
Class com.android.tools.idea.gradle.model.IdeUnresolvedLibrary                        : loaded 2 times (x 72B)
Class com.android.tools.idea.gradle.project.sync.ModelCacheV2ImplKt$modelCacheV2Impl$variantCoreFrom$6: loaded 2 times (x 131B)
Class com.android.tools.idea.gradle.model.impl.BuildFolderPaths                       : loaded 2 times (x 74B)
Class com.android.build.api.variant.DslLifecycle                                      : loaded 2 times (x 72B)
Class com.intellij.gradle.toolingExtension.impl.modelAction.GradleModelHolderState    : loaded 2 times (x 79B)
Class Build_gradle$1                                                                  : loaded 2 times (x 76B)
Class com.sun.xml.bind.v2.model.annotation.XmlAttributeQuick                          : loaded 2 times (x 95B)
Class com.sun.xml.bind.v2.model.impl.RuntimeBuiltinLeafInfoImpl$24                    : loaded 2 times (x 139B)
Class com.sun.xml.bind.Util                                                           : loaded 2 times (x 73B)
Class com.android.sdklib.repository.generated.common.v3.ObjectFactory                 : loaded 2 times (x 77B)
Class com.android.sdklib.repository.generated.addon.v4.ObjectFactory                  : loaded 2 times (x 82B)
Class com.android.repository.api.SchemaModule                                         : loaded 2 times (x 78B)
Class [Lcom.android.sdklib.BuildToolInfo$PathId;                                      : loaded 2 times (x 71B)
Class com.android.build.gradle.internal.api.TestVariantImpl_Decorated                 : loaded 2 times (x 308B)
Class com.android.build.gradle.internal.dependency.EnumerateClassesTransform          : loaded 2 times (x 80B)
Class com.android.build.api.component.impl.DefaultSourcesProviderImpl$getJniLibs$1    : loaded 2 times (x 133B)
Class com.android.build.gradle.internal.dsl.ApplicationExtensionImpl                  : loaded 2 times (x 389B)
Class com.android.build.gradle.internal.tasks.TestPreBuildTask$CreationAction         : loaded 2 times (x 93B)
Class com.android.build.gradle.internal.publishing.ArtifactCategory                   : loaded 2 times (x 81B)
Class com.android.build.gradle.internal.core.dsl.impl.AndroidTestComponentDslInfoImpl$dexingDslInfo$2: loaded 2 times (x 81B)
Class com.android.build.api.variant.ApplicationAndroidResources                       : loaded 2 times (x 72B)
Class com.android.build.api.variant.TestSuite                                         : loaded 2 times (x 72B)
Class com.android.build.api.variant.impl.ApplicationVariantBuilderImpl$deviceTests$1  : loaded 2 times (x 81B)
Class com.android.build.gradle.internal.plugins.BasePlugin$createTasks$2$1            : loaded 2 times (x 77B)
Class com.android.build.gradle.internal.ide.v2.NativeModelBuilder                     : loaded 2 times (x 88B)
Class com.google.wireless.android.sdk.stats.GradleBuildProject$1                      : loaded 2 times (x 78B)
Class com.android.build.gradle.internal.dsl.TestOptions$UnitTestOptions               : loaded 2 times (x 86B)
Class com.android.build.api.dsl.MultiDexConfig                                        : loaded 2 times (x 72B)
Class com.android.build.gradle.internal.dsl.AbiSplitOptions                           : loaded 2 times (x 97B)
Class com.android.build.gradle.api.BaseVariant                                        : loaded 2 times (x 72B)
Class org.jetbrains.kotlin.gradle.plugin.AndroidProjectHandler                        : loaded 2 times (x 74B)
Class org.jetbrains.kotlin.gradle.plugin.KotlinTarget                                 : loaded 2 times (x 72B)
Class com.android.build.gradle.internal.services.BuiltInKotlinServicesKt              : loaded 2 times (x 73B)
Class com.android.build.gradle.internal.profile.AnalyticsConfiguratorService$Params   : loaded 2 times (x 72B)
Class com.android.build.gradle.internal.errors.SyncIssueReporterImpl                  : loaded 2 times (x 79B)
Class com.android.build.gradle.internal.lint.LintFromMaven                            : loaded 2 times (x 74B)
Class com.android.build.gradle.internal.component.ApplicationCreationConfig           : loaded 2 times (x 72B)
Class jdk.internal.jimage.decompressor.ResourceDecompressorRepository                 : loaded 2 times (x 73B)
Class com.android.build.gradle.internal.lint.AndroidLintInputs                        : loaded 2 times (x 73B)
Class com.google.protobuf.AbstractMessage                                             : loaded 2 times (x 166B)
Class com.android.tools.analytics.HostDataKt                                          : loaded 2 times (x 73B)
Class org.jetbrains.kotlin.gradle.plugin.VariantImplementationFactories$Companion$getProvider$2$1: loaded 2 times (x 81B)
Class com.intellij.gradle.toolingExtension.impl.modelSerialization.DefaultSerializationService: loaded 2 times (x 78B)
Class com.google.common.base.CaseFormat$1                                             : loaded 2 times (x 85B)
Class com.android.build.gradle.internal.dsl.KeepRulesImpl$AgpDecorated_Decorated      : loaded 2 times (x 144B)
Class com.android.build.gradle.internal.api.artifact.SourceArtifactType$JAVA_SOURCES  : loaded 2 times (x 76B)
Class org.gradle.tooling.FetchModelResult                                             : loaded 2 times (x 72B)
Class com.android.build.gradle.internal.api.artifact.SourceArtifactType$ASSETS        : loaded 2 times (x 76B)
Class com.android.build.gradle.internal.tasks.factory.TaskFactoryUtils                : loaded 2 times (x 73B)
Class com.android.build.gradle.internal.TaskManager$Companion$createTasksBeforeEvaluate$6: loaded 2 times (x 76B)
Class com.sun.xml.bind.v2.runtime.unmarshaller.Base64Data                             : loaded 2 times (x 93B)
Class com.android.build.gradle.internal.scope.InternalArtifactType$COMPILED_LOCAL_RESOURCES: loaded 2 times (x 76B)
Class com.android.build.gradle.internal.SdkLibDataFactory$Environment                 : loaded 2 times (x 74B)
Class com.android.build.gradle.internal.test.TestDataImpl                             : loaded 2 times (x 111B)
Class com.android.build.gradle.internal.tasks.BundleIdeModelProducerTask              : loaded 2 times (x 338B)
Class org.jetbrains.kotlin.gradle.plugin.mpp.compilationImpl.KotlinCompilationSourceSetsContainer: loaded 2 times (x 72B)
Class org.jetbrains.kotlin.gradle.plugin.diagnostics.KotlinToolingDiagnosticsCollector$Parameter: loaded 2 times (x 72B)
Class org.jetbrains.kotlin.gradle.plugin.diagnostics.KotlinToolingDiagnosticsCollectorKt$kotlinToolingDiagnosticsCollectorProvider$1: loaded 2 times (x 77B)
Class org.jetbrains.kotlin.compilerRunner.CompilerSystemPropertiesService$Parameters  : loaded 2 times (x 72B)
Class com.android.build.api.artifact.ScopedArtifact                                   : loaded 2 times (x 76B)
Class com.android.build.api.variant.ApplicationAndroidResourcesBuilder                : loaded 2 times (x 72B)
Class com.android.build.gradle.internal.core.dsl.impl.DslInfoBuilder$computeNames$1   : loaded 2 times (x 81B)
Class com.android.build.gradle.internal.ide.v2.ModelBuilder                           : loaded 2 times (x 82B)
Class com.google.wireless.android.sdk.stats.GradleBuildProject$2                      : loaded 2 times (x 153B)
Class com.android.build.gradle.internal.dsl.JniLibsPackagingImpl$AgpDecorated         : loaded 2 times (x 95B)
Class com.android.build.api.variant.AndroidVersion                                    : loaded 2 times (x 72B)
Class com.android.build.api.artifact.ArtifactKind$FILE                                : loaded 2 times (x 74B)
Class com.android.build.gradle.internal.dsl.AnnotationProcessorOptions                : loaded 2 times (x 104B)
Class com.android.build.gradle.internal.dsl.AarMetadataImpl                           : loaded 2 times (x 95B)
Class com.android.build.gradle.internal.dsl.decorator.SupportedPropertyType$Var$Boolean: loaded 2 times (x 76B)
Class com.android.build.gradle.internal.dsl.VariantDimensionBinaryCompatibilityFix    : loaded 2 times (x 72B)
Class org.jetbrains.kotlin.gradle.plugin.ProjectLocalConfigurations                   : loaded 2 times (x 73B)
Class org.jetbrains.kotlin.gradle.plugin.mpp.KotlinUsages$KotlinUsagesDisambiguation  : loaded 2 times (x 78B)
Class org.jetbrains.kotlin.tooling.core.Extras$Key$Companion                          : loaded 2 times (x 73B)
Class org.jetbrains.kotlin.tooling.core.Extras$Key                                    : loaded 2 times (x 74B)
Class com.android.build.gradle.internal.utils.GradleEnvironmentProviderImpl           : loaded 2 times (x 78B)
Class com.google.protobuf.Internal$LongList                                           : loaded 2 times (x 72B)
Class com.google.gson.internal.$Gson$Types                                            : loaded 2 times (x 73B)
Class com.google.gson.JsonDeserializer                                                : loaded 2 times (x 72B)
Class com.android.build.api.variant.impl.VariantImpl$manifestPlaceholdersCreationConfig$2: loaded 2 times (x 81B)
Class com.android.build.gradle.internal.dependency.ProvidedClasspathSubtractor$fileToIds$1: loaded 2 times (x 81B)
Class com.android.build.gradle.options.OptionalBooleanOption                          : loaded 2 times (x 87B)
Class com.android.build.gradle.internal.plugins.BasePlugin$variantInputModel$2        : loaded 2 times (x 81B)
Class com.android.build.gradle.internal.variant.ApplicationVariantFactory             : loaded 2 times (x 108B)
Class com.android.build.gradle.internal.dsl.DeclarativeApplicationExtensionImpl       : loaded 2 times (x 395B)
Class jdk.internal.jimage.ImageReader$Directory                                       : loaded 2 times (x 86B)
Class org.gradle.accessors.dm.LibrariesForLibsInPluginsBlock                          : loaded 2 times (x 85B)
Class com.android.build.gradle.tasks.ProcessPackagedManifestTask                      : loaded 2 times (x 338B)
Class com.android.tools.idea.gradle.project.sync.ResolvedAndroidProjectPath           : loaded 2 times (x 72B)
Class com.android.tools.idea.gradle.model.IdeDependenciesCore                         : loaded 2 times (x 72B)
Class com.android.tools.idea.gradle.model.impl.IdeDependenciesImplKt                  : loaded 2 times (x 73B)
Class com.android.build.gradle.internal.scope.InternalArtifactType$PACKAGED_MANIFESTS : loaded 2 times (x 76B)
Class com.android.build.api.artifact.OutOperationRequest                              : loaded 2 times (x 72B)
Class com.android.build.gradle.internal.scope.InternalArtifactType$SUB_PROJECT_DEX_ARCHIVE: loaded 2 times (x 76B)
Class com.android.tools.idea.gradle.project.sync.AgpVersionIncompatible               : loaded 2 times (x 84B)
Class com.android.build.gradle.internal.tasks.DexMergingTask$CreationAction$handleProvider$1: loaded 2 times (x 133B)
Class com.android.tools.idea.gradle.project.sync.ModelVersion                         : loaded 2 times (x 77B)
Class com.android.build.gradle.internal.tasks.ParseIntegrityConfigTask$CreationAction : loaded 2 times (x 92B)
Class com.android.build.api.variant.impl.SourceType                                   : loaded 2 times (x 81B)
Class com.android.build.gradle.internal.cxx.logging.ThreadLoggingEnvironment$Companion$LoggerStack: loaded 2 times (x 74B)
Class com.android.build.gradle.internal.dependency.ExtractAarTransform                : loaded 2 times (x 80B)
Class com.android.build.gradle.internal.DependencyConfigurator$configureGeneralTransforms$7: loaded 2 times (x 77B)
Class com.android.build.gradle.internal.tasks.factory.BootClasspathConfigImpl$filteredBootClasspath$2$1: loaded 2 times (x 133B)
Class com.android.build.gradle.internal.tasks.factory.BootClasspathConfigImpl$fullBootClasspathProvider$2$4: loaded 2 times (x 133B)
Class com.android.build.gradle.internal.scope.InternalArtifactType$FEATURE_PUBLISHED_DEX: loaded 2 times (x 76B)
Class com.android.repository.impl.generated.v2.DependencyType                         : loaded 2 times (x 83B)
Class com.intellij.gradle.toolingExtension.modelAction.GradleProjectLoadedModelFetchPhase: loaded 2 times (x 83B)
Class com.google.gson.internal.reflect.ReflectionHelper$RecordNotSupportedHelper      : loaded 2 times (x 80B)
Class com.sun.xml.bind.v2.model.impl.RuntimeBuiltinLeafInfoImpl$26                    : loaded 2 times (x 138B)
Class com.sun.xml.bind.v2.model.impl.RuntimeBuiltinLeafInfoImpl$10$1                  : loaded 2 times (x 358B)
Class com.sun.xml.bind.v2.runtime.BinderImpl                                          : loaded 2 times (x 88B)
Class com.sun.xml.bind.v2.model.core.TypeInfo                                         : loaded 2 times (x 72B)
Class com.android.sdklib.repository.generated.common.v3.LibraryType                   : loaded 2 times (x 92B)
Class com.android.build.gradle.internal.PlatformComponents                            : loaded 2 times (x 74B)
Class com.android.build.gradle.internal.scope.InternalArtifactType$TEST_FIXTURES_LINT_PARTIAL_RESULTS: loaded 2 times (x 76B)
Class com.android.build.gradle.internal.utils.D8BackportedMethodsGenerator            : loaded 2 times (x 80B)
Class com.android.build.gradle.internal.cxx.logging.IssueReporterLoggingEnvironmentKt : loaded 2 times (x 73B)
Class com.android.build.gradle.tasks.ProcessTestManifestPackaging$CreationAction$handleProvider$1: loaded 2 times (x 133B)
Class com.android.build.gradle.internal.AndroidTestTaskManager$createVariantPreBuildTask$1: loaded 2 times (x 76B)
Class com.android.build.gradle.internal.scope.InternalArtifactType$D8_METADATA        : loaded 2 times (x 76B)
Class com.android.build.gradle.internal.tasks.OptimizeResourcesTask                   : loaded 2 times (x 342B)
Class com.android.build.gradle.internal.tasks.BundleToApkTask$CreationAction$handleProvider$1: loaded 2 times (x 133B)
Class com.android.build.gradle.internal.tasks.FinalizeBundleTask                      : loaded 2 times (x 338B)
Class com.android.build.gradle.internal.dependency.ShrinkerVersion$Companion$R8$2     : loaded 2 times (x 80B)
Class org.jetbrains.kotlin.gradle.plugin.sources.DefaultKotlinSourceSetKt             : loaded 2 times (x 73B)
Class com.android.build.gradle.internal.scope.InternalArtifactType$STABLE_RESOURCE_IDS_FILE: loaded 2 times (x 76B)
Class com.android.build.api.component.impl.features.AndroidResourcesCreationConfigImpl: loaded 2 times (x 92B)
Class com.android.build.api.variant.impl.ApplicationVariantImpl$packaging$2           : loaded 2 times (x 81B)
Class com.android.build.api.variant.impl.VariantImpl$buildConfigFields$2              : loaded 2 times (x 81B)
Class com.android.build.api.component.impl.ComponentImpl$builtInKaptSupportMode$2     : loaded 2 times (x 81B)
Class com.android.build.gradle.internal.core.dsl.features.OptimizationDslInfo         : loaded 2 times (x 72B)
Class com.sun.xml.bind.v2.runtime.JAXBContextImpl$5                                   : loaded 2 times (x 76B)
Class com.android.builder.core.DefaultApiVersion                                      : loaded 2 times (x 79B)
Class com.android.build.gradle.internal.core.dsl.impl.ApplicationVariantDslInfoImpl$versionName$2: loaded 2 times (x 81B)
Class com.android.build.gradle.internal.core.dsl.impl.ComponentDslInfoImpl$1          : loaded 2 times (x 80B)
Class com.android.build.gradle.internal.utils.SdkUtilsKt                              : loaded 2 times (x 73B)
Class com.android.build.gradle.internal.lint.AndroidLintGlobalTask$GlobalCreationAction: loaded 2 times (x 93B)
Class com.android.build.gradle.internal.api.VariantFilter                             : loaded 2 times (x 82B)
Class com.android.build.gradle.internal.dsl.BundleOptionsTexture$AgpDecorated         : loaded 2 times (x 87B)
Class com.android.build.api.dsl.ManagedVirtualDevice                                  : loaded 2 times (x 72B)
Class com.android.build.gradle.internal.dsl.TestFixturesImpl_Decorated                : loaded 2 times (x 129B)
Class com.android.build.api.dsl.SdkComponents                                         : loaded 2 times (x 72B)
Class com.android.build.gradle.internal.coverage.JacocoOptions                        : loaded 2 times (x 87B)
Class com.android.build.api.artifact.ArtifactKind$DIRECTORY                           : loaded 2 times (x 74B)
Class com.android.build.gradle.internal.dsl.AarMetadataImpl$compileSdkDelegate$1      : loaded 2 times (x 81B)
Class org.gradle.api.internal.DefaultClassPathProvider                                : loaded 2 times (x 78B)
Class org.jetbrains.kotlin.idea.projectModel.KotlinSwiftExportModel                   : loaded 2 times (x 72B)
Class com.google.common.util.concurrent.AbstractFuture$SynchronizedHelper             : loaded 2 times (x 80B)
Class com.android.build.api.dsl.TestOptions                                           : loaded 2 times (x 72B)
Class com.android.build.api.dsl.AbiSplit                                              : loaded 2 times (x 72B)
Class com.android.build.api.dsl.LibraryVariantDimension                               : loaded 2 times (x 72B)
Class org.jetbrains.kotlin.gradle.plugin.mpp.HierarchyAttributeContainer$1            : loaded 2 times (x 80B)
Class org.jetbrains.kotlin.gradle.dsl.ToolchainSupport                                : loaded 2 times (x 72B)
Class org.gradle.tooling.internal.consumer.converters.ConsumerTargetTypeProvider      : loaded 2 times (x 78B)
Class org.jetbrains.kotlin.gradle.plugin.KotlinJsPluginWrapper                        : loaded 2 times (x 88B)
Class org.jetbrains.kotlin.gradle.dsl.KotlinJvmOptions                                : loaded 2 times (x 72B)
Class org.jetbrains.kotlin.gradle.plugin.mpp.InternalKotlinTarget                     : loaded 2 times (x 72B)
Class com.android.build.gradle.internal.services.FakeDependencyJarBuildService$RegistrationAction: loaded 2 times (x 76B)
Class com.android.utils.EnvironmentProvider                                           : loaded 2 times (x 72B)
Class com.google.protobuf.InvalidProtocolBufferException                              : loaded 2 times (x 89B)
Class com.google.common.collect.EnumHashBiMap                                         : loaded 2 times (x 161B)
Class com.google.common.collect.Cut$BelowValue                                        : loaded 2 times (x 90B)
Class com.android.tools.idea.gradle.project.sync.JavaModule                           : loaded 2 times (x 80B)
Class com.intellij.openapi.util.io.FileUtilRt$SymlinkResolver                         : loaded 2 times (x 72B)
Class com.android.tools.idea.gradle.model.IdeJavaLibraryImpl                          : loaded 2 times (x 94B)
Class com.android.tools.idea.gradle.model.IdeJavaCompileOptions                       : loaded 2 times (x 72B)
Class com.android.tools.idea.gradle.project.sync.ModelCacheV2ImplKt$modelCacheV2Impl$variantCoreFrom$9: loaded 2 times (x 131B)
Class com.android.tools.idea.gradle.model.IdeArtifactName$Companion                   : loaded 2 times (x 73B)
Class com.android.tools.idea.gradle.project.sync.DefaultVariantsKt$getDefaultVariant$$inlined$thenBy$1: loaded 2 times (x 92B)
Class com.android.builder.model.v2.models.TestSuiteDependenciesAdjacencyList          : loaded 2 times (x 72B)
Class [Lcom.android.tools.idea.gradle.model.impl.IdeModuleSourceSet;                  : loaded 2 times (x 71B)
Class com.android.build.gradle.internal.dsl.CommonExtensionImpl                       : loaded 2 times (x 210B)
Class com.android.build.gradle.internal.services.BaseServicesImpl                     : loaded 2 times (x 85B)
Class org.jetbrains.kotlin.gradle.plugin.VariantImplementationFactoriesConfigurator$Companion$getProvider$1: loaded 2 times (x 76B)
Class org.jetbrains.kotlin.gradle.fus.BuildUidService$Companion                       : loaded 2 times (x 73B)
Class org.jetbrains.kotlin.gradle.plugin.PropertiesProvider$kotlinExperimentalTryNext$1: loaded 2 times (x 77B)
Class [Lcom.sun.xml.bind.v2.model.annotation.Locatable;                               : loaded 2 times (x 71B)
Class com.sun.xml.bind.v2.model.impl.RuntimeBuiltinLeafInfoImpl$27                    : loaded 2 times (x 138B)
Class com.sun.xml.bind.v2.model.impl.ModelBuilder                                     : loaded 2 times (x 94B)
Class com.android.repository.impl.generated.generic.v1.ObjectFactory                  : loaded 2 times (x 77B)
Class com.android.repository.impl.generated.v1.ChannelRefType                         : loaded 2 times (x 79B)
Class com.android.build.gradle.internal.SdkComponentsBuildService$VersionedSdkLoader$adbExecutableProvider$1: loaded 2 times (x 77B)
Class com.android.build.gradle.internal.tasks.TestPreBuildTask                        : loaded 2 times (x 338B)
Class com.android.build.gradle.internal.tasks.MergeStartupProfileTask$CreationAction$handleProvider$1: loaded 2 times (x 133B)
Class com.android.build.gradle.internal.tasks.featuresplit.FeatureSetMetadataWriterTask$CreationAction$handleProvider$1: loaded 2 times (x 133B)
Class com.android.build.gradle.tasks.PackageApplication$CreationAction$handleProvider$operationRequest$1: loaded 2 times (x 133B)
Class com.android.build.api.variant.impl.SigningConfigImpl$storeFile$1                : loaded 2 times (x 77B)
Class com.android.build.gradle.internal.tasks.DexArchiveBuilderTask$CreationAction$handleProvider$10: loaded 2 times (x 80B)
Class com.android.build.gradle.internal.tasks.factory.features.DexingTaskCreationAction: loaded 2 times (x 72B)
Class org.jetbrains.kotlin.gradle.plugin.hierarchy.KotlinSourceSetTreeClassifier$Property: loaded 2 times (x 74B)
Class org.jetbrains.kotlin.gradle.dsl.KotlinCommonCompilerOptionsHelper               : loaded 2 times (x 73B)
Class com.android.build.gradle.tasks.MergeSourceSetFolders$MergeAssetCreationAction$handleProvider$1: loaded 2 times (x 133B)
Class com.android.build.gradle.internal.scope.InternalArtifactType$COMPILED_NAVIGATION_RES: loaded 2 times (x 76B)
Class com.android.build.gradle.internal.VariantTaskManager$createTasks$1              : loaded 2 times (x 77B)
Class com.android.build.gradle.internal.tasks.ModuleMetadataWriterTask$CreationAction : loaded 2 times (x 92B)
Class com.android.build.gradle.internal.core.dsl.impl.DslInfoCommonKt$getTestComponentNamespace$2$1: loaded 2 times (x 77B)
Class com.android.build.api.variant.impl.ApplicationVariantImpl$addVariantOutput$1    : loaded 2 times (x 77B)
Class com.android.build.api.variant.impl.VariantImpl$resValues$2                      : loaded 2 times (x 81B)
Class com.android.build.gradle.internal.component.legacy.OldVariantApiLegacySupport   : loaded 2 times (x 72B)
Class com.android.build.gradle.internal.core.dsl.impl.ComponentDslInfoImpl$2          : loaded 2 times (x 80B)
Class com.android.build.api.variant.ScopedArtifacts$Scope                             : loaded 2 times (x 81B)
Class com.android.build.gradle.internal.CompileOptions$AgpDecorated                   : loaded 2 times (x 99B)
Class com.android.build.gradle.internal.dsl.AbiSplitOptions$AgpDecorated_Decorated    : loaded 2 times (x 146B)
Class com.android.build.gradle.internal.dsl.BundleOptions$AgpDecorated_Decorated      : loaded 2 times (x 196B)
Class com.android.build.gradle.internal.dsl.BuildFeaturesImpl                         : loaded 2 times (x 112B)
Class com.android.build.gradle.internal.dsl.AarMetadataImpl$compileSdkDelegate$2      : loaded 2 times (x 81B)
Class com.android.build.gradle.internal.dsl.ExternalNativeNdkBuildOptions             : loaded 2 times (x 111B)
Class com.android.build.gradle.internal.dsl.CmakeOptions                              : loaded 2 times (x 100B)
Class org.jetbrains.kotlin.gradle.targets.native.toolchain.KotlinNativeBundleBuildService$Companion$registerIfAbsent$1: loaded 2 times (x 77B)
Class com.google.wireless.android.sdk.stats.GradleBuildVariant$VariantType$1          : loaded 2 times (x 78B)
Class org.jetbrains.kotlin.gradle.internal.properties.PropertiesBuildService$property$1$valueFromGradleAndLocalProperties$1: loaded 2 times (x 77B)
Class org.jetbrains.kotlin.gradle.plugin.KotlinPluginWrapperKt$kotlinToolingVersion$2 : loaded 2 times (x 80B)
Class com.android.build.gradle.internal.errors.OptionInfo                             : loaded 2 times (x 74B)
Class com.android.build.gradle.internal.services.AndroidLocationsBuildService$AndroidDirectoryCreator$Params_Decorated: loaded 2 times (x 134B)
Class com.android.build.gradle.internal.ide.v2.GlobalSyncService$RegistrationAction   : loaded 2 times (x 76B)
Class com.android.build.gradle.internal.ide.dependencies.MavenCoordinatesCacheBuildService$Parameters: loaded 2 times (x 72B)
Class com.google.protobuf.Extension                                                   : loaded 2 times (x 87B)
Class com.google.wireless.android.sdk.stats.GradleBuildProfile                        : loaded 2 times (x 249B)
Class com.google.protobuf.MessageOrBuilder                                            : loaded 2 times (x 72B)
Class org.jetbrains.kotlin.gradle.utils.ProviderApiUtilsKt$mapOrNull$1                : loaded 2 times (x 77B)
Class org.jetbrains.plugins.gradle.tooling.serialization.internal.IdeaProjectSerializationService$1: loaded 2 times (x 78B)
Class org.jetbrains.plugins.gradle.model.GradleConvention                             : loaded 2 times (x 72B)
Class com.android.tools.idea.gradle.project.sync.LibraryIdentity$LibraryIdentityProvider: loaded 2 times (x 74B)
Class org.gradle.tooling.model.SourceDirectory                                        : loaded 2 times (x 72B)
Class com.intellij.openapi.util.io.FileUtilRt                                         : loaded 2 times (x 73B)
Class com.android.build.gradle.internal.dsl.OptimizationImpl$AgpDecorated_Decorated   : loaded 2 times (x 139B)
Class com.android.build.api.variant.LintLifecycleExtension                            : loaded 2 times (x 72B)
Class org.gradle.internal.impldep.com.google.common.base.Preconditions                : loaded 2 times (x 73B)
Class org.gradle.tooling.model.idea.IdeaSingleEntryLibraryDependency                  : loaded 2 times (x 72B)
Class org.gradle.tooling.model.ExternalDependency                                     : loaded 2 times (x 72B)
Class com.android.tools.idea.gradle.project.sync.ModelConsumerVersion                 : loaded 2 times (x 77B)
Class org.gradle.internal.classloader.VisitableURLClassLoader$InstrumentingVisitableURLClassLoader: loaded 2 times (x 124B)
Class org.gradle.kotlin.dsl.AndroidTestImplementationConfigurationAccessorsKt         : loaded 2 times (x 73B)
Class com.sun.xml.bind.v2.model.impl.RuntimeBuiltinLeafInfoImpl$28                    : loaded 2 times (x 78B)
Class [Lcom.sun.xml.bind.v2.util.QNameMap$Entry;                                      : loaded 2 times (x 71B)
Class com.sun.xml.bind.unmarshaller.InfosetScanner                                    : loaded 2 times (x 72B)
Class [Lcom.android.build.gradle.internal.scope.InternalArtifactType;                 : loaded 2 times (x 71B)
Class com.android.build.gradle.internal.scope.InternalArtifactType$PREFAB_PACKAGE_CONFIGURATION: loaded 2 times (x 76B)
Class com.android.build.gradle.internal.api.TestVariantImpl                           : loaded 2 times (x 264B)
Class com.android.build.gradle.internal.dependency.ExtractProGuardRulesTransform$Parameters_Decorated: loaded 2 times (x 137B)
Class com.android.build.gradle.internal.SdkComponentsBuildService$sdkHandlerDelegate$1: loaded 2 times (x 81B)
Class com.android.tools.utp.gradle.api.UtpDependency                                  : loaded 2 times (x 81B)
Class com.android.build.gradle.tasks.PackageApplication$CreationAction$handleProvider$operationRequest$2: loaded 2 times (x 133B)
Class com.android.build.gradle.internal.tasks.DexArchiveBuilderTask$CreationAction$handleProvider$11: loaded 2 times (x 80B)
Class org.jetbrains.kotlin.compose.compiler.gradle.ComposeCompilerGradleSubplugin$applyToCompilation$allPluginProperties$1$1: loaded 2 times (x 76B)
Class org.jetbrains.kotlin.gradle.utils.ProjectExtensionsKt                           : loaded 2 times (x 73B)
Class org.jetbrains.kotlin.gradle.plugin.hierarchy.KotlinSourceSetTreeClassifier      : loaded 2 times (x 72B)
Class org.jetbrains.kotlin.gradle.plugin.mpp.KotlinNativeTarget                       : loaded 2 times (x 169B)
Class org.jetbrains.kotlin.gradle.plugin.mpp.compilationImpl.KotlinCompilationAssociator: loaded 2 times (x 72B)
Class com.android.build.api.variant.impl.JniLibsApkPackagingImpl                      : loaded 2 times (x 88B)
Class com.android.build.api.variant.DexPackagingOptions                               : loaded 2 times (x 72B)
Class com.android.build.gradle.internal.tasks.CheckAarMetadataTask$CreationAction$handleProvider$1: loaded 2 times (x 133B)
Class com.android.build.api.artifact.SingleArtifact$ASSETS                            : loaded 2 times (x 76B)
Class com.android.build.gradle.internal.dependency.AndroidAttributes                  : loaded 2 times (x 74B)
Class com.android.build.gradle.internal.AndroidTestTaskManager$createTopLevelTasks$1  : loaded 2 times (x 76B)
Class com.android.build.gradle.tasks.CompileNavigationXmlTask$CreationAction          : loaded 2 times (x 93B)
Class com.android.build.gradle.internal.tasks.CompressAssetsTask$CreationAction       : loaded 2 times (x 92B)
Class com.android.build.api.component.impl.DeviceTestImpl$manifestPlaceholdersCreationConfig$2: loaded 2 times (x 81B)
Class com.android.build.gradle.internal.publishing.AndroidArtifacts$ArtifactType      : loaded 2 times (x 81B)
Class com.android.build.api.variant.impl.HasTestFixtures                              : loaded 2 times (x 72B)
Class com.android.build.gradle.internal.core.dsl.impl.ApplicationVariantDslInfoImpl$signingConfigResolver$2: loaded 2 times (x 81B)
Class com.android.build.gradle.internal.core.dsl.impl.DslInfoUtilsKt$computeMergedOptions$1: loaded 2 times (x 81B)
Class com.android.build.gradle.internal.tasks.ExtractProguardFiles$CreationAction     : loaded 2 times (x 92B)
Class com.android.build.api.artifact.impl.InternalScopedArtifacts$InternalScope       : loaded 2 times (x 81B)
Class com.android.build.gradle.internal.dsl.BundleOptionsAiModelVersion$AgpDecorated_Decorated: loaded 2 times (x 132B)
Class com.android.build.gradle.internal.variant.LegacyVariantInputManager$1           : loaded 2 times (x 77B)
Class com.android.builder.internal.BaseConfigImpl$Companion                           : loaded 2 times (x 73B)
Class com.android.build.gradle.internal.tasks.factory.GlobalTaskCreationConfigImpl$versionedNdkHandler$2: loaded 2 times (x 81B)
Class com.android.ide.common.gradle.DEV                                               : loaded 2 times (x 79B)
Class org.jetbrains.kotlin.gradle.plugin.KotlinSourceSetTree$Companion                : loaded 2 times (x 73B)
Class org.jetbrains.kotlin.gradle.plugin.KotlinGradleBuildServices$Parameters         : loaded 2 times (x 72B)
Class com.android.build.gradle.internal.TaskManager$Companion$createTasksBeforeEvaluate$5: loaded 2 times (x 76B)
Class com.android.build.gradle.internal.core.dsl.impl.ApplicationVariantDslInfoImpl$generateLocaleConfig$2: loaded 2 times (x 81B)
Class com.android.build.gradle.internal.errors.DeprecationReporter$DeprecationTarget  : loaded 2 times (x 81B)
Class com.android.build.gradle.internal.plugins.BasePlugin$sdkComponentsBuildService$2: loaded 2 times (x 81B)
Class com.android.build.gradle.internal.core.dsl.TestedVariantDslInfo                 : loaded 2 times (x 72B)
Class com.android.build.gradle.internal.variant.AbstractAppVariantFactory             : loaded 2 times (x 108B)
Class org.jetbrains.plugins.gradle.tooling.serialization.internal.IdeaProjectSerializationService$2: loaded 2 times (x 79B)
Class com.android.build.gradle.internal.core.dsl.impl.features.RenderscriptDslInfoImpl: loaded 2 times (x 81B)
Class com.android.build.gradle.internal.publishing.AndroidArtifacts$PublishedConfigType: loaded 2 times (x 81B)
Class com.android.tools.idea.gradle.project.sync.AllVariantsSyncActionOptions         : loaded 2 times (x 75B)
Class com.android.tools.idea.gradle.model.impl.IdeProductFlavorImpl                   : loaded 2 times (x 103B)
Class com.android.build.gradle.internal.component.TestComponentCreationConfig         : loaded 2 times (x 72B)
Class com.android.build.api.variant.impl.BundleConfigImpl                             : loaded 2 times (x 78B)
Class com.android.build.api.artifact.InAndOutDirectoryOperationRequest                : loaded 2 times (x 72B)
Class com.android.build.api.variant.impl.JniLibsPackagingImpl$excludes$1              : loaded 2 times (x 77B)
Class com.android.build.api.variant.JniLibsApkPackaging                               : loaded 2 times (x 72B)
Class org.jetbrains.kotlin.gradle.ExternalKotlinTargetApi                             : loaded 2 times (x 72B)
Class com.android.build.gradle.internal.scope.InternalMultipleArtifactType            : loaded 2 times (x 76B)
Class com.android.build.gradle.internal.tasks.SigningConfigWriterTask                 : loaded 2 times (x 339B)
Class com.android.build.api.component.impl.DefaultSourcesProviderImpl$getKotlin$1     : loaded 2 times (x 133B)
Class com.intellij.gradle.toolingExtension.impl.model.taskModel.GradleTaskModelProvider: loaded 2 times (x 80B)
Class org.gradle.internal.classloader.VisitableURLClassLoader$Spec                    : loaded 2 times (x 76B)
Class org.gradle.internal.classpath.DefaultClassPath                                  : loaded 2 times (x 92B)
Class com.sun.xml.bind.v2.model.core.NonElement                                       : loaded 2 times (x 72B)
Class com.sun.xml.bind.v2.ContextFactory                                              : loaded 2 times (x 73B)
Class com.android.repository.impl.meta.SchemaModuleUtil                               : loaded 2 times (x 73B)
Class com.android.sdklib.repository.generated.common.v4.package-info                  : loaded 2 times (x 72B)
Class com.android.build.gradle.internal.errors.SyncIssueReporterImpl$GlobalSyncIssueService$Inject_: loaded 2 times (x 104B)
Class org.jetbrains.kotlin.gradle.plugin.KotlinJsCompilerTypeHolder                   : loaded 2 times (x 72B)
Class com.android.build.gradle.internal.scope.BuildArtifactType$JAVA_COMPILE_CLASSPATH: loaded 2 times (x 76B)
Class com.android.build.gradle.api.SourceKind                                         : loaded 2 times (x 81B)
Class com.android.build.gradle.tasks.factory.AndroidUnitTest                          : loaded 2 times (x 584B)
Class [Lcom.android.build.gradle.internal.tasks.DeviceProviderInstrumentTestTask$CreationAction$Type;: loaded 2 times (x 71B)
Class com.android.build.api.artifact.SingleArtifact$VERSION_CONTROL_INFO_FILE         : loaded 2 times (x 76B)
Class com.android.build.gradle.internal.tasks.DexArchiveBuilderTask$CreationAction$handleProvider$12: loaded 2 times (x 80B)
Class org.jetbrains.kotlin.compose.compiler.gradle.ComposeCompilerGradleSubplugin$applyToCompilation$allPluginProperties$1$2: loaded 2 times (x 76B)
Class [Lorg.jetbrains.kotlin.gradle.plugin.HasProject;                                : loaded 2 times (x 71B)
Class org.jetbrains.kotlin.gradle.utils.MutableObservableSetImpl                      : loaded 2 times (x 165B)
Class org.jetbrains.kotlin.gradle.plugin.mpp.compilationImpl.KotlinCompilationSourceSetInclusion$AddSourcesToCompileTask: loaded 2 times (x 72B)
Class com.android.build.gradle.internal.scope.InternalArtifactType$JAVAC              : loaded 2 times (x 76B)
Class com.android.build.gradle.internal.res.GenerateLibraryRFileTask$CreationAction$handleProvider$1: loaded 2 times (x 133B)
Class com.android.build.api.artifact.impl.OperationRequestsImplKt                     : loaded 2 times (x 73B)
Class com.android.build.gradle.internal.AndroidTestTaskManager$createTopLevelTasks$2  : loaded 2 times (x 77B)
Class com.android.build.gradle.internal.core.dsl.impl.ApplicationVariantDslInfoImpl$versionCode$2$versionCodeFromFlavors$1: loaded 2 times (x 80B)
Class com.android.build.api.component.impl.ComponentIdentityImpl                      : loaded 2 times (x 80B)
Class com.android.build.gradle.internal.tasks.factory.GlobalTaskNamesImpl             : loaded 2 times (x 83B)
Class com.android.build.gradle.internal.services.FakeDependencyJarBuildService$Inject_: loaded 2 times (x 104B)
Class com.android.build.gradle.internal.variant.LegacyVariantInputManager$2           : loaded 2 times (x 76B)
Class com.android.build.gradle.internal.cxx.logging.ThreadLoggingEnvironment$Companion$BottomLoggingEnvironment: loaded 2 times (x 82B)
Class com.android.build.api.dsl.Splits                                                : loaded 2 times (x 72B)
Class com.android.build.gradle.internal.dsl.BundleOptionsStoreArchive                 : loaded 2 times (x 79B)
Class org.jetbrains.kotlin.gradle.dsl.DefaultToolchainSupport$wireToolchainToTasks$1  : loaded 2 times (x 77B)
Class [Lorg.jetbrains.kotlin.build.report.metrics.GradleBuildTime;                    : loaded 2 times (x 71B)
Class org.jetbrains.kotlin.gradle.internal.properties.PropertiesBuildService$MemoizedCallable: loaded 2 times (x 77B)
Class org.jetbrains.kotlin.gradle.plugin.internal.DefaultMavenPublicationComponentAccessorFactory: loaded 2 times (x 78B)
Class org.jetbrains.kotlin.gradle.tasks.KotlinTasksProvider                           : loaded 2 times (x 74B)
Class org.jetbrains.kotlin.gradle.dsl.KotlinCommonCompilerOptions                     : loaded 2 times (x 72B)
Class com.google.protobuf.Reader                                                      : loaded 2 times (x 72B)
Class com.google.common.collect.Maps$UnmodifiableBiMap                                : loaded 2 times (x 155B)
Class com.android.builder.errors.IssueReporter$Companion                              : loaded 2 times (x 73B)
Class jdk.internal.jimage.decompressor.ZipDecompressorFactory                         : loaded 2 times (x 76B)
Class org.gradle.accessors.dm.LibrariesForLibsInPluginsBlock$KotlinPluginAccessors    : loaded 2 times (x 76B)
Class org.jetbrains.plugins.gradle.tooling.serialization.internal.IdeaProjectSerializationService$3: loaded 2 times (x 79B)
Class com.android.build.gradle.internal.DependencyConfigurator$configureGeneralTransforms$6: loaded 2 times (x 81B)
Class com.android.build.gradle.internal.tasks.factory.BootClasspathConfigImpl$sam$org_gradle_api_Transformer$0: loaded 2 times (x 77B)
Class com.android.tools.idea.gradle.model.IdeAndroidLibrary                           : loaded 2 times (x 72B)
Class com.android.build.gradle.internal.tasks.factory.BootClasspathConfigImpl$fullBootClasspathProvider$2$3: loaded 2 times (x 133B)
Class [Lcom.android.tools.idea.gradle.project.sync.AndroidModule$NativeModelVersion;  : loaded 2 times (x 71B)
Class com.android.tools.idea.gradle.model.impl.IdeAndroidProjectImpl$Companion        : loaded 2 times (x 73B)
Class com.android.tools.idea.gradle.model.impl.IdeAaptOptionsImpl                     : loaded 2 times (x 77B)
Class com.android.build.gradle.internal.publishing.PublishingSpecsKt                  : loaded 2 times (x 73B)
Class com.android.sdklib.repository.legacy.FileOp                                     : loaded 2 times (x 79B)
Class com.sun.xml.bind.v2.model.core.Element                                          : loaded 2 times (x 72B)
Class com.intellij.gradle.toolingExtension.modelAction.GradleModelFetchPhase$BuildFinished: loaded 2 times (x 72B)
Class org.jetbrains.kotlin.idea.projectModel.KotlinTarget$Companion                   : loaded 2 times (x 73B)
Class org.gradle.tooling.internal.adapter.ProtocolToModelAdapter$ClassMixInMethodInvoker: loaded 2 times (x 78B)
Class org.jetbrains.kotlin.idea.gradleTooling.AndroidAwareGradleModelProvider$populateModels$1: loaded 2 times (x 76B)
Class com.android.tools.idea.gradle.model.IdeBaseArtifactCore                         : loaded 2 times (x 72B)
Class com.android.tools.idea.gradle.model.IdeViewBindingOptions                       : loaded 2 times (x 72B)
Class org.gradle.tooling.internal.consumer.versioning.VersionDetails$R26VersionDetails: loaded 2 times (x 82B)
Class com.sun.xml.bind.v2.model.core.ClassInfo                                        : loaded 2 times (x 72B)
Class com.android.repository.impl.generated.v1.package-info                           : loaded 2 times (x 72B)
Class com.android.sdklib.repository.generated.addon.v4.package-info                   : loaded 2 times (x 72B)
Class com.android.build.gradle.internal.tasks.UnsafeOutputsTask                       : loaded 2 times (x 335B)
Class com.android.build.gradle.internal.dependency.RecalculateStackFramesTransform$Inject_1: loaded 2 times (x 112B)
Class com.android.build.gradle.internal.HostTestTaskManager$setupJavaCompilationTasks$1: loaded 2 times (x 77B)
Class com.android.build.gradle.internal.tasks.creationconfig.ProcessTestManifestCreationConfigKt: loaded 2 times (x 73B)
Class com.android.build.gradle.internal.tasks.PerModuleBundleTask$CreationAction$handleProvider$1: loaded 2 times (x 133B)
Class com.android.build.gradle.internal.tasks.DexArchiveBuilderTask$CreationAction$handleProvider$13: loaded 2 times (x 80B)
Class org.jetbrains.kotlin.compose.compiler.gradle.ComposeCompilerGradleSubplugin$applyToCompilation$allPluginProperties$1$3: loaded 2 times (x 77B)
Class org.jetbrains.kotlin.compose.compiler.gradle.internal.ComposeWithAgpConfig$AgpConfigurationProvider: loaded 2 times (x 72B)
Class org.jetbrains.kotlin.gradle.plugin.KotlinSourceSet$Companion                    : loaded 2 times (x 73B)
Class org.jetbrains.kotlin.gradle.plugin.mpp.compilationImpl.KotlinCompilationImpl    : loaded 2 times (x 142B)
Class [Lorg.jetbrains.kotlin.gradle.plugin.mpp.compilationImpl.factory.KotlinCompilationImplFactory$PostConfigure;: loaded 2 times (x 71B)
Class com.android.build.gradle.tasks.JavaCompileCreationAction                        : loaded 2 times (x 92B)
Class com.android.build.gradle.internal.res.GenerateLibraryRFileTask$CreationAction$handleProvider$2: loaded 2 times (x 133B)
Class com.android.build.gradle.tasks.MergeSourceSetFolders                            : loaded 2 times (x 347B)
Class com.android.build.gradle.internal.AndroidTestTaskManager$createTopLevelTasks$3  : loaded 2 times (x 76B)
Class com.android.build.gradle.internal.scope.HostTestBuildFeaturesValuesImpl         : loaded 2 times (x 102B)
Class com.android.build.api.variant.impl.VariantImpl$buildConfigCreationConfig$2      : loaded 2 times (x 81B)
Class com.android.build.gradle.internal.dependency.SourceTypeAttributeKt              : loaded 2 times (x 73B)
Class com.android.build.api.artifact.impl.ArtifactsImpl$lookupProjectScopedArtifactsContainer$1: loaded 2 times (x 81B)
Class com.android.build.gradle.internal.dsl.PackagingOptions$AgpDecorated             : loaded 2 times (x 117B)
Class com.android.build.api.dsl.EmulatorControl                                       : loaded 2 times (x 72B)
Class com.android.build.gradle.internal.variant.LegacyVariantInputManager$3           : loaded 2 times (x 77B)
Class com.android.build.gradle.internal.dsl.AarMetadataImpl$AgpDecorated_Decorated    : loaded 2 times (x 145B)
Class com.android.build.gradle.internal.dsl.CompileSdkDelegate                        : loaded 2 times (x 91B)
Class com.android.build.gradle.internal.dsl.CoreNdkOptions                            : loaded 2 times (x 72B)
Class com.android.build.gradle.internal.dsl.decorator.AndroidPluginDslDecoratorKt     : loaded 2 times (x 73B)
Class com.android.build.gradle.internal.utils.KgpVersion$Companion                    : loaded 2 times (x 73B)
Class org.jetbrains.kotlin.konan.util.Named                                           : loaded 2 times (x 72B)
Class [Lorg.jetbrains.kotlin.gradle.report.BuildReportMode;                           : loaded 2 times (x 71B)
Class org.jetbrains.kotlin.gradle.plugin.AbstractKotlinAndroidPluginWrapper           : loaded 2 times (x 88B)
Class com.android.build.gradle.internal.services.BuiltInKotlinServices$AvailabilityReason$BuiltInKotlinBooleanOptionEnabled: loaded 2 times (x 73B)
Class com.google.protobuf.AbstractMessage$BuilderParent                               : loaded 2 times (x 72B)
Class com.google.common.base.CharMatcher$Ascii                                        : loaded 2 times (x 114B)
Class com.android.tools.idea.gradle.project.sync.SyncProjectActionWorker$populateAndroidModels$2$variantDiscovery$1: loaded 2 times (x 80B)
Class com.android.tools.idea.gradle.model.impl.IdeUnresolvedLibraryTable              : loaded 2 times (x 72B)
Class org.gradle.accessors.dm.LibrariesForLibs                                        : loaded 2 times (x 85B)
Class com.android.build.gradle.internal.plugins.AppPlugin                             : loaded 2 times (x 99B)
Class com.android.build.gradle.internal.plugins.BasePlugin$managedDeviceRegistry$2    : loaded 2 times (x 81B)
Class com.android.build.gradle.internal.plugins.BasePlugin$bootClasspathConfig$2      : loaded 2 times (x 81B)
Class com.android.build.gradle.internal.plugins.AndroidPluginBaseServices$settingsExtension$2: loaded 2 times (x 81B)
Class com.android.tools.idea.gradle.model.impl.IdeVariantCoreSerializable             : loaded 2 times (x 72B)
Class com.android.builder.model.v2.models.ndk.NativeBuildSystem                       : loaded 2 times (x 81B)
Class com.android.tools.idea.gradle.model.IdeCompositeBuildMap                        : loaded 2 times (x 72B)
Class org.gradle.tooling.model.cpp.CppBinary                                          : loaded 2 times (x 72B)
Class com.android.build.gradle.options.FutureStage                                    : loaded 2 times (x 74B)
Class org.gradle.internal.classloader.ClassLoaderSpec                                 : loaded 2 times (x 73B)
Class javax.xml.bind.ModuleUtil                                                       : loaded 2 times (x 73B)
Class com.android.repository.impl.meta.RepoPackageImpl$Archives                       : loaded 2 times (x 74B)
Class com.android.sdklib.repository.meta.SysImgFactory                                : loaded 2 times (x 74B)
Class com.android.build.gradle.internal.services.VersionedSdkLoaderService$sam$java_util_concurrent_Callable$0: loaded 2 times (x 77B)
Class com.android.build.gradle.internal.VariantTaskManager$configureKotlinPluginTasksIfNecessary$1: loaded 2 times (x 81B)
Class com.android.build.gradle.internal.dependency.DexingOutputSplitTransformKt$registerTransformWithOutputType$1$1: loaded 2 times (x 77B)
Class com.android.build.gradle.internal.utils.DesugarLibConfigExtractor$Inject_1      : loaded 2 times (x 111B)
Class com.android.build.gradle.internal.dependency.MockableJarTransform$Parameters    : loaded 2 times (x 72B)
Class com.android.build.gradle.internal.cxx.logging.LoggingEnvironment                : loaded 2 times (x 72B)
Class com.android.build.gradle.internal.scope.InternalArtifactType$GLOBAL_SYNTHETICS_MIXED_SCOPE: loaded 2 times (x 76B)
Class org.jetbrains.kotlin.compose.compiler.gradle.ComposeCompilerGradleSubplugin$applyToCompilation$allPluginProperties$1$4: loaded 2 times (x 76B)
Class org.jetbrains.kotlin.gradle.plugin.mpp.KotlinCompilationsKt$moduleNameForCompilation$1: loaded 2 times (x 77B)
Class org.jetbrains.kotlin.gradle.plugin.mpp.KotlinCompilationsKt$addSourcesToKotlinCompileTask$1: loaded 2 times (x 77B)
Class org.jetbrains.kotlin.gradle.plugin.diagnostics.TransformActionUsingKotlinToolingDiagnostics$Parameters: loaded 2 times (x 72B)
Class org.jetbrains.kotlin.compilerRunner.CompilerSystemPropertiesService$Companion$registerIfAbsent$2$1: loaded 2 times (x 81B)
Class com.android.build.gradle.internal.tasks.creationconfig.JavaCompileCreationConfigKt: loaded 2 times (x 73B)
Class com.android.build.gradle.internal.tasks.creationconfig.BaseJavaPreCompileTaskCreationConfig: loaded 2 times (x 106B)
Class com.android.build.gradle.internal.res.GenerateLibraryRFileTask$CreationAction$handleProvider$3: loaded 2 times (x 133B)
Class com.android.build.gradle.internal.TaskManager$MergeType$MERGE                   : loaded 2 times (x 82B)
Class com.android.build.gradle.internal.scope.InternalArtifactType$MANIFEST_METADATA  : loaded 2 times (x 76B)
Class com.android.build.api.component.impl.features.OptimizationCreationConfigImpl$consumerProguardFilePaths$2: loaded 2 times (x 81B)
Class com.android.build.gradle.internal.AndroidTestTaskManager$createTopLevelTasks$4  : loaded 2 times (x 77B)
Class com.android.build.api.variant.impl.VariantImpl$renderscriptCreationConfig$2     : loaded 2 times (x 81B)
Class com.android.build.gradle.internal.component.TestFixturesCreationConfig          : loaded 2 times (x 72B)
Class com.android.build.gradle.internal.plugins.BasePlugin$createAndroidTasks$1       : loaded 2 times (x 79B)
Class com.android.build.gradle.internal.lint.AndroidLintGlobalTask$LintFixCreationAction: loaded 2 times (x 93B)
Class com.android.build.gradle.internal.lint.AndroidLintGlobalTask$BaseGlobalCreationAction: loaded 2 times (x 93B)
Class com.android.build.gradle.ProguardFiles                                          : loaded 2 times (x 73B)
Class com.android.builder.core.DefaultDexOptions                                      : loaded 2 times (x 101B)
Class com.android.build.gradle.api.ApkVariant                                         : loaded 2 times (x 72B)
Class com.android.build.gradle.internal.dsl.ResourcesPackagingImpl$AgpDecorated_Decorated: loaded 2 times (x 131B)
Class com.android.build.gradle.internal.variant.LegacyVariantInputManager$4           : loaded 2 times (x 76B)
Class com.android.build.gradle.internal.api.artifact.SourceArtifactType$KEEP_RULES    : loaded 2 times (x 76B)
Class com.android.build.gradle.internal.api.artifact.SourceArtifactType$RENDERSCRIPT  : loaded 2 times (x 76B)
Class com.android.build.gradle.internal.dsl.NdkOptions_Decorated                      : loaded 2 times (x 167B)
Class com.android.build.gradle.internal.dsl.decorator.DslDecorator$ManagedProperty    : loaded 2 times (x 74B)
Class com.google.gson.internal.bind.TypeAdapters$34                                   : loaded 2 times (x 78B)
Class org.jetbrains.kotlin.gradle.internal.properties.PropertiesBuildService$GradleProperty: loaded 2 times (x 72B)
Class org.jetbrains.kotlin.gradle.utils.StoredPropertyKt$projectStoredProperty$1      : loaded 2 times (x 80B)
Class org.jetbrains.kotlin.gradle.internal.Kapt3GradleSubplugin$Companion             : loaded 2 times (x 73B)
Class com.android.prefs.VariableType                                                  : loaded 2 times (x 81B)
Class com.google.protobuf.Internal                                                    : loaded 2 times (x 73B)
Class com.android.tools.analytics.Environment                                         : loaded 2 times (x 75B)
Class com.android.build.gradle.internal.errors.DeprecationReporter                    : loaded 2 times (x 72B)
Class org.jetbrains.kotlin.gradle.plugin.sources.DefaultKotlinSourceSetFactory        : loaded 2 times (x 82B)
Class com.android.build.api.dsl.LibraryAndroidResources                               : loaded 2 times (x 72B)
Class com.android.build.gradle.options.ApiStage$Stable                                : loaded 2 times (x 74B)
Class com.android.build.gradle.internal.crash.CrashReporting                          : loaded 2 times (x 73B)
Class com.android.build.api.variant.Component                                         : loaded 2 times (x 72B)
Class org.gradle.accessors.dm.LibrariesForLibsInPluginsBlock$AndroidxNavigationLibraryAccessors: loaded 2 times (x 80B)
Class org.gradle.accessors.dm.LibrariesForLibs$AndroidxEspressoLibraryAccessors       : loaded 2 times (x 79B)
Class org.gradle.accessors.dm.LibrariesForLibs$VersionAccessors                       : loaded 2 times (x 88B)
Class com.android.build.gradle.internal.dsl.decorator.DslDecorator$Companion$classLoaderDefineClass$2: loaded 2 times (x 80B)
Class com.android.build.api.dsl.ExternalNativeBuildFlags                              : loaded 2 times (x 72B)
Class com.android.tools.idea.gradle.model.LibraryReference                            : loaded 2 times (x 74B)
Class com.android.tools.idea.gradle.model.IdeAaptOptions                              : loaded 2 times (x 72B)
Class com.android.builder.model.v2.ide.TestSuite                                      : loaded 2 times (x 72B)
Class com.google.common.collect.SortedLists$KeyAbsentBehavior$1                       : loaded 2 times (x 82B)
Class com.android.build.gradle.internal.dsl.BundleOptions$AgpDecorated                : loaded 2 times (x 141B)
Class com.google.wireless.android.sdk.stats.ProjectApiUse                             : loaded 2 times (x 199B)
Class org.jetbrains.kotlin.idea.gradleTooling.IdeaKpmProjectProvider                  : loaded 2 times (x 80B)
Class com.android.repository.impl.generated.v2.LicenseRefType                         : loaded 2 times (x 79B)
Class com.android.sdklib.repository.AndroidSdkHandler$DefaultInstanceProvider         : loaded 2 times (x 77B)
Class com.android.sdklib.repository.generated.repository.v4.package-info              : loaded 2 times (x 72B)
Class com.android.repository.api.ProgressIndicatorAdapter                             : loaded 2 times (x 109B)
Class com.android.build.gradle.internal.VariantTaskManager$configureKotlinPluginTasksIfNecessary$2: loaded 2 times (x 81B)
Class com.android.build.gradle.internal.SdkComponentsBuildService$VersionedSdkLoader  : loaded 2 times (x 74B)
Class com.android.build.gradle.internal.dependency.ShrinkerVersion                    : loaded 2 times (x 77B)
Class org.jetbrains.kotlin.compose.compiler.gradle.ComposeCompilerGradleSubplugin$applyToCompilation$allPluginProperties$1$5: loaded 2 times (x 76B)
Class org.jetbrains.kotlin.gradle.tasks.configuration.TaskConfigAction$configureTask$1: loaded 2 times (x 81B)
Class com.android.build.gradle.internal.scope.InternalArtifactType$LOCAL_ONLY_SYMBOL_LIST: loaded 2 times (x 76B)
Class com.android.build.gradle.internal.tasks.CheckAarMetadataTask$CreationAction     : loaded 2 times (x 92B)
Class com.android.build.gradle.tasks.MergeResources$CreationAction$handleProvider$1   : loaded 2 times (x 80B)
Class com.android.build.gradle.tasks.MergeResources$CreationAction                    : loaded 2 times (x 95B)
Class com.android.build.gradle.internal.core.dsl.impl.SigningConfigResolver$Companion : loaded 2 times (x 73B)
Class com.android.build.gradle.internal.variant.VariantComponentInfo                  : loaded 2 times (x 74B)
Class com.android.build.api.variant.impl.ApplicationVariantImpl$targetSdk$2           : loaded 2 times (x 81B)
Class com.android.build.api.variant.GeneratesAar                                      : loaded 2 times (x 72B)
Class com.android.build.api.variant.Aidl                                              : loaded 2 times (x 72B)
Class com.google.protobuf.Internal$ListAdapter$Converter                              : loaded 2 times (x 72B)
Class com.android.build.gradle.internal.tasks.factory.BootClasspathConfigImpl$fullBootClasspath$2: loaded 2 times (x 81B)
Class com.android.build.gradle.internal.dsl.BundleOptionsDeviceGroup$AgpDecorated     : loaded 2 times (x 87B)
Class com.android.build.gradle.internal.dsl.EmulatorControl                           : loaded 2 times (x 85B)
Class com.android.build.gradle.internal.dsl.TestOptions_Decorated                     : loaded 2 times (x 172B)
Class com.android.build.gradle.internal.variant.LegacyVariantInputManager$5           : loaded 2 times (x 77B)
Class com.android.build.gradle.options.SigningOptions                                 : loaded 2 times (x 74B)
Class com.android.build.gradle.internal.services.TaskCreationServicesImpl             : loaded 2 times (x 104B)
Class com.android.build.gradle.internal.dsl.MinCompileSdkSpecImpl                     : loaded 2 times (x 86B)
Class com.android.build.gradle.api.ViewBindingOptions                                 : loaded 2 times (x 72B)
Class com.android.build.api.dsl.Split                                                 : loaded 2 times (x 72B)
Class com.android.build.api.dsl.LibraryDefaultConfig                                  : loaded 2 times (x 72B)
Class org.jetbrains.kotlin.gradle.dsl.JvmTarget                                       : loaded 2 times (x 81B)
Class org.jetbrains.kotlin.gradle.internal.ClassLoadersCachingBuildService            : loaded 2 times (x 78B)
Class org.jetbrains.kotlin.gradle.plugin.internal.DefaultJavaExecTaskParametersCompatibility$Factory: loaded 2 times (x 78B)
Class org.jetbrains.kotlin.gradle.plugin.VariantImplementationFactoriesConfigurator$Companion: loaded 2 times (x 73B)
Class com.android.build.gradle.internal.TaskManager$Companion$createTasksBeforeEvaluate$4: loaded 2 times (x 77B)
Class com.android.tools.analytics.CommonMetricsData$GarbageCollectionStatsDiffs       : loaded 2 times (x 73B)
Class com.android.build.gradle.internal.core.dsl.impl.ApplicationVariantDslInfoImpl$dexingDslInfo$2: loaded 2 times (x 81B)
Class com.android.build.api.variant.impl.ApkPackagingImpl                             : loaded 2 times (x 91B)
Class com.android.build.gradle.options.Version                                        : loaded 2 times (x 81B)
Class com.android.build.gradle.internal.plugins.BasePlugin$versionedSdkLoaderService$2: loaded 2 times (x 81B)
Class com.android.build.gradle.internal.plugins.AppPlugin$1                           : loaded 2 times (x 88B)
Class org.jetbrains.plugins.gradle.tooling.serialization.internal.IdeaProjectSerializationService$6: loaded 2 times (x 78B)
Class com.android.build.gradle.internal.services.BuiltInKotlinSupportMode             : loaded 2 times (x 73B)
Class [Lcom.android.tools.idea.gradle.model.ClasspathType;                            : loaded 2 times (x 71B)
Class [Lcom.android.builder.model.v2.models.ndk.NativeBuildSystem;                    : loaded 2 times (x 71B)
Class [Lcom.android.tools.idea.gradle.model.IdeArtifactName;                          : loaded 2 times (x 71B)
Class com.google.common.collect.SortedLists$KeyAbsentBehavior$2                       : loaded 2 times (x 82B)
Class com.google.common.collect.Cut$AboveAll                                          : loaded 2 times (x 90B)
Class com.android.build.api.variant.impl.VariantImpl$optimizationCreationConfig$2     : loaded 2 times (x 81B)
Class com.android.build.api.component.impl.DeviceTestImpl$androidResourcesCreationConfig$2: loaded 2 times (x 81B)
Class com.android.build.gradle.internal.scope.UnitTestBuildFeatureValuesImpl          : loaded 2 times (x 89B)
Class com.android.build.gradle.internal.tasks.CheckManifest$CreationAction            : loaded 2 times (x 92B)
Class com.android.tools.idea.gradle.project.sync.SyncCounters                         : loaded 2 times (x 74B)
Class org.jetbrains.plugins.gradle.model.DefaultBuildController                       : loaded 2 times (x 108B)
Class com.android.build.gradle.internal.component.MergeSourceSetFoldersCreationConfig : loaded 2 times (x 72B)
Class com.android.build.gradle.internal.component.ComponentBasedBuiltInKotlinCreationConfig: loaded 2 times (x 113B)
Class org.gradle.tooling.internal.consumer.connection.FetchAwareBuildControllerAdapter: loaded 2 times (x 114B)
Class com.intellij.gradle.toolingExtension.modelProvider.GradleClassBuildModelProvider: loaded 2 times (x 82B)
Class com.google.common.collect.ImmutableMultisetGwtSerializationDependencies         : loaded 2 times (x 127B)
Class [Lcom.google.gson.ReflectionAccessFilter$FilterResult;                          : loaded 2 times (x 71B)
Class Settings_gradle$1$1                                                             : loaded 2 times (x 76B)
Class org.gradle.api.internal.classpath.Module$ModuleAlias                            : loaded 2 times (x 72B)
Class javax.xml.bind.annotation.XmlElementRefs                                        : loaded 2 times (x 72B)
Class com.sun.xml.bind.v2.model.runtime.RuntimeElement                                : loaded 2 times (x 72B)
Class com.android.repository.impl.generated.v2.LicenseType                            : loaded 2 times (x 89B)
Class com.android.repository.impl.generated.v1.RepositoryType                         : loaded 2 times (x 88B)
Class com.android.sdklib.repository.generated.common.v4.ObjectFactory                 : loaded 2 times (x 77B)
Class com.android.sdklib.repository.generated.common.v2.LibraryType                   : loaded 2 times (x 92B)
Class com.android.sdklib.repository.generated.sysimg.v3.ObjectFactory                 : loaded 2 times (x 77B)
Class [Lcom.android.build.gradle.internal.SdkLocator$SdkLocationSource;               : loaded 2 times (x 71B)
Class [Lcom.android.build.gradle.internal.SdkType;                                    : loaded 2 times (x 71B)
Class com.android.build.gradle.internal.scope.BuildArtifactType                       : loaded 2 times (x 76B)
Class com.android.build.gradle.internal.api.AndroidArtifactVariantImpl                : loaded 2 times (x 232B)
Class com.android.build.gradle.internal.dependency.ModelArtifactCompatibilityRule     : loaded 2 times (x 78B)
Class com.android.build.gradle.internal.dependency.DesugarGraph                       : loaded 2 times (x 77B)
Class com.android.build.gradle.internal.dependency.DexingRegistration$ComponentSpecificParameters$Companion: loaded 2 times (x 73B)
Class com.android.build.gradle.internal.utils.DesugarLibUtils$registerDesugarLibConfigExtractorTransformIfAbsent$1: loaded 2 times (x 76B)
Class com.android.build.gradle.internal.dependency.MockableJarTransform               : loaded 2 times (x 80B)
Class com.android.build.gradle.internal.cxx.logging.ThreadLoggingEnvironment          : loaded 2 times (x 84B)
Class com.android.build.gradle.internal.tasks.CheckJetifierTask$CreationAction        : loaded 2 times (x 92B)
Class com.android.build.gradle.internal.tasks.ExtractVersionControlInfoTask$CreationAction: loaded 2 times (x 92B)
Class com.android.build.gradle.internal.tasks.MergeNativeDebugMetadataTask            : loaded 2 times (x 337B)
Class com.android.build.gradle.internal.tasks.BundleToApkTask                         : loaded 2 times (x 339B)
Class com.android.build.gradle.internal.tasks.ApplicationTaskManager$doCreateTasksForVariant$r8DexStartupOptimizationEnabled$1: loaded 2 times (x 76B)
Class com.android.build.gradle.internal.tasks.DexMergingAction                        : loaded 2 times (x 81B)
Class org.jetbrains.kotlin.compose.compiler.gradle.ComposeCompilerGradleSubplugin$applyToCompilation$allPluginProperties$1$6: loaded 2 times (x 76B)
Class org.jetbrains.kotlin.gradle.targets.js.dsl.KotlinWasmSubTargetContainerDsl      : loaded 2 times (x 72B)
Class org.jetbrains.kotlin.gradle.plugin.internal.BuildIdService$Companion            : loaded 2 times (x 73B)
Class com.android.build.api.component.impl.HostTestImpl$buildConfigCreationConfig$2   : loaded 2 times (x 81B)
Class com.android.build.api.component.impl.DeviceTestImpl$renderscript$2              : loaded 2 times (x 81B)
Class com.android.build.api.component.impl.DeviceTestImpl$signingConfig$2             : loaded 2 times (x 81B)
Class com.android.build.api.variant.GeneratesTestApkBuilder                           : loaded 2 times (x 72B)
Class com.android.build.gradle.internal.plugins.BasePlugin$createAndroidTasks$3       : loaded 2 times (x 81B)
Class com.android.build.gradle.internal.lint.AndroidLintGlobalTask$UpdateBaselineCreationAction: loaded 2 times (x 93B)
Class com.android.build.gradle.internal.ide.v2.ModelBuilder$Companion                 : loaded 2 times (x 73B)
Class com.android.build.gradle.internal.api.TestedVariant                             : loaded 2 times (x 72B)
Class com.google.wireless.android.sdk.stats.GradleBuildSplits                         : loaded 2 times (x 220B)
Class com.android.build.gradle.internal.variant.LegacyVariantInputManager$6           : loaded 2 times (x 76B)
Class org.jetbrains.kotlin.gradle.tasks.TasksProviderKt                               : loaded 2 times (x 73B)
Class org.jetbrains.kotlin.gradle.plugin.diagnostics.ToolingDiagnostic                : loaded 2 times (x 74B)
Class org.jetbrains.kotlin.gradle.utils.StoredPropertyStorage                         : loaded 2 times (x 74B)
Class org.jetbrains.kotlin.gradle.plugin.KotlinSourceSetContainer                     : loaded 2 times (x 72B)
Class com.android.build.gradle.internal.services.Aapt2ThreadPoolBuildServiceKt        : loaded 2 times (x 73B)
Class com.android.tools.analytics.HostData$memoryBean$2                               : loaded 2 times (x 80B)
Class org.jetbrains.kotlin.gradle.plugin.mpp.compilationImpl.DefaultKotlinCompilationConfigurationsContainer: loaded 2 times (x 86B)
Class com.android.build.api.variant.impl.SigningConfigImpl$enableV3Signing$1          : loaded 2 times (x 77B)
Class com.android.build.gradle.options.SyncOptions$ErrorFormatMode                    : loaded 2 times (x 81B)
Class com.android.build.gradle.internal.errors.SyncIssueReporter                      : loaded 2 times (x 78B)
Class com.android.build.gradle.internal.plugins.AppPlugin$2                           : loaded 2 times (x 88B)
Class com.android.build.gradle.internal.dsl.InternalTestedExtension                   : loaded 2 times (x 72B)
Class org.jetbrains.plugins.gradle.tooling.serialization.internal.IdeaProjectSerializationService$7: loaded 2 times (x 78B)
Class com.android.tools.idea.gradle.project.sync.DeliverableJavaModule                : loaded 2 times (x 78B)
Class com.intellij.openapi.util.io.FileUtil                                           : loaded 2 times (x 73B)
Class com.android.build.gradle.internal.scope.InternalArtifactType$APP_METADATA       : loaded 2 times (x 76B)
Class com.android.builder.model.v2.ide.TestSuiteArtifact                              : loaded 2 times (x 72B)
Class com.google.common.collect.SortedLists$KeyAbsentBehavior$3                       : loaded 2 times (x 82B)
Class com.android.build.gradle.internal.tasks.FinalizeBundleTask$CreationAction$handleProvider$bundleNameProvider$1: loaded 2 times (x 77B)
Class com.intellij.gradle.toolingExtension.impl.modelAction.GradleDaemonModelHolder$1 : loaded 2 times (x 80B)
Class com.android.build.gradle.internal.SdkComponentsBuildService$sdkDirectoryProvider$1: loaded 2 times (x 77B)
Class com.android.build.gradle.internal.DependencyConfigurator$configureGeneralTransforms$5: loaded 2 times (x 77B)
Class com.android.build.gradle.internal.tasks.factory.BootClasspathConfigImpl$fullBootClasspathProvider$2$2: loaded 2 times (x 133B)
Class com.android.build.gradle.internal.scope.ArtifactPublishingUtil$publishArtifactToConfiguration$1: loaded 2 times (x 77B)
Class com.android.tools.idea.gradle.project.sync.AndroidExtraModelProviderImpl        : loaded 2 times (x 74B)
Class org.gradle.internal.classloader.VisitableURLClassLoader                         : loaded 2 times (x 118B)
Class com.sun.xml.bind.v2.runtime.InternalBridge                                      : loaded 2 times (x 89B)
Class com.android.build.gradle.internal.SdkLocator$SdkLocationSource$TEST_SDK_DIRECTORY: loaded 2 times (x 82B)
Class com.android.build.api.component.impl.OldVariantApiLegacySupportImpl$getVariantOutputs$1: loaded 2 times (x 77B)
Class com.android.build.gradle.internal.api.BaseVariantOutputImpl                     : loaded 2 times (x 114B)
Class com.android.build.gradle.internal.ApiObjectFactory                              : loaded 2 times (x 75B)
Class com.android.build.gradle.internal.utils.D8BackportedMethodsGenerator$Parameters : loaded 2 times (x 72B)
Class com.android.build.gradle.internal.dependency.SubtractingArtifactCollection$SubtractingArtifactResult$artifactResults$1: loaded 2 times (x 81B)
Class com.android.build.gradle.internal.scope.Java8LangSupport                        : loaded 2 times (x 81B)
Class org.jetbrains.kotlin.compose.compiler.gradle.ComposeCompilerGradleSubplugin$applyToCompilation$allPluginProperties$1$7: loaded 2 times (x 76B)
Class org.jetbrains.kotlin.gradle.plugin.mpp.compilationImpl.factory.ConfigurationNaming: loaded 2 times (x 72B)
Class [Lorg.jetbrains.kotlin.tooling.core.HasExtras;                                  : loaded 2 times (x 71B)
Class org.jetbrains.kotlin.gradle.plugin.mpp.compilationImpl.DefaultKotlinCompilationPostConfigureKt: loaded 2 times (x 73B)
Class org.jetbrains.kotlin.gradle.internal.IdeaKt$isInIdeaEnvironment$1               : loaded 2 times (x 76B)
Class org.jetbrains.kotlin.gradle.tasks.configuration.BaseKotlinCompileConfig$configureCommonParameters$1: loaded 2 times (x 76B)
Class com.android.build.api.variant.impl.ResourcesApkPackagingImpl$excludes$1         : loaded 2 times (x 77B)
Class com.android.build.gradle.tasks.MergeSourceSetFolders$GenericMergeCreationAction$handleProvider$1: loaded 2 times (x 133B)
Class com.android.build.gradle.tasks.MergeResources$CreationAction$handleProvider$3   : loaded 2 times (x 80B)
Class com.android.build.gradle.internal.attributes.VariantAttr$ImplFactory            : loaded 2 times (x 77B)
Class com.android.build.gradle.internal.core.dsl.impl.VariantDslInfoImpl$initApplicationId$2: loaded 2 times (x 77B)
Class com.android.build.api.variant.DependenciesInfoBuilder                           : loaded 2 times (x 72B)
Class com.android.build.gradle.internal.core.dsl.impl.VariantDslInfoImpl$applicationId$2: loaded 2 times (x 81B)
Class com.android.build.gradle.internal.plugins.DslContainerProvider$lock$1           : loaded 2 times (x 76B)
Class com.android.build.gradle.internal.tasks.factory.TaskFactory                     : loaded 2 times (x 72B)
Class com.android.builder.core.DexOptions                                             : loaded 2 times (x 72B)
Class com.android.build.gradle.internal.dsl.LintImpl$AgpDecorated                     : loaded 2 times (x 228B)
Class com.android.build.gradle.internal.api.DefaultAndroidSourceSet                   : loaded 2 times (x 229B)
Class com.google.common.base.Converter$FunctionBasedConverter                         : loaded 2 times (x 92B)
Class com.google.common.util.concurrent.AbstractFuture$Waiter                         : loaded 2 times (x 74B)
Class com.google.common.util.concurrent.AbstractFuture$AtomicReferenceFieldUpdaterAtomicHelper: loaded 2 times (x 81B)
Class com.android.build.gradle.internal.dependency.SourceSetManager                   : loaded 2 times (x 75B)
Class org.jetbrains.kotlin.gradle.dsl.DefaultToolchainSupport$wireToolchainToTasks$1$1: loaded 2 times (x 77B)
Class org.jetbrains.kotlin.gradle.utils.SingleActionPerProject                        : loaded 2 times (x 75B)
Class org.jetbrains.kotlin.gradle.plugin.DefaultKotlinBasePlugin                      : loaded 2 times (x 84B)
Class com.android.prefs.AbstractAndroidLocations                                      : loaded 2 times (x 84B)
Class com.google.protobuf.ExtensionRegistryLite                                       : loaded 2 times (x 76B)
Class com.android.repository.impl.meta.PackageDisplayNameQualifier                    : loaded 2 times (x 72B)
Class com.android.repository.impl.generated.v2.LocalPackage                           : loaded 2 times (x 142B)
Class com.android.build.gradle.internal.plugins.AndroidPluginBaseServices$optionService$2: loaded 2 times (x 81B)
Class com.android.build.gradle.internal.plugins.AppPlugin$3                           : loaded 2 times (x 88B)
Class com.android.build.api.variant.AndroidComponentsExtension                        : loaded 2 times (x 72B)
Class org.jetbrains.plugins.gradle.tooling.serialization.internal.IdeaProjectSerializationService$8: loaded 2 times (x 78B)
Class com.sun.xml.bind.v2.runtime.JAXBContextImpl$3                                   : loaded 2 times (x 76B)
Class com.sun.istack.Pool$Impl                                                        : loaded 2 times (x 79B)
Class com.sun.xml.bind.v2.model.impl.RuntimeClassInfoImpl                             : loaded 2 times (x 164B)
Class com.intellij.openapi.util.io.FileUtil$1                                         : loaded 2 times (x 79B)
Class com.sun.xml.bind.v2.runtime.Transducer                                          : loaded 2 times (x 72B)
Class com.sun.xml.bind.v2.model.impl.RuntimeBuiltinLeafInfoImpl$StringImplImpl        : loaded 2 times (x 138B)
Class com.intellij.gradle.toolingExtension.impl.model.sourceSetDependencyModel.GradleSourceSetDependencyModelProvider: loaded 2 times (x 81B)
Class org.jetbrains.kotlin.gradle.idea.tcs.IdeaKotlinDependencyCoordinates            : loaded 2 times (x 72B)
Class com.intellij.gradle.toolingExtension.impl.modelSerialization.ToolingSerializer  : loaded 2 times (x 74B)
Class com.intellij.gradle.toolingExtension.model.repositoryModel.RepositoryModel      : loaded 2 times (x 72B)
Class com.android.builder.model.v2.models.TestSuiteSource                             : loaded 2 times (x 72B)
Class com.android.tools.idea.gradle.model.IdeBuildTypeContainer                       : loaded 2 times (x 72B)
Class com.android.tools.idea.gradle.model.impl.IdeJavaArtifactCoreImpl                : loaded 2 times (x 93B)
Class Settings_gradle                                                                 : loaded 2 times (x 126B)
Class com.sun.xml.bind.v2.model.impl.RuntimeElementInfoImpl                           : loaded 2 times (x 121B)
Class com.android.repository.api.RemotePackage                                        : loaded 2 times (x 72B)
Class com.android.sdklib.repository.generated.sysimg.v5.package-info                  : loaded 2 times (x 72B)
Class com.android.sdklib.repository.generated.sysimg.v1.package-info                  : loaded 2 times (x 72B)
Class com.android.sdklib.repository.meta.DetailsTypes$SourceDetailsType               : loaded 2 times (x 72B)
Class org.jetbrains.kotlin.gradle.dsl.KotlinTargetContainerWithWasmPresetFunctions    : loaded 2 times (x 72B)
Class com.android.build.gradle.internal.dependency.DexingOutputSplitTransformKt       : loaded 2 times (x 73B)
Class com.android.build.gradle.internal.attribution.CheckJetifierBuildService$Parameters: loaded 2 times (x 72B)
Class com.android.build.gradle.internal.test.AbstractTestDataImpl$testCoverageEnabled$1: loaded 2 times (x 81B)
Class org.gradle.accessors.dm.LibrariesForLibsInPluginsBlock$PluginAccessors          : loaded 2 times (x 77B)
Class org.jetbrains.kotlin.compose.compiler.gradle.ComposeCompilerGradleSubplugin$applyToCompilation$allPluginProperties$1$8: loaded 2 times (x 78B)
Class org.jetbrains.kotlin.gradle.plugin.mpp.compilationImpl.KotlinCompilationCompilerOptionsFromTargetConfigurator: loaded 2 times (x 76B)
Class org.jetbrains.kotlin.gradle.plugin.mpp.compilationImpl.factory.DefaultKotlinCompilationSourceSetsContainerFactory$DefaultDefaultSourceSetNaming: loaded 2 times (x 76B)
Class [Lorg.jetbrains.kotlin.gradle.plugin.mpp.compilationImpl.DefaultKotlinCompilationFriendPathsResolver$FriendArtifactResolver;: loaded 2 times (x 71B)
Class org.jetbrains.kotlin.gradle.internal.IdeaKt$isInIdeaEnvironment$2               : loaded 2 times (x 76B)
Class org.jetbrains.kotlin.gradle.tasks.configuration.BaseKotlinCompileConfig$configureCommonParameters$2: loaded 2 times (x 77B)
Class com.android.build.gradle.tasks.MergeResources$CreationAction$handleProvider$4   : loaded 2 times (x 80B)
Class com.android.build.api.variant.TestedComponentPackaging                          : loaded 2 times (x 72B)
Class com.android.build.gradle.internal.component.NestedComponentCreationConfig       : loaded 2 times (x 72B)
Class com.android.build.gradle.internal.core.InternalBaseVariant$MergedFlavor         : loaded 2 times (x 72B)
Class com.android.build.gradle.internal.core.dsl.impl.DslInfoBuilder                  : loaded 2 times (x 74B)
Class com.android.build.gradle.internal.plugins.DslContainerProvider$lock$2           : loaded 2 times (x 76B)
Class com.android.build.api.artifact.impl.PropertyAdapter                             : loaded 2 times (x 72B)
Class com.android.build.gradle.ProguardFiles$ProguardFile                             : loaded 2 times (x 81B)
Class com.android.build.gradle.internal.cxx.configure.NativeModelBuilderOutcomeOrBuilder: loaded 2 times (x 72B)
Class com.android.builder.testing.api.DeviceProvider                                  : loaded 2 times (x 79B)
Class com.android.build.gradle.internal.dsl.ExternalNativeBuild$AgpDecorated_Decorated: loaded 2 times (x 146B)
Class com.android.build.gradle.internal.dsl.DeviceGroupFactory                        : loaded 2 times (x 77B)
Class com.android.build.gradle.options.SyncOptions$EvaluationMode                     : loaded 2 times (x 81B)
Class com.google.gson.internal.bind.TypeAdapters$33                                   : loaded 2 times (x 78B)
Class com.android.build.api.dsl.Ndk                                                   : loaded 2 times (x 72B)
Class com.android.build.api.dsl.BundleStoreArchive                                    : loaded 2 times (x 72B)
Class com.android.build.api.dsl.BundleCodeTransparency                                : loaded 2 times (x 72B)
Class com.google.protobuf.UnknownFieldSet                                             : loaded 2 times (x 89B)
Class org.jetbrains.kotlin.gradle.plugin.GradleUtilsKt                                : loaded 2 times (x 73B)
Class org.jetbrains.kotlin.gradle.internal.properties.PropertiesBuildService$Params$Inject_: loaded 2 times (x 108B)
Class org.jetbrains.kotlin.gradle.internal.properties.PropertiesBuildService          : loaded 2 times (x 78B)
Class org.jetbrains.kotlin.gradle.plugin.BuildFinishedListenerService$Companion$registerIfAbsent$1$1$1: loaded 2 times (x 77B)
Class com.android.builder.profile.ThreadRecorder                                      : loaded 2 times (x 78B)
Class com.google.wireless.android.sdk.stats.GradleBuildProfile$Builder                : loaded 2 times (x 349B)
Class org.jetbrains.kotlin.tooling.core.TypeUtils                                     : loaded 2 times (x 73B)
Class com.android.tools.analytics.AnalyticsSettingsData$Companion                     : loaded 2 times (x 73B)
Class org.jetbrains.kotlin.gradle.plugin.AndroidGradlePluginVersionKt                 : loaded 2 times (x 73B)
Class org.jetbrains.kotlin.gradle.report.ConfigureReporingKt                          : loaded 2 times (x 73B)
Class com.google.gson.InstanceCreator                                                 : loaded 2 times (x 72B)
Class [Lcom.android.builder.errors.IssueReporter$Type;                                : loaded 2 times (x 71B)
Class com.android.build.gradle.internal.plugins.AndroidPluginBaseServices$optionService$2$1: loaded 2 times (x 80B)
Class com.android.build.gradle.internal.core.dsl.ApplicationVariantDslInfo            : loaded 2 times (x 72B)
Class com.android.build.gradle.internal.variant.DimensionCombination                  : loaded 2 times (x 72B)
Class com.android.build.gradle.internal.core.dsl.VariantDslInfo                       : loaded 2 times (x 72B)
Class com.android.build.gradle.internal.variant.VariantFactory                        : loaded 2 times (x 72B)
Class jdk.internal.jimage.decompressor.ZipDecompressor                                : loaded 2 times (x 77B)
Class org.jetbrains.kotlin.gradle.report.ReportingSettings$Companion                  : loaded 2 times (x 73B)
Class org.jetbrains.kotlin.gradle.idea.kpm.IdeaKpmProjectContainer                    : loaded 2 times (x 72B)
Class com.android.tools.idea.gradle.project.sync.IndexedModels                        : loaded 2 times (x 74B)
Class com.intellij.openapi.util.io.FileUtil$2                                         : loaded 2 times (x 84B)
Class com.android.tools.idea.gradle.model.IdeUnresolvedUnknownLibrary                 : loaded 2 times (x 72B)
Class com.android.tools.idea.gradle.model.IdeAndroidProject                           : loaded 2 times (x 72B)
Class org.jetbrains.kotlin.gradle.plugin.mpp.KotlinTargetComponentWithPublication     : loaded 2 times (x 72B)
Class org.jetbrains.kotlin.gradle.plugin.mpp.KotlinAndroidTargetVariantDslImpl        : loaded 2 times (x 77B)
Class com.android.build.gradle.internal.variant.AbstractVariantInputManager$Companion : loaded 2 times (x 73B)
Class com.android.build.gradle.internal.dsl.decorator.SupportedPropertyType$Collection$Map: loaded 2 times (x 76B)
Class com.sun.xml.bind.v2.model.impl.TypeInfoSetImpl$1                                : loaded 2 times (x 82B)
Class com.sun.xml.bind.v2.model.runtime.RuntimeArrayInfo                              : loaded 2 times (x 72B)
Class com.android.repository.impl.generated.generic.v2.ObjectFactory                  : loaded 2 times (x 77B)
Class com.android.repository.impl.generated.v1.DependenciesType                       : loaded 2 times (x 77B)
Class com.android.build.gradle.internal.scope.InternalArtifactType$LINT_VITAL_LINT_MODEL: loaded 2 times (x 76B)
Class com.android.build.gradle.internal.dependency.IdentityTransform$Parameters_Decorated: loaded 2 times (x 137B)
Class com.android.build.gradle.internal.cxx.gradle.generator.CxxConfigurationModelKt$ENABLE_CHECK_CONFIG_TIME_CONSTRUCTION$2: loaded 2 times (x 80B)
Class com.android.build.gradle.internal.scope.InternalArtifactType$UNIT_TEST_CONFIG_DIRECTORY: loaded 2 times (x 76B)
Class com.android.build.api.variant.impl.ResSourceDirectoriesImpl                     : loaded 2 times (x 94B)
Class com.android.build.gradle.tasks.ProcessTestManifest                              : loaded 2 times (x 363B)
Class com.android.build.gradle.internal.tasks.ExtractNativeDebugMetadataTask          : loaded 2 times (x 341B)
Class com.android.build.gradle.internal.scope.InternalArtifactType$EXTERNAL_FILE_LIB_DEX_ARCHIVES: loaded 2 times (x 76B)
Class org.jetbrains.kotlin.compose.compiler.gradle.ComposeCompilerGradleSubplugin$applyToCompilation$allPluginProperties$1$9: loaded 2 times (x 78B)
Class org.jetbrains.kotlin.gradle.plugin.diagnostics.KotlinToolingDiagnosticsCollector: loaded 2 times (x 78B)
Class com.android.build.gradle.internal.scope.InternalArtifactType$COMPILE_APP_CLASSES_JAR: loaded 2 times (x 76B)
Class com.android.build.api.variant.impl.DexPackagingOptionsImpl                      : loaded 2 times (x 77B)
Class com.android.build.gradle.internal.tasks.MergeNativeLibsTaskKt                   : loaded 2 times (x 73B)
Class com.android.build.gradle.internal.scope.InternalArtifactType$ANDROID_RES_SOURCE_SET_PATH_MAP: loaded 2 times (x 76B)
Class com.android.build.gradle.tasks.MergeResources$CreationAction$handleProvider$5   : loaded 2 times (x 80B)
Class com.android.build.api.component.impl.MutableListBackedUpWithListProperty        : loaded 2 times (x 207B)
Class com.android.build.api.variant.VariantExtensionConfig                            : loaded 2 times (x 72B)
Class com.android.build.gradle.internal.core.dsl.AndroidTestComponentDslInfo          : loaded 2 times (x 72B)
Class com.android.build.api.variant.impl.VariantOutputConfigurationImplKt$WhenMappings: loaded 2 times (x 73B)
Class com.android.build.gradle.internal.dependency.VariantDependencies                : loaded 2 times (x 78B)
Class com.android.build.gradle.internal.plugins.DslContainerProvider$lock$3           : loaded 2 times (x 76B)
Class com.android.build.gradle.internal.dsl.SplitOptions                              : loaded 2 times (x 90B)
Class com.google.wireless.android.sdk.stats.GradleProjectOptionsSettings              : loaded 2 times (x 221B)
Class com.android.build.gradle.internal.api.artifact.SourceArtifactType               : loaded 2 times (x 76B)
Class com.android.build.gradle.internal.dsl.decorator.annotation.RuntimeGuardedExperimentalApi: loaded 2 times (x 72B)
Class com.android.build.gradle.internal.dsl.CompileSdkBetaSpecImpl                    : loaded 2 times (x 83B)
Class com.android.build.api.dsl.AgpTestSuite                                          : loaded 2 times (x 72B)
Class com.android.build.api.dsl.MaxSdkVersion                                         : loaded 2 times (x 72B)
Class [Lcom.android.build.gradle.internal.dsl.decorator.SupportedPropertyType;        : loaded 2 times (x 71B)
Class org.jetbrains.kotlin.tooling.core.MutableExtrasImpl                             : loaded 2 times (x 167B)
Class org.jetbrains.kotlin.gradle.utils.FileUtilsKt                                   : loaded 2 times (x 73B)
Class com.android.build.gradle.internal.dsl.LibraryPublishingImpl                     : loaded 2 times (x 88B)
Class com.android.build.gradle.internal.dsl.ConfigurableFilesImpl                     : loaded 2 times (x 82B)
Class com.google.common.base.Enums$StringConverter                                    : loaded 2 times (x 92B)
Class com.android.build.gradle.internal.api.DefaultAndroidSourceSet_Decorated         : loaded 2 times (x 274B)
Class [Lcom.android.tools.analytics.Environment$EnvironmentVariable;                  : loaded 2 times (x 71B)
Class com.android.SdkConstants                                                        : loaded 2 times (x 73B)
Class com.android.builder.model.LintOptions                                           : loaded 2 times (x 72B)
Class com.android.build.gradle.internal.services.R8D8ThreadPoolBuildService$Companion : loaded 2 times (x 73B)
Class com.android.build.gradle.internal.dsl.BundleOptionsStoreArchive$AgpDecorated_Decorated: loaded 2 times (x 127B)
Class com.android.build.api.instrumentation.manageddevice.ManagedDeviceRegistry       : loaded 2 times (x 72B)
Class com.android.build.gradle.internal.services.GlobalServiceRegistrationAction$execute$1: loaded 2 times (x 77B)
Class com.android.build.gradle.internal.services.RunOnceBuildService                  : loaded 2 times (x 72B)
Class org.gradle.accessors.dm.LibrariesForLibsInPluginsBlock$AndroidxComposeMaterialIconsLibraryAccessors: loaded 2 times (x 79B)
Class com.android.build.gradle.LintLifecycleExtensionImpl_Decorated                   : loaded 2 times (x 126B)
Class com.android.build.gradle.internal.TaskManager$Companion$createTasksBeforeEvaluate$3: loaded 2 times (x 76B)
Class com.intellij.util.containers.UtilKt                                             : loaded 2 times (x 73B)
Class com.android.tools.idea.gradle.model.impl.IdeSourceProviderContainerImpl         : loaded 2 times (x 78B)
Class com.android.tools.idea.gradle.project.sync.BasicModulesKt                       : loaded 2 times (x 73B)
Class com.android.tools.idea.gradle.project.upgrade.AndroidGradlePluginCompatibility  : loaded 2 times (x 81B)
Class com.google.common.collect.Cut$AboveValue                                        : loaded 2 times (x 90B)
Class com.android.tools.idea.gradle.project.sync.ModelVersions                        : loaded 2 times (x 74B)
Class com.android.build.gradle.internal.tasks.factory.GlobalTaskCreationAction        : loaded 2 times (x 91B)
Class com.android.build.gradle.internal.variant.VariantPathHelper$deploymentApkLocation$2: loaded 2 times (x 81B)
Class com.android.build.api.variant.UnitTest                                          : loaded 2 times (x 72B)
Class com.android.build.gradle.internal.core.dsl.features.NativeBuildDslInfo          : loaded 2 times (x 72B)
Class com.android.build.gradle.internal.instrumentation.AsmClassVisitorsFactoryRegistry: loaded 2 times (x 74B)
Class com.android.tools.idea.gradle.project.sync.SyncProjectActionOptions             : loaded 2 times (x 75B)
Class org.gradle.tooling.BuildController                                              : loaded 2 times (x 72B)
Class org.gradle.internal.classpath.DefaultClassPath$ImmutableUniqueList$Builder      : loaded 2 times (x 77B)
Class com.android.sdklib.repository.meta.AddonFactory                                 : loaded 2 times (x 76B)
Class com.android.sdklib.repository.AndroidSdkHandler$Companion                       : loaded 2 times (x 73B)
Class com.android.build.gradle.internal.SdkDirectLoadingStrategy$Companion            : loaded 2 times (x 73B)
Class com.android.build.gradle.internal.scope.InternalArtifactType$FULL_JAR           : loaded 2 times (x 76B)
Class com.android.build.gradle.internal.dependency.DexingRegistration$ComponentSpecificParameters: loaded 2 times (x 74B)
Class com.android.build.gradle.internal.utils.DesugarLibUtils                         : loaded 2 times (x 73B)
Class com.android.build.gradle.internal.dependency.AarResourcesCompilerTransform$Inject_1: loaded 2 times (x 111B)
Class com.android.build.gradle.internal.cxx.configure.NdkLocator                      : loaded 2 times (x 74B)
Class com.android.build.api.variant.impl.TestVariantImpl                              : loaded 2 times (x 687B)
Class com.android.build.gradle.tasks.ProcessTestManifestPackaging                     : loaded 2 times (x 338B)
Class com.android.build.gradle.internal.tasks.SdkDependencyDataGeneratorTask$CreationAction: loaded 2 times (x 92B)
Class com.android.build.gradle.internal.tasks.BundleReportDependenciesTask            : loaded 2 times (x 337B)
Class com.android.build.gradle.internal.tasks.CheckDuplicateClassesTask               : loaded 2 times (x 336B)
Class org.jetbrains.kotlin.gradle.plugin.mpp.KotlinCompilationFactory$DefaultImpls    : loaded 2 times (x 73B)
Class org.jetbrains.kotlin.gradle.plugin.mpp.compilationImpl.factory.DefaultKotlinCompilationDependencyConfigurationsFactory: loaded 2 times (x 77B)
Class com.android.build.api.variant.JniLibsTestedApkPackaging                         : loaded 2 times (x 72B)
Class com.android.build.gradle.internal.scope.InternalArtifactType$JAVA_RES           : loaded 2 times (x 76B)
Class com.android.build.gradle.tasks.MergeResources$CreationAction$handleProvider$6   : loaded 2 times (x 80B)
Class [Lcom.android.build.gradle.tasks.MergeResources$Flag;                           : loaded 2 times (x 71B)
Class com.android.build.gradle.internal.dependency.ProvidedClasspathSubtractor$excludes$1: loaded 2 times (x 81B)
Class com.android.build.api.component.impl.features.OptimizationCreationConfigImpl    : loaded 2 times (x 88B)
Class com.android.build.gradle.internal.dependency.VariantDependencies$WhenMappings   : loaded 2 times (x 73B)
Class com.android.build.api.variant.impl.CodeTransparencyImpl                         : loaded 2 times (x 77B)
Class com.android.build.api.variant.InternalSources                                   : loaded 2 times (x 72B)
Class com.android.build.gradle.internal.plugins.DslContainerProvider$lock$4           : loaded 2 times (x 77B)
Class com.android.build.api.dsl.CompileSdkReleaseSpec                                 : loaded 2 times (x 72B)
Class com.android.build.gradle.internal.core.InternalBaseVariant                      : loaded 2 times (x 72B)
Class com.android.build.gradle.internal.scope.DelayedActionsExecutor                  : loaded 2 times (x 74B)
Class org.jetbrains.kotlin.gradle.internal.properties.PropertiesBuildService$Companion$registerIfAbsent$1: loaded 2 times (x 77B)
Class org.jetbrains.kotlin.gradle.plugin.internal.DefaultConfigurationCacheStartParameterAccessorVariantFactory: loaded 2 times (x 78B)
Class org.jetbrains.kotlin.gradle.dsl.KotlinCommonCompilerToolOptions                 : loaded 2 times (x 72B)
Class com.android.build.gradle.internal.plugins.BasePlugin$Companion$createAndroidJdkImageConfiguration$1: loaded 2 times (x 76B)
Class [Lcom.android.prefs.LocationValue;                                              : loaded 2 times (x 71B)
Class com.android.build.api.component.impl.OldVariantApiLegacySupportImpl$outputs$2   : loaded 2 times (x 81B)
Class org.jetbrains.kotlin.gradle.plugin.mpp.compilationImpl.KotlinCompilationLanguageSettingsConfigurator: loaded 2 times (x 76B)
Class [Lorg.jetbrains.kotlin.gradle.plugin.KotlinCompilation;                         : loaded 2 times (x 71B)
Class com.android.build.gradle.internal.tasks.MergeFileTask                           : loaded 2 times (x 337B)
Class com.android.build.gradle.internal.scope.InternalArtifactType$GLOBAL_SYNTHETICS_DEX: loaded 2 times (x 76B)
Class com.android.utils.Environment                                                   : loaded 2 times (x 76B)
Class com.android.build.gradle.internal.plugins.LibraryPlugin                         : loaded 2 times (x 99B)
Class com.android.build.gradle.AssetPackPluginKt                                      : loaded 2 times (x 73B)
Class com.android.build.gradle.internal.scope.InternalArtifactType$DEX_NUMBER_OF_BUCKETS_FILE: loaded 2 times (x 76B)
Class com.android.build.gradle.internal.tasks.OptimizeResourcesTask$CreateAction      : loaded 2 times (x 95B)
Class com.android.build.gradle.tasks.factory.AndroidUnitTest$CreationAction           : loaded 2 times (x 93B)
Class com.android.tools.idea.gradle.project.sync.ModelCacheV2ImplKt$modelCacheV2Impl$createFromDependencies$1$LibraryWithDependencies: loaded 2 times (x 74B)
Class com.android.tools.idea.gradle.model.impl.IdeViewBindingOptionsImpl              : loaded 2 times (x 76B)
Class com.android.build.gradle.tasks.AnalyzeDependenciesTask                          : loaded 2 times (x 344B)
Class com.android.build.gradle.internal.SdkComponentsBuildService$Parameters$Inject_  : loaded 2 times (x 122B)
Class com.android.build.gradle.internal.cxx.configure.ExperimentalPropertyExtensionsKt: loaded 2 times (x 73B)
Class com.android.build.gradle.internal.DependencyConfigurator$configureGeneralTransforms$4: loaded 2 times (x 77B)
Class com.android.build.gradle.internal.dependency.DexingOutputSplitTransform         : loaded 2 times (x 80B)
Class com.sun.xml.bind.v2.model.impl.RuntimeEnumLeafInfoImpl                          : loaded 2 times (x 151B)
Class javax.xml.bind.JAXBIntrospector                                                 : loaded 2 times (x 75B)
Class com.android.repository.api.SettingsController                                   : loaded 2 times (x 72B)
Class com.android.build.gradle.internal.scope.InternalArtifactType$AIDL_PARCELABLE    : loaded 2 times (x 76B)
Class com.android.build.gradle.internal.dependency.AarTransform$Companion             : loaded 2 times (x 73B)
Class com.android.build.api.variant.impl.FlatSourceDirectoriesForJavaImpl$internalGenerators$2$1: loaded 2 times (x 78B)
Class com.android.build.api.variant.SourceDirectories                                 : loaded 2 times (x 72B)
Class com.android.build.gradle.internal.core.dsl.DynamicFeatureVariantDslInfo         : loaded 2 times (x 72B)
Class com.android.build.gradle.internal.tasks.DexMergingTask$CreationAction$WhenMappings: loaded 2 times (x 73B)
Class com.android.build.gradle.internal.tasks.CheckDuplicateClassesTask$CreationAction: loaded 2 times (x 92B)
Class com.android.build.gradle.internal.tasks.MergeJavaResourceTask                   : loaded 2 times (x 370B)
Class [Lorg.jetbrains.kotlin.gradle.plugin.sources.ConsistencyCheck;                  : loaded 2 times (x 71B)
Class com.android.build.gradle.internal.tasks.ProcessNavigationXmlTask                : loaded 2 times (x 341B)
Class com.android.build.gradle.internal.scope.InternalArtifactType$CHECK_MANIFEST_RESULT: loaded 2 times (x 76B)
Class com.android.build.api.component.impl.OldVariantApiLegacySupportImpl             : loaded 2 times (x 91B)
Class com.android.build.api.component.impl.features.OptimizationCreationConfigImpl$proguardFiles$2: loaded 2 times (x 81B)
Class com.android.build.gradle.internal.scope.InternalArtifactType$NESTED_RESOURCES_VALIDATION_REPORT: loaded 2 times (x 76B)
Class com.android.build.gradle.internal.HostTestTaskManager$createTopLevelTasksCore$1 : loaded 2 times (x 77B)
Class com.android.build.gradle.internal.core.MergedExternalNativeBuildOptions         : loaded 2 times (x 89B)
Class com.android.build.api.variant.impl.ApplicationVariantImpl$dexing$2              : loaded 2 times (x 81B)
Class com.android.build.gradle.internal.VariantManager$getFlavorSelection$1           : loaded 2 times (x 80B)
Class com.android.build.gradle.internal.dsl.ModulePropertyKey                         : loaded 2 times (x 72B)
Class com.android.build.gradle.internal.core.dsl.impl.ComponentDslInfoImpl$androidResourcesDsl$2: loaded 2 times (x 81B)
Class com.android.build.gradle.internal.VariantManager$getLazyManifestParser$1        : loaded 2 times (x 81B)
Class com.android.build.gradle.internal.plugins.DslContainerProvider$lock$5           : loaded 2 times (x 77B)
Class com.android.build.gradle.internal.dsl.BundleOptionsStoreArchive$AgpDecorated    : loaded 2 times (x 83B)
Class com.android.build.gradle.internal.dsl.ApplicationExtensionImpl$AgpDecorated_Decorated: loaded 2 times (x 469B)
Class com.android.build.gradle.internal.tasks.factory.BootClasspathConfigImpl$fullBootClasspathProvider$2$1: loaded 2 times (x 133B)
Class org.jetbrains.kotlin.gradle.report.ReportingSettings                            : loaded 2 times (x 74B)
Class org.jetbrains.kotlin.gradle.plugin.KotlinBasePluginWrapper                      : loaded 2 times (x 88B)
Class com.android.build.gradle.internal.plugins.BasePlugin$Companion$createAndroidJdkImageConfiguration$2: loaded 2 times (x 76B)
Class com.android.build.gradle.internal.ManagedDeviceUtilsKt                          : loaded 2 times (x 73B)
Class com.android.build.gradle.internal.api.ApplicationVariantImpl                    : loaded 2 times (x 264B)
Class org.jetbrains.kotlin.gradle.dsl.KotlinTargetContainerWithJsPresetFunctions      : loaded 2 times (x 72B)
Class com.google.gson.TypeAdapter$1                                                   : loaded 2 times (x 76B)
Class com.android.sdklib.SdkVersionInfo                                               : loaded 2 times (x 73B)
Class com.android.sdklib.repository.meta.DetailsTypes$ApiDetailsType                  : loaded 2 times (x 72B)
Class com.android.repository.impl.meta.RemotePackageImpl$ChannelRef                   : loaded 2 times (x 75B)
Class com.sun.xml.bind.v2.runtime.JAXBContextImpl$2                                   : loaded 2 times (x 80B)
Class com.android.build.gradle.internal.services.GlobalServiceRegistrationAction      : loaded 2 times (x 75B)
Class org.gradle.accessors.dm.LibrariesForLibsInPluginsBlock$AndroidxActivityLibraryAccessors: loaded 2 times (x 79B)
Class javax.xml.bind.annotation.XmlEnum                                               : loaded 2 times (x 72B)
Class com.android.tools.idea.gradle.project.sync.VariantSelectionKt                   : loaded 2 times (x 73B)
Class org.gradle.tooling.model.kotlin.dsl.EditorPosition                              : loaded 2 times (x 72B)
Class com.android.tools.idea.gradle.project.sync.AndroidProjectResult$V2Project       : loaded 2 times (x 79B)
Class com.android.tools.idea.gradle.model.IdePreResolvedModuleLibrary                 : loaded 2 times (x 72B)
Class com.android.tools.idea.gradle.project.sync.LibraryIdentity$LibraryIdentityProvider$special$$inlined$thenBy$1: loaded 2 times (x 92B)
Class com.android.build.gradle.internal.plugins.AbstractAppPlugin                     : loaded 2 times (x 96B)
Class com.android.build.gradle.options.BooleanOption                                  : loaded 2 times (x 90B)
Class [Lcom.android.build.gradle.options.IntegerOption;                               : loaded 2 times (x 71B)
Class com.android.build.gradle.internal.profile.AnalyticsService                      : loaded 2 times (x 112B)
Class com.google.wireless.android.sdk.stats.GarbageCollectionStatsOrBuilder           : loaded 2 times (x 72B)
Class com.android.utils.EnvironmentProvider$DirectEnvironmentProvider                 : loaded 2 times (x 82B)
Class org.jetbrains.kotlin.gradle.report.BuildMetricsService                          : loaded 2 times (x 88B)
Class org.jetbrains.kotlin.gradle.plugin.PropertiesProvider$classLoaderCacheTimeoutInSeconds$1: loaded 2 times (x 77B)
Class com.android.build.gradle.internal.dsl.BaseFlavor                                : loaded 2 times (x 429B)
Class org.jetbrains.kotlin.cli.common.arguments.K2JVMCompilerArguments                : loaded 2 times (x 77B)
Class javax.xml.bind.Binder                                                           : loaded 2 times (x 87B)
Class javax.xml.bind.JAXBContext                                                      : loaded 2 times (x 80B)
Class [Lcom.android.repository.Revision$PreviewComparison;                            : loaded 2 times (x 71B)
Class com.android.builder.sdk.SdkLibData                                              : loaded 2 times (x 79B)
Class com.android.build.gradle.internal.scope.InternalArtifactType$CONSUMER_PROGUARD_DIR: loaded 2 times (x 76B)
Class com.android.build.gradle.internal.tasks.SigningReportTask                       : loaded 2 times (x 324B)
Class com.android.build.gradle.internal.tasks.ListingFileRedirectTask$CreationAction$handleProvider$1: loaded 2 times (x 133B)
Class com.android.build.gradle.internal.res.LinkApplicationAndroidResourcesTask$CreationAction: loaded 2 times (x 98B)
Class com.android.build.gradle.tasks.ProcessApplicationManifest$CreationAction$handleProvider$1: loaded 2 times (x 133B)
Class com.android.build.gradle.internal.HostTestTaskManager$createTopLevelTasksCore$2 : loaded 2 times (x 77B)
Class com.android.build.api.instrumentation.FramesComputationMode                     : loaded 2 times (x 81B)
Class com.android.build.api.variant.DependenciesInfo                                  : loaded 2 times (x 72B)
Class com.android.build.gradle.internal.VariantManager$getFlavorSelection$2           : loaded 2 times (x 81B)
Class com.android.build.api.variant.impl.GlobalVariantBuilderConfigImpl               : loaded 2 times (x 79B)
Class com.android.build.gradle.internal.plugins.DslContainerProvider$lock$6           : loaded 2 times (x 77B)
Class com.android.build.gradle.internal.dsl.TargetSdkSpecImpl$AgpDecorated_Decorated  : loaded 2 times (x 131B)
Class com.android.build.gradle.internal.lint.AndroidLintGlobalTask$LintFixCreationAction$Companion: loaded 2 times (x 73B)
Class com.android.build.api.artifact.impl.SinglePropertyAdapter                       : loaded 2 times (x 80B)
Class com.android.build.api.artifact.impl.TypedStorageProvider                        : loaded 2 times (x 74B)
Class com.android.build.gradle.internal.plugins.BasePlugin$globalConfig$2$1           : loaded 2 times (x 81B)
Class com.android.build.gradle.internal.dsl.TestOptions$suites$2                      : loaded 2 times (x 81B)
Class com.android.build.gradle.internal.dsl.VariantDimensionBinaryCompatibilityFixParent: loaded 2 times (x 72B)
Class com.android.build.gradle.internal.dsl.SigningConfigFactory                      : loaded 2 times (x 79B)
Class org.jetbrains.kotlin.gradle.dsl.JvmDefaultMode                                  : loaded 2 times (x 81B)
Class org.jetbrains.kotlin.gradle.plugin.ProjectLocalConfigurations$ProjectLocalCompatibility: loaded 2 times (x 78B)
Class org.jetbrains.kotlin.gradle.plugin.internal.DefaultMavenPublicationComponentAccessor: loaded 2 times (x 77B)
Class org.jetbrains.kotlin.gradle.plugin.internal.DefaultProjectIsolationStartParameterAccessor$Factory: loaded 2 times (x 78B)
Class org.jetbrains.kotlin.gradle.dsl.KotlinJvmCompilerOptions                        : loaded 2 times (x 72B)
Class com.android.build.gradle.internal.services.VersionedSdkLoaderService$versionedSdkLoader$2$1: loaded 2 times (x 77B)
Class com.android.build.gradle.internal.ide.dependencies.LibraryDependencyCacheBuildService$Parameters: loaded 2 times (x 72B)
Class com.google.wireless.android.sdk.stats.GradleBuildMemorySample                   : loaded 2 times (x 204B)
Class com.android.build.gradle.internal.res.Aapt2FromMaven$Companion$create$aapt2Directory$1$1: loaded 2 times (x 76B)
Class com.android.build.gradle.internal.dsl.ShaderOptions                             : loaded 2 times (x 89B)
Class com.google.common.collect.ForwardingMap                                         : loaded 2 times (x 134B)
Class com.android.build.gradle.internal.cxx.model.CxxAbiModel                         : loaded 2 times (x 74B)
Class com.android.build.gradle.internal.TaskManager$Companion$createTasksBeforeEvaluate$2: loaded 2 times (x 76B)
Class com.android.build.gradle.options.ProjectOptions$OptionValue                     : loaded 2 times (x 74B)
Class com.android.build.api.dsl.ApkExtension                                          : loaded 2 times (x 72B)
Class jdk.internal.jimage.ImageStrings                                                : loaded 2 times (x 72B)
Class org.gradle.accessors.dm.LibrariesForLibs$AndroidxNavigationRuntimeLibraryAccessors: loaded 2 times (x 79B)
Class org.gradle.accessors.dm.LibrariesForLibs$AndroidxComposeUiTestLibraryAccessors  : loaded 2 times (x 80B)
Class sync_studio_tooling5_5o80vyx3t1y518sbn592c4en7$_run_closure1                    : loaded 2 times (x 140B)
Class com.android.build.api.variant.impl.ApplicationAndroidResourcesBuilderImpl       : loaded 2 times (x 77B)
Class com.android.build.gradle.internal.core.dsl.impl.VariantDslInfoImpl$namespace$1  : loaded 2 times (x 77B)
Class com.android.build.api.artifact.Artifact$Appendable                              : loaded 2 times (x 72B)
Class com.android.tools.idea.gradle.model.IdeAaptOptions$Namespacing                  : loaded 2 times (x 81B)
Class com.android.build.api.artifact.impl.ArtifactTransformationRequestImpl           : loaded 2 times (x 78B)
Class com.android.tools.idea.gradle.model.IdeApiVersion                               : loaded 2 times (x 72B)
Class com.android.build.api.artifact.Artifact$Multiple                                : loaded 2 times (x 76B)
Class org.jetbrains.kotlin.compilerRunner.CompilerSystemPropertiesService$Parameters_Decorated: loaded 2 times (x 132B)
Class org.jetbrains.kotlin.gradle.plugin.diagnostics.UsesKotlinToolingDiagnosticsParameters: loaded 2 times (x 72B)
Class org.jetbrains.kotlin.gradle.plugin.diagnostics.ToolingDiagnosticRenderingOptions: loaded 2 times (x 74B)
Class org.gradle.tooling.model.eclipse.EclipseExternalDependency                      : loaded 2 times (x 72B)
Class org.gradle.tooling.internal.adapter.ProtocolToModelAdapter$TypeSpecificMappingAction: loaded 2 times (x 83B)
Class [Lorg.jetbrains.kotlin.gradle.dsl.KotlinVersion;                                : loaded 2 times (x 71B)
Class org.jetbrains.kotlin.gradle.plugin.KotlinTargetWithTests                        : loaded 2 times (x 72B)
Class org.gradle.tooling.internal.consumer.versioning.VersionDetails$R35VersionDetails: loaded 2 times (x 82B)
Class com.android.build.gradle.internal.tasks.DexArchiveBuilderTask$CreationAction    : loaded 2 times (x 95B)
Class com.sun.xml.bind.v2.model.nav.ReflectionNavigator                               : loaded 2 times (x 125B)
Class com.sun.xml.bind.v2.model.annotation.AnnotationReader                           : loaded 2 times (x 72B)
Class com.android.repository.impl.generated.v1.LicenseType                            : loaded 2 times (x 89B)
Class com.android.sdklib.repository.generated.common.v1.LibraryType                   : loaded 2 times (x 92B)
Class com.android.sdklib.repository.meta.DetailsTypes$AddonDetailsType                : loaded 2 times (x 72B)
Class com.android.sdklib.repository.legacy.remote.internal.DownloadCache              : loaded 2 times (x 79B)
Class com.android.build.gradle.internal.scope.InternalArtifactType$EXTERNAL_LIBS_DEX_ARCHIVE: loaded 2 times (x 76B)
Class com.android.build.gradle.internal.scope.InternalArtifactType$PUBLIC_RES         : loaded 2 times (x 76B)
Class com.android.build.gradle.internal.publishing.PublishingSpecs$Companion$1        : loaded 2 times (x 80B)
Class com.android.build.api.variant.impl.JniLibsTestedApkPackagingImpl$testOnly$1     : loaded 2 times (x 77B)
Class com.android.build.gradle.internal.tasks.CompressAssetsTask$CreationAction$handleProvider$1: loaded 2 times (x 133B)
Class com.android.build.api.component.impl.features.AndroidResourcesCreationConfigImpl$pseudoLocalesEnabled$2: loaded 2 times (x 81B)
Class com.android.build.gradle.tasks.ProcessMultiApkApplicationManifest$CreationAction: loaded 2 times (x 92B)
Class com.android.build.gradle.tasks.ProcessApplicationManifest$CreationAction$handleProvider$2: loaded 2 times (x 133B)
Class com.android.build.gradle.internal.tasks.PrepareLintJarForPublish                : loaded 2 times (x 331B)
Class com.android.build.gradle.internal.VariantTaskManager$Companion                  : loaded 2 times (x 73B)
Class com.android.build.api.variant.VariantOutputConfiguration                        : loaded 2 times (x 72B)
Class com.android.build.gradle.internal.core.dsl.impl.ApplicationVariantDslInfoImpl$versionCode$2: loaded 2 times (x 81B)
Class com.android.build.gradle.internal.tasks.ExtractProguardFiles$CreationAction$handleProvider$1: loaded 2 times (x 133B)
Class com.android.build.gradle.internal.dsl.SdkComponentsImpl$ndkDirectory$2          : loaded 2 times (x 81B)
Class com.google.wireless.android.sdk.stats.GradleBuildProject$CompileOptionsOrBuilder: loaded 2 times (x 72B)
Class com.android.build.gradle.internal.dsl.Splits$AgpDecorated_Decorated             : loaded 2 times (x 131B)
Class com.android.repository.Revision$Precision                                       : loaded 2 times (x 81B)
Class com.android.build.api.dsl.ApplicationInstallation                               : loaded 2 times (x 72B)
Class com.android.build.api.dsl.ConfigurableFiles                                     : loaded 2 times (x 72B)
Class org.jetbrains.kotlin.gradle.utils.Completable                                   : loaded 2 times (x 74B)
Class org.jetbrains.kotlin.gradle.plugin.DefaultKotlinBasePlugin$addKotlinCompilerConfiguration$2$1: loaded 2 times (x 77B)
Class org.jetbrains.kotlin.gradle.plugin.internal.DefaultCompatibilityConventionRegistrar$Factory: loaded 2 times (x 78B)
Class com.android.builder.internal.StringCachingService                               : loaded 2 times (x 72B)
Class com.google.protobuf.Internal$EnumLiteMap                                        : loaded 2 times (x 72B)
Class com.google.wireless.android.sdk.stats.GradleBuildMemorySample$1                 : loaded 2 times (x 153B)
Class com.google.gson.internal.bind.TypeAdapters$34$1                                 : loaded 2 times (x 76B)
Class com.android.build.gradle.internal.tasks.FinalizeBundleTask$CreationAction       : loaded 2 times (x 92B)
Class com.android.build.gradle.internal.core.dsl.impl.DslInfoUtilsKt$getInstrumentationRunner$1: loaded 2 times (x 77B)
Class [Lcom.android.build.api.variant.impl.SourceType;                                : loaded 2 times (x 71B)
Class com.android.build.gradle.options.FeatureStage$Experimental                      : loaded 2 times (x 74B)
Class [Lcom.android.build.gradle.internal.errors.DeprecationReporter$DeprecationTarget;: loaded 2 times (x 71B)
Class com.android.build.gradle.internal.services.ProjectServices                      : loaded 2 times (x 74B)
Class com.android.build.api.variant.impl.DirectoryEntry                               : loaded 2 times (x 72B)
Class com.android.tools.idea.gradle.project.sync.IdeModelFactoryV2Kt                  : loaded 2 times (x 73B)
Class com.android.build.gradle.internal.DependencyConfigurator$configureGeneralTransforms$3: loaded 2 times (x 77B)
Class com.android.build.gradle.tasks.ExternalNativeBuildTask                          : loaded 2 times (x 337B)
Class com.android.build.FilterData                                                    : loaded 2 times (x 72B)
Class com.android.sdklib.repository.legacy.remote.internal.DownloadCache$Strategy     : loaded 2 times (x 81B)
Class com.sun.xml.bind.v2.runtime.JAXBContextImpl$1                                   : loaded 2 times (x 80B)
Class com.sun.xml.bind.v2.runtime.Location                                            : loaded 2 times (x 72B)
Class javax.xml.bind.JAXBContextFactory                                               : loaded 2 times (x 72B)
Class com.android.build.gradle.internal.SystemPropertiesFactory                       : loaded 2 times (x 73B)
Class com.android.build.gradle.internal.scope.InternalArtifactType$DATA_BINDING_ARTIFACT: loaded 2 times (x 76B)
Class com.android.build.gradle.internal.scope.InternalArtifactType$ANDROID_TEST_LINT_PARTIAL_RESULTS: loaded 2 times (x 76B)
Class com.android.build.gradle.internal.publishing.PublishingSpecs$Companion$2        : loaded 2 times (x 80B)
Class com.android.build.gradle.internal.dependency.ExtractNavigationXmlTransform$Inject_1: loaded 2 times (x 111B)
Class com.android.build.gradle.internal.dependency.ClassesDirToClassesTransform$Inject_1: loaded 2 times (x 111B)
Class com.android.build.gradle.internal.services.Aapt2Input                           : loaded 2 times (x 72B)
Class com.android.build.gradle.internal.SdkLocationSourceSet                          : loaded 2 times (x 74B)
Class com.android.build.api.variant.impl.SigningConfigImpl$storeType$1                : loaded 2 times (x 77B)
Class com.android.build.gradle.internal.tasks.GlobalSyntheticsGeneratorTask$CreationAction$handleProvider$1: loaded 2 times (x 133B)
Class org.jetbrains.kotlin.gradle.dsl.KotlinVersion$Companion                         : loaded 2 times (x 73B)
Class org.jetbrains.kotlin.gradle.plugin.mpp.KotlinOnlyTarget                         : loaded 2 times (x 155B)
Class com.android.build.gradle.tasks.KotlinTaskCreationAction                         : loaded 2 times (x 78B)
Class com.android.build.gradle.tasks.ProcessApplicationManifest$CreationAction$handleProvider$3: loaded 2 times (x 133B)
Class com.android.build.gradle.internal.scope.InternalArtifactType$APK_IDE_MODEL      : loaded 2 times (x 76B)
Class com.android.build.gradle.internal.ScreenshotTestTaskManager                     : loaded 2 times (x 84B)
Class com.android.build.api.component.impl.HostTestImpl$androidResourcesCreationConfig$2: loaded 2 times (x 81B)
Class com.android.build.gradle.internal.variant.TestVariantData                       : loaded 2 times (x 74B)
Class com.android.build.gradle.internal.scope.MutableTaskContainer                    : loaded 2 times (x 98B)
Class com.android.build.api.attributes.AgpVersionAttr$Companion                       : loaded 2 times (x 73B)
Class com.android.build.api.variant.impl.DeviceTestBuilderImpl$Companion              : loaded 2 times (x 73B)
Class com.android.build.gradle.internal.core.MergedOptimization                       : loaded 2 times (x 78B)
Class com.android.build.gradle.internal.core.dsl.impl.ComponentDslInfoImpl            : loaded 2 times (x 122B)
Class com.android.build.gradle.internal.manifest.ManifestValueSource$Params           : loaded 2 times (x 72B)
Class com.android.build.gradle.internal.services.VariantBuilderServicesImpl           : loaded 2 times (x 90B)
Class com.android.build.gradle.internal.dsl.BundleOptionsDensity$AgpDecorated_Decorated: loaded 2 times (x 127B)
Class com.android.build.gradle.internal.dsl.AdbOptions                                : loaded 2 times (x 89B)
Class com.android.build.api.artifact.ArtifactKind                                     : loaded 2 times (x 74B)
Class com.android.build.gradle.internal.dsl.PackagingOptions                          : loaded 2 times (x 113B)
Class com.android.build.api.dsl.JavaCompileOptions                                    : loaded 2 times (x 72B)
Class com.android.build.gradle.internal.dsl.BundleOptionsTexture                      : loaded 2 times (x 83B)
Class org.bouncycastle.operator.OperatorCreationException                             : loaded 2 times (x 84B)
Class org.jetbrains.kotlin.gradle.dsl.DefaultToolchainSupport                         : loaded 2 times (x 78B)
Class org.jetbrains.kotlin.gradle.plugin.VariantImplementationFactories$Inject_       : loaded 2 times (x 108B)
Class org.jetbrains.kotlin.gradle.plugin.internal.CustomPropertiesFileValueSource     : loaded 2 times (x 84B)
Class org.jetbrains.kotlin.gradle.InternalKotlinGradlePluginApi                       : loaded 2 times (x 72B)
Class com.android.build.gradle.internal.plugins.BasePlugin$versionedSdkLoaderService$2$1: loaded 2 times (x 81B)
Class [Lcom.android.prefs.VariableType;                                               : loaded 2 times (x 71B)
Class com.sun.xml.bind.v2.model.impl.TypeInfoImpl                                     : loaded 2 times (x 87B)
Class com.google.protobuf.LazyStringList                                              : loaded 2 times (x 72B)
Class org.gradle.internal.classloader.DefaultClassLoaderFactory                       : loaded 2 times (x 84B)
Class com.intellij.gradle.toolingExtension.impl.modelAction.GradleDaemonModelHolder   : loaded 2 times (x 78B)
Class com.android.utils.Environment$Companion                                         : loaded 2 times (x 73B)
Class com.android.build.gradle.internal.plugins.VersionCheckPlugin$apply$1            : loaded 2 times (x 81B)
Class org.gradle.accessors.dm.LibrariesForLibs$AndroidPluginAccessors                 : loaded 2 times (x 76B)
Class sync_studio_tooling2_9vru2992uxdzxsd5p2f0plrjx$_run_closure1                    : loaded 2 times (x 140B)
Class org.gradle.tooling.model.kotlin.dsl.EditorReport                                : loaded 2 times (x 72B)
Class com.android.tools.idea.gradle.model.IdeBaseConfig                               : loaded 2 times (x 72B)
Class com.android.tools.idea.gradle.project.sync.GradleModelCollection                : loaded 2 times (x 72B)
Class com.android.tools.idea.gradle.project.sync.IdeAndroidModels                     : loaded 2 times (x 74B)
Class com.android.tools.idea.gradle.project.sync.SyncProjectActionWorker$populateAndroidModels$3$1: loaded 2 times (x 131B)
Class com.android.tools.idea.gradle.model.IdeUnresolvedArtifactLibrary                : loaded 2 times (x 72B)
Class com.android.tools.idea.gradle.model.IdeBuildTasksAndOutputInformation           : loaded 2 times (x 72B)
Class [Lcom.android.tools.idea.gradle.model.IdeAndroidProjectType;                    : loaded 2 times (x 71B)
Class com.android.build.api.variant.HasDeviceTestsBuilder                             : loaded 2 times (x 72B)
Class com.android.build.gradle.options.Option$Status$STABLE                           : loaded 2 times (x 73B)
Class com.google.protobuf.Internal$IntList                                            : loaded 2 times (x 72B)
Class org.jetbrains.kotlin.idea.gradleTooling.KotlinDslScriptModelProvider            : loaded 2 times (x 80B)
Class org.jetbrains.kotlin.cli.common.arguments.CommonCompilerArguments               : loaded 2 times (x 76B)
Class javax.xml.bind.ValidationEvent                                                  : loaded 2 times (x 72B)
Class com.sun.xml.bind.v2.model.impl.Utils                                            : loaded 2 times (x 73B)
Class com.android.repository.api.Channel                                              : loaded 2 times (x 83B)
Class com.android.sdklib.repository.meta.Library                                      : loaded 2 times (x 91B)
Class com.android.sdklib.repository.generated.sysimg.v4.ObjectFactory                 : loaded 2 times (x 77B)
Class com.android.build.gradle.internal.PlatformToolsComponents$Companion$build$fileExists$1: loaded 2 times (x 77B)
Class com.android.build.gradle.internal.SdkComponentsBuildService$VersionedSdkLoader$coreForSystemModulesProvider$1: loaded 2 times (x 77B)
Class com.android.build.gradle.internal.publishing.PublishingSpecs$Companion$3        : loaded 2 times (x 80B)
Class com.android.build.gradle.internal.scope.InternalArtifactType$FEATURE_NAME       : loaded 2 times (x 76B)
Class com.android.build.gradle.internal.scope.InternalArtifactType$AAPT_PROGUARD_FILE : loaded 2 times (x 76B)
Class com.android.build.api.artifact.SingleArtifact$OBFUSCATION_MAPPING_FILE          : loaded 2 times (x 76B)
Class com.android.build.gradle.internal.dependency.DexingOutputSplitTransform$DexOutput: loaded 2 times (x 81B)
Class com.android.build.gradle.internal.dependency.LibrarySymbolTableTransform$Inject_1: loaded 2 times (x 111B)
Class com.android.build.gradle.internal.NdkHandlerInput                               : loaded 2 times (x 75B)
Class com.android.build.gradle.internal.scope.InternalArtifactType$CODE_COVERAGE      : loaded 2 times (x 76B)
Class com.android.build.api.variant.impl.FileBasedDirectoryEntryImpl                  : loaded 2 times (x 87B)
Class com.android.build.gradle.internal.scope.InternalArtifactType$NATIVE_SYMBOL_TABLES: loaded 2 times (x 76B)
Class [Lcom.android.build.gradle.internal.scope.Java8LangSupport;                     : loaded 2 times (x 71B)
Class com.android.build.gradle.internal.tasks.MergeGeneratedProguardFilesCreationAction$Companion: loaded 2 times (x 73B)
Class org.jetbrains.kotlin.gradle.internal.CompilerOptionsDslHelpersKt                : loaded 2 times (x 73B)
Class org.jetbrains.kotlin.gradle.internal.transforms.BuildToolsApiClasspathEntrySnapshotTransform$Inject_1: loaded 2 times (x 115B)
Class com.android.build.gradle.internal.component.KmpComponentCreationConfig          : loaded 2 times (x 72B)
Class com.android.build.gradle.tasks.ProcessApplicationManifest$CreationAction$handleProvider$4: loaded 2 times (x 76B)
Class com.android.build.gradle.tasks.ProcessApplicationManifest                       : loaded 2 times (x 365B)
Class com.android.build.gradle.internal.scope.AndroidTestBuildFeatureValuesImpl       : loaded 2 times (x 102B)
Class com.android.build.gradle.internal.plugins.BasePlugin$variantManager$2$1         : loaded 2 times (x 81B)
Class com.android.build.gradle.internal.tasks.factory.GlobalTaskCreationConfigImpl$Companion: loaded 2 times (x 73B)
Class com.android.build.api.dsl.UnitTestOptions                                       : loaded 2 times (x 72B)
Class com.android.builder.core.ToolsRevisionUtils                                     : loaded 2 times (x 73B)
Class com.google.protobuf.GeneratedMessageV3$BuilderParent                            : loaded 2 times (x 72B)
Class com.android.builder.model.BaseConfig                                            : loaded 2 times (x 72B)
Class com.android.build.gradle.internal.dsl.AndroidSourceSetFactory                   : loaded 2 times (x 79B)
Class [Lcom.google.wireless.android.sdk.stats.GradleBuildVariant$VariantType;         : loaded 2 times (x 71B)
Class org.jetbrains.kotlin.gradle.plugin.KotlinGradleBuildServices                    : loaded 2 times (x 82B)
Class org.jetbrains.kotlin.gradle.internal.properties.NativePropertiesLoader$konanDataDirProperty$1: loaded 2 times (x 77B)
Class org.jetbrains.kotlin.gradle.plugin.KotlinGradleBuildServices$Inject_            : loaded 2 times (x 102B)
Class org.jetbrains.kotlin.gradle.plugin.KotlinGradleBuildServices$Companion$registerIfAbsent$2$1: loaded 2 times (x 81B)
Class org.jetbrains.kotlin.gradle.plugin.PropertiesProvider$keepIncrementalCompilationCachesInMemory$1: loaded 2 times (x 81B)
Class org.jetbrains.kotlin.gradle.plugin.VariantImplementationFactoriesConfigurator$Inject_: loaded 2 times (x 98B)
Class org.jetbrains.kotlin.gradle.internal.properties.PropertiesBuildService$MemoizedCallable$value$2: loaded 2 times (x 81B)
Class com.android.prefs.QueryResult                                                   : loaded 2 times (x 84B)
Class com.android.tools.analytics.HostData$runtimeBean$2                              : loaded 2 times (x 80B)
Class com.google.protobuf.MutabilityOracle                                            : loaded 2 times (x 72B)
Class com.google.protobuf.GeneratedMessageV3$Builder                                  : loaded 2 times (x 280B)
Class org.jetbrains.kotlin.gradle.targets.native.toolchain.KotlinNativeBundleBuildService: loaded 2 times (x 79B)
Class org.jetbrains.kotlin.gradle.targets.native.toolchain.KotlinNativeBundleBuildService$Parameters: loaded 2 times (x 72B)
Class org.jetbrains.kotlin.gradle.tasks.DefaultKotlinJavaToolchain                    : loaded 2 times (x 79B)
Class com.android.build.gradle.options.ApiStage$Removed                               : loaded 2 times (x 74B)
Class com.android.build.gradle.internal.plugins.BasePlugin$apply$1                    : loaded 2 times (x 77B)
Class org.jetbrains.kotlin.gradle.tasks.DefaultKotlinJavaToolchain$Companion          : loaded 2 times (x 73B)
Class com.android.build.gradle.internal.dsl.BuildTypeFactory                          : loaded 2 times (x 79B)
Class com.android.build.api.dsl.AssetPackBundleExtension                              : loaded 2 times (x 72B)
Class com.android.tools.idea.gradle.model.impl.IdeModuleSourceSet                     : loaded 2 times (x 72B)
Class com.android.build.api.dsl.JniLibsPackaging                                      : loaded 2 times (x 72B)
Class com.android.build.gradle.internal.TaskManager$Companion$createTasksBeforeEvaluate$1: loaded 2 times (x 76B)
Class org.gradle.tooling.model.Task                                                   : loaded 2 times (x 72B)
Class com.android.build.api.artifact.impl.ArtifactContainer                           : loaded 2 times (x 77B)
Class com.android.build.api.artifact.impl.SingleArtifactContainer                     : loaded 2 times (x 77B)
Class com.android.build.gradle.internal.variant.VariantPathHelper$baseName$2          : loaded 2 times (x 81B)
Class org.jetbrains.kotlin.idea.projectModel.ExtraFeatures                            : loaded 2 times (x 72B)
Class org.jetbrains.kotlin.cli.common.arguments.CommonCompilerArgumentsConfigurator   : loaded 2 times (x 76B)
Class com.sun.xml.bind.v2.model.annotation.XmlEnumQuick                               : loaded 2 times (x 93B)
Class com.sun.xml.bind.v2.model.annotation.RuntimeInlineAnnotationReader              : loaded 2 times (x 108B)
Class com.android.build.api.variant.ResValue$Key                                      : loaded 2 times (x 72B)
Class com.android.build.gradle.internal.publishing.PublishingSpecs$Companion$4        : loaded 2 times (x 80B)
Class com.android.build.gradle.tasks.AidlCompile                                      : loaded 2 times (x 340B)
Class com.android.build.gradle.tasks.GenerateBuildConfig                              : loaded 2 times (x 348B)
Class com.android.build.gradle.internal.dependency.RecalculateStackFramesTransform$Companion$registerRecalculateStackFramesTransform$1$1: loaded 2 times (x 77B)
Class com.android.build.gradle.internal.dependency.RecalculateStackFramesTransform    : loaded 2 times (x 81B)
Class com.android.build.api.artifact.SingleArtifact$BUNDLE                            : loaded 2 times (x 76B)
Class com.android.build.gradle.internal.tasks.ApplicationTaskManager$doCreateTasksForVariant$d8DexStartupOptimizationEnabled$1: loaded 2 times (x 76B)
Class com.android.build.gradle.internal.scope.InternalArtifactType$DEX_METADATA_DIRECTORY: loaded 2 times (x 76B)
Class org.jetbrains.kotlin.gradle.dsl.KotlinJvmCompile                                : loaded 2 times (x 72B)
Class com.android.build.gradle.internal.scope.InternalArtifactType$ANNOTATION_PROCESSOR_LIST: loaded 2 times (x 76B)
Class com.android.build.gradle.tasks.GenerateManifestJarTask$CreationAction           : loaded 2 times (x 92B)
Class com.android.build.gradle.internal.tasks.ExtractNativeDebugMetadataTask$CreationAction: loaded 2 times (x 93B)
Class com.android.build.gradle.internal.core.dsl.InstrumentedTestComponentDslInfo     : loaded 2 times (x 72B)
Class com.android.build.api.variant.impl.VariantImpl$pseudoLocalesEnabled$2           : loaded 2 times (x 81B)
Class com.android.build.api.component.impl.ComponentImpl$oldVariantApiLegacySupport$2 : loaded 2 times (x 81B)
Class com.android.build.gradle.internal.core.dsl.impl.DslInfoBuilder$Companion        : loaded 2 times (x 73B)
Class com.android.build.gradle.internal.api.ReadOnlyObjectProvider                    : loaded 2 times (x 78B)
Class com.android.builder.core.LibraryRequest                                         : loaded 2 times (x 74B)
Class com.google.common.base.Enums                                                    : loaded 2 times (x 73B)
Class com.android.builder.model.VectorDrawablesOptions                                : loaded 2 times (x 72B)
Class com.android.build.api.variant.LifecycleTasks                                    : loaded 2 times (x 72B)
Class com.android.build.gradle.internal.dsl.MaxSdkSpecImpl                            : loaded 2 times (x 81B)
Class com.android.build.gradle.internal.dsl.DefaultConfig                             : loaded 2 times (x 439B)
Class org.jetbrains.kotlin.gradle.plugin.UsesVariantImplementationFactories           : loaded 2 times (x 72B)
Class org.jetbrains.kotlin.gradle.internal.Kapt3GradleSubplugin                       : loaded 2 times (x 85B)
Class com.android.build.api.component.impl.ComponentImpl$instrumentationCreationConfig$2: loaded 2 times (x 81B)
Class com.android.build.gradle.internal.services.AndroidLocationsBuildService$AndroidDirectoryCreator$Inject_: loaded 2 times (x 113B)
Class com.android.build.gradle.internal.VariantManager$createVariantsFromCombination$3$1: loaded 2 times (x 81B)
Class com.android.build.gradle.tasks.MapSourceSetPathsTask$CreateAction               : loaded 2 times (x 95B)
Class org.jetbrains.kotlin.gradle.plugin.mpp.compilationImpl.factory.DefaultKotlinCompilationSourceSetsContainerFactory$DefaultSourceSetNaming: loaded 2 times (x 72B)
Class [Lcom.android.build.gradle.options.BooleanOption;                               : loaded 2 times (x 71B)
Class com.android.build.gradle.internal.services.ServiceRegistrationAction$execute$1  : loaded 2 times (x 77B)
Class [Lcom.google.common.util.concurrent.DirectExecutor;                             : loaded 2 times (x 71B)
Class org.jetbrains.kotlin.gradle.plugin.sources.DefaultKotlinSourceSet$MetadataDependencyTransformation: loaded 2 times (x 74B)
Class com.android.tools.idea.gradle.model.impl.IdeBuildTasksAndOutputInformationImpl  : loaded 2 times (x 82B)
Class com.android.tools.idea.gradle.model.IdeMultiVariantData                         : loaded 2 times (x 72B)
Class com.android.tools.idea.gradle.project.sync.BuildTypeDef                         : loaded 2 times (x 74B)
Class com.android.tools.idea.gradle.project.sync.IdeModelFactoryV2                    : loaded 2 times (x 74B)
Class com.android.build.gradle.internal.dependency.ShrinkerVersion$Companion          : loaded 2 times (x 73B)
Class com.android.tools.idea.gradle.project.sync.SyncActionRunner$Companion           : loaded 2 times (x 73B)
Class com.android.tools.idea.gradle.project.sync.SyncActionRunner                     : loaded 2 times (x 78B)
Class com.android.build.gradle.tasks.PackageApplication                               : loaded 2 times (x 376B)
Class com.android.build.gradle.internal.scope.InternalArtifactType$MERGED_ART_PROFILE : loaded 2 times (x 76B)
Class com.android.build.gradle.internal.scope.InternalArtifactType$EXTRACTED_APKS     : loaded 2 times (x 76B)
Class com.android.tools.idea.gradle.project.sync.GradleSyncStudioFlags                : loaded 2 times (x 74B)
Class com.android.build.api.variant.impl.DynamicFeatureVariantImpl                    : loaded 2 times (x 605B)
Class com.intellij.gradle.toolingExtension.modelAction.GradleBuildFinishedModelFetchPhase: loaded 2 times (x 83B)
Class com.google.gson.internal.reflect.ReflectionHelper                               : loaded 2 times (x 73B)
Class com.sun.xml.bind.v2.model.annotation.XmlElementRefsQuick                        : loaded 2 times (x 93B)
Class javax.xml.bind.annotation.XmlElementRef                                         : loaded 2 times (x 72B)
Class com.android.repository.impl.generated.v1.ArchivesType                           : loaded 2 times (x 77B)
Class com.android.sdklib.BuildToolInfo                                                : loaded 2 times (x 78B)
Class com.android.build.gradle.internal.EnvironmentVariablesPropertiesFactory         : loaded 2 times (x 73B)
Class com.android.build.gradle.internal.publishing.PublishingSpecs$Companion$5        : loaded 2 times (x 80B)
Class com.android.build.gradle.internal.publishing.LibraryVariantSpecBuilder          : loaded 2 times (x 92B)
Class com.android.build.gradle.internal.dependency.RecalculateStackFramesTransform$Companion$registerRecalculateStackFramesTransform$1$2: loaded 2 times (x 79B)
Class com.android.build.gradle.internal.dependency.DexingRegistration                 : loaded 2 times (x 73B)
Class com.android.build.gradle.internal.dependency.ExtractProGuardRulesTransform$Companion: loaded 2 times (x 73B)
Class com.android.build.gradle.internal.SdkComponentsBuildService$VersionedNdkHandler : loaded 2 times (x 74B)
Class com.android.build.api.variant.DynamicFeatureVariant                             : loaded 2 times (x 72B)
Class com.android.build.gradle.internal.tasks.creationconfig.TestComponentProcessTestManifestCreationConfig: loaded 2 times (x 146B)
Class com.android.build.gradle.internal.tasks.ApplicationTaskManager$createDynamicBundleTask$1: loaded 2 times (x 77B)
Class com.android.build.gradle.internal.utils.GlobalSyntheticsMergingUtilsKt          : loaded 2 times (x 73B)
Class org.jetbrains.kotlin.gradle.plugin.mpp.compilationImpl.factory.KotlinCompilationImplFactory$PostConfigure: loaded 2 times (x 72B)
Class org.jetbrains.kotlin.gradle.tasks.configuration.BaseKotlinCompileConfig$1$1     : loaded 2 times (x 77B)
Class com.android.build.gradle.internal.res.GenerateLibraryRFileTask                  : loaded 2 times (x 352B)
Class com.android.build.gradle.internal.scope.InternalArtifactType$MERGED_RES_BLAME_FOLDER: loaded 2 times (x 76B)
Class com.android.build.gradle.internal.AndroidTestTaskManager                        : loaded 2 times (x 84B)
Class com.android.build.gradle.internal.core.dsl.impl.HostTestComponentDslInfoImpl$namespace$2: loaded 2 times (x 81B)
Class com.android.build.api.variant.TestFixtures                                      : loaded 2 times (x 72B)
Class com.android.build.api.variant.DeviceTest                                        : loaded 2 times (x 72B)
Class com.android.build.gradle.internal.core.dsl.impl.ConsumableComponentDslInfoImpl$renderscriptDslInfo$2: loaded 2 times (x 81B)
Class com.android.build.gradle.internal.dsl.SdkComponentsImpl$aidl$2                  : loaded 2 times (x 81B)
Class com.android.build.gradle.internal.dsl.CmakeOptions$AgpDecorated                 : loaded 2 times (x 103B)
Class com.android.build.gradle.internal.dependency.SourceSetManager$createConfigurationsForSourceSet$createKaptConfiguration$1: loaded 2 times (x 81B)
Class com.android.build.gradle.internal.dsl.JavaCompileOptions$AgpDecorated           : loaded 2 times (x 88B)
Class com.android.build.gradle.internal.dsl.CoreExternalNativeNdkBuildOptions         : loaded 2 times (x 72B)
Class com.android.build.api.dsl.NdkBuildFlags                                         : loaded 2 times (x 72B)
Class com.google.common.base.CaseFormat                                               : loaded 2 times (x 85B)
Class com.android.build.gradle.internal.dsl.DefaultConfig$AgpDecorated_Decorated      : loaded 2 times (x 518B)
Class com.android.build.gradle.internal.dependency.ExtractAarTransform$Inject_1       : loaded 2 times (x 111B)
Class com.android.build.gradle.internal.utils.DesugarLibUtils$getDesugarLibConfigFromTransform$1: loaded 2 times (x 76B)
Class org.jetbrains.kotlin.gradle.plugin.mpp.AbstractKotlinTarget$kotlinComponents$2  : loaded 2 times (x 81B)
Class org.jetbrains.kotlin.gradle.plugin.KotlinPlatformType$CompatibilityRule         : loaded 2 times (x 78B)
Class org.jetbrains.kotlin.gradle.internal.properties.NativePropertiesLoader$actualNativeHomeDirectory$1: loaded 2 times (x 77B)
Class org.jetbrains.kotlin.gradle.internal.properties.NativePropertiesKt              : loaded 2 times (x 73B)
Class com.android.build.gradle.internal.VariantTaskManager$addBindingDependenciesIfNecessary$dataBindingEnabled$1: loaded 2 times (x 82B)
Class com.google.gson.internal.bind.TypeAdapters$EnumTypeAdapter                      : loaded 2 times (x 76B)
Class com.google.gson.internal.bind.TypeAdapters$28                                   : loaded 2 times (x 77B)
Class com.android.build.gradle.internal.scope.InternalArtifactType$LIBRARY_AND_LOCAL_JARS_JNI: loaded 2 times (x 76B)
Class com.android.build.api.variant.CanMinifyCodeBuilder                              : loaded 2 times (x 72B)
Class com.android.build.gradle.internal.scope.ArtifactPublishingUtil$publishArtifactToConfiguration$1$1: loaded 2 times (x 77B)
Class com.android.tools.idea.gradle.project.sync.AndroidArtifactRef                   : loaded 2 times (x 74B)
Class com.android.builder.model.v2.models.Versions$Companion                          : loaded 2 times (x 73B)
Class com.android.build.gradle.internal.SdkComponentsBuildService$VersionedSdkLoader$buildToolsRevisionProvider$1: loaded 2 times (x 77B)
Class org.gradle.tooling.internal.consumer.converters.IdeaModuleDependencyTargetNameMixin: loaded 2 times (x 75B)
Class com.android.tools.idea.gradle.project.sync.AgpVersionsMismatch                  : loaded 2 times (x 84B)
Class [Lcom.android.tools.idea.gradle.project.sync.ModelFeature;                      : loaded 2 times (x 71B)
Class com.android.tools.idea.gradle.project.sync.ModelCache$V2                        : loaded 2 times (x 72B)
Class kotlin.jvm.internal.FunctionAdapter                                             : loaded 2 times (x 72B)
Class com.android.ide.common.gradle.Module$Companion                                  : loaded 2 times (x 73B)
Class jdk.internal.jimage.decompressor.StringSharingDecompressorFactory               : loaded 2 times (x 76B)
Class com.android.build.gradle.internal.tasks.factory.TaskManagerConfig               : loaded 2 times (x 72B)
Class org.gradle.kotlin.dsl.ImplementationConfigurationAccessorsKt                    : loaded 2 times (x 73B)
Class com.sun.xml.bind.v2.model.impl.LeafInfoImpl                                     : loaded 2 times (x 104B)
Class com.android.sdklib.repository.generated.addon.v1.LibrariesType                  : loaded 2 times (x 77B)
Class com.android.sdklib.repository.AndroidSdkHandler                                 : loaded 2 times (x 74B)
Class [Lcom.android.sdklib.repository.legacy.remote.internal.DownloadCache$Strategy;  : loaded 2 times (x 71B)
Class com.android.build.gradle.internal.GradleLocalPropertiesFactory$get$propertiesContent$1: loaded 2 times (x 77B)
Class com.android.build.gradle.internal.dependency.RecalculateStackFramesTransform$Parameters_Decorated: loaded 2 times (x 140B)
Class com.android.build.gradle.internal.scope.InternalArtifactType$DEVICE_PROVIDER_CODE_COVERAGE: loaded 2 times (x 76B)
Class com.android.build.api.variant.impl.FlatSourceDirectoriesForJavaImpl$internalGenerators$2: loaded 2 times (x 81B)
Class com.android.build.gradle.internal.tasks.ApplicationTaskManager$createDynamicBundleTask$2: loaded 2 times (x 77B)
Class org.jetbrains.kotlin.gradle.plugin.mpp.compilationImpl.factory.KotlinCompilationDependencyConfigurationsFactoriesKt: loaded 2 times (x 73B)
Class org.jetbrains.kotlin.gradle.plugin.mpp.compilationImpl.DefaultKotlinCompilationFriendPathsResolver: loaded 2 times (x 77B)
Class org.jetbrains.kotlin.gradle.tasks.configuration.BaseKotlinCompileConfig$registerBuildToolsApiTransformations$1: loaded 2 times (x 77B)
Class org.jetbrains.kotlin.gradle.tasks.configuration.AbstractKotlinCompileConfigKt$sam$org_gradle_api_Action$0: loaded 2 times (x 77B)
Class org.jetbrains.kotlin.gradle.plugin.internal.BuildIdService                      : loaded 2 times (x 78B)
Class com.android.build.gradle.internal.res.ParseLibraryResourcesTask                 : loaded 2 times (x 345B)
Class com.android.build.gradle.internal.res.LinkApplicationAndroidResourcesTask$CreationAction$handleProvider$1: loaded 2 times (x 133B)
Class com.android.build.gradle.internal.TaskManager$MergeType$PACKAGE                 : loaded 2 times (x 82B)
Class com.android.build.gradle.internal.tasks.ValidateResourcesTask                   : loaded 2 times (x 337B)
Class com.android.build.gradle.internal.services.BuiltInKotlinSupportMode$Supported$BuiltInKotlinBooleanOptionEnabled: loaded 2 times (x 73B)
Class com.android.build.gradle.internal.core.dsl.impl.AndroidTestComponentDslInfoImpl$signingConfigResolver$2: loaded 2 times (x 81B)
Class com.android.build.gradle.internal.component.features.DexingCreationConfig       : loaded 2 times (x 72B)
Class com.android.build.api.variant.Renderscript                                      : loaded 2 times (x 72B)
Class com.android.build.api.variant.SigningConfig                                     : loaded 2 times (x 72B)
Class com.android.build.gradle.internal.dependency.SourceTypeCompatibilityRule        : loaded 2 times (x 78B)
Class org.jetbrains.kotlin.gradle.plugin.SubpluginArtifact                            : loaded 2 times (x 74B)
Class com.android.build.gradle.internal.dsl.BaseAppModuleExtension_Decorated          : loaded 2 times (x 541B)
Class com.android.build.gradle.internal.api.artifact.SourceArtifactType$JNI           : loaded 2 times (x 76B)
Class com.android.build.gradle.options.Option                                         : loaded 2 times (x 72B)
Class com.android.build.gradle.internal.dsl.LibraryAndroidResourcesImpl               : loaded 2 times (x 128B)
Class com.android.build.gradle.internal.model.CoreExternalNativeBuild                 : loaded 2 times (x 72B)
Class com.android.build.api.dsl.ApplicationProductFlavor                              : loaded 2 times (x 72B)
Class org.jetbrains.kotlin.gradle.dsl.KotlinVersion                                   : loaded 2 times (x 81B)
Class org.jetbrains.kotlin.gradle.internal.properties.NativePropertiesLoader$actualNativeHomeDirectory$2: loaded 2 times (x 76B)
Class org.jetbrains.kotlin.gradle.utils.StoredPropertyKt                              : loaded 2 times (x 73B)
Class com.android.build.gradle.options.SyncOptions                                    : loaded 2 times (x 73B)
Class com.google.protobuf.AbstractProtobufList                                        : loaded 2 times (x 231B)
Class com.android.tools.analytics.AnalyticsState                                      : loaded 2 times (x 74B)
Class com.android.utils.ILogger                                                       : loaded 2 times (x 72B)
Class com.android.utils.NullLogger                                                    : loaded 2 times (x 87B)
Class org.jetbrains.kotlin.gradle.dsl.KotlinProjectExtension                          : loaded 2 times (x 124B)
Class org.jetbrains.kotlin.gradle.internal.properties.PropertiesBuildService$BooleanGradleProperty: loaded 2 times (x 78B)
Class com.google.common.util.concurrent.ListeningScheduledExecutorService             : loaded 2 times (x 72B)
Class com.android.build.gradle.internal.dsl.DeclarativeApplicationExtension           : loaded 2 times (x 72B)
Class jdk.internal.jrtfs.JrtFileSystem                                                : loaded 2 times (x 104B)
Class org.gradle.accessors.dm.LibrariesForLibs$AndroidxLibraryAccessors               : loaded 2 times (x 85B)
Class com.android.tools.idea.gradle.project.sync.ModelFetchersKt$findKotlinModelsForAndroidProject$kaptModel$1: loaded 2 times (x 77B)
Class com.intellij.openapi.diagnostic.Logger$DefaultFactory                           : loaded 2 times (x 76B)
Class com.android.tools.idea.gradle.project.sync.LibraryIdentity$Companion            : loaded 2 times (x 73B)
Class com.android.tools.idea.gradle.model.impl.IdeModuleWellKnownSourceSet            : loaded 2 times (x 85B)
Class com.android.tools.idea.gradle.project.sync.InternedModels                       : loaded 2 times (x 74B)
Class com.android.tools.idea.gradle.project.sync.BasicV2AndroidModuleGradleProject    : loaded 2 times (x 75B)
Class org.jetbrains.kotlin.gradle.plugin.VariantImplementationFactories$Companion$getProvider$1: loaded 2 times (x 77B)
Class org.jetbrains.kotlin.gradle.plugin.KotlinTargetComponent                        : loaded 2 times (x 72B)
Class com.android.build.gradle.internal.dsl.InternalBuildType                         : loaded 2 times (x 72B)
Class com.android.build.gradle.internal.dsl.SigningConfig                             : loaded 2 times (x 149B)
Class com.android.ide.common.signing.KeytoolException                                 : loaded 2 times (x 86B)
Class com.android.build.api.dsl.TestDefaultConfig                                     : loaded 2 times (x 72B)
Class org.gradle.tooling.internal.consumer.connection.NestedActionAwareBuildControllerAdapter: loaded 2 times (x 114B)
Class org.gradle.tooling.internal.consumer.versioning.VersionDetails$R51VersionDetails: loaded 2 times (x 82B)
Class com.android.build.gradle.internal.dsl.decorator.SupportedPropertyType$Var$NullableInt: loaded 2 times (x 76B)
Class com.android.build.gradle.internal.dsl.BaselineProfileImpl$AgpDecorated_Decorated: loaded 2 times (x 130B)
Class org.gradle.tooling.internal.consumer.versioning.VersionDetails                  : loaded 2 times (x 82B)
Class com.sun.xml.bind.v2.model.annotation.XmlElementDeclQuick                        : loaded 2 times (x 98B)
Class com.android.repository.impl.generated.v2.ChannelRefType                         : loaded 2 times (x 79B)
Class com.android.build.gradle.internal.SdkComponentsBuildService$VersionedSdkLoader$emulatorDirectoryProvider$1: loaded 2 times (x 77B)
Class com.android.repository.impl.downloader.LocalFileAwareDownloader                 : loaded 2 times (x 86B)
Class com.android.build.gradle.internal.publishing.PublishingSpecs$VariantSpecBuilder : loaded 2 times (x 72B)
Class com.android.build.api.variant.impl.SourceDirectoriesImpl                        : loaded 2 times (x 88B)
Class com.android.build.gradle.internal.tasks.ValidateSigningTask$CreationAction      : loaded 2 times (x 92B)
Class com.android.build.gradle.internal.tasks.CheckDuplicateClassesTask$CreationAction$handleProvider$1: loaded 2 times (x 133B)
Class org.jetbrains.kotlin.gradle.plugin.mpp.compilationImpl.KotlinCompilationSourceSetsContainerKt: loaded 2 times (x 73B)
Class org.jetbrains.kotlin.gradle.tasks.configuration.BaseKotlinCompileConfig$registerBuildToolsApiTransformations$2: loaded 2 times (x 77B)
Class org.jetbrains.kotlin.gradle.tasks.KotlinJvmCompile                              : loaded 2 times (x 72B)
Class com.android.build.api.variant.impl.ResourcesPackagingImpl$excludes$1            : loaded 2 times (x 77B)
Class com.android.build.gradle.internal.res.LinkApplicationAndroidResourcesTask$CreationAction$handleProvider$2: loaded 2 times (x 133B)
Class com.android.build.api.component.impl.HostTestImpl_Decorated                     : loaded 2 times (x 486B)
Class com.android.build.gradle.internal.services.BuiltInKaptSupportMode               : loaded 2 times (x 73B)
Class com.android.build.gradle.internal.cxx.configure.NativeModelBuilderOutcome$Builder: loaded 2 times (x 323B)
Class com.android.build.gradle.internal.variant.VariantModelImpl                      : loaded 2 times (x 89B)
Class com.android.build.api.variant.VariantSelector                                   : loaded 2 times (x 72B)
Class com.android.build.gradle.api.InstallableVariant                                 : loaded 2 times (x 72B)
Class com.android.build.gradle.internal.dsl.LintImpl$AgpDecorated_Decorated           : loaded 2 times (x 309B)
Class com.android.build.gradle.internal.dsl.PackagingOptions$AgpDecorated_Decorated   : loaded 2 times (x 163B)
Class com.android.build.gradle.internal.dsl.CoreProductFlavor                         : loaded 2 times (x 72B)
Class com.android.build.api.dsl.BuildType                                             : loaded 2 times (x 72B)
Class com.android.build.gradle.internal.core.dsl.features.DeviceTestOptionsDslInfo    : loaded 2 times (x 72B)
Class org.jetbrains.kotlin.gradle.internal.properties.NativePropertiesLoader$actualNativeHomeDirectory$3: loaded 2 times (x 77B)
Class org.jetbrains.kotlin.gradle.report.BuildReportMode                              : loaded 2 times (x 81B)
Class org.jetbrains.kotlin.gradle.plugin.VariantImplementationFactories$Companion$getProvider$2$1$1: loaded 2 times (x 77B)
Class org.jetbrains.kotlin.gradle.plugin.internal.ProjectIsolationStartParameterAccessor$Factory: loaded 2 times (x 72B)
Class com.android.tools.analytics.HostData$graphicsEnvironment$2                      : loaded 2 times (x 80B)
Class com.google.protobuf.Message$Builder                                             : loaded 2 times (x 72B)
Class com.android.tools.analytics.Environment$EnvironmentVariable                     : loaded 2 times (x 81B)
Class com.android.build.gradle.internal.errors.AndroidProblemReporterProvider$Parameters_Decorated: loaded 2 times (x 132B)
Class com.android.build.gradle.internal.errors.AndroidProblemReporterProvider$Parameters: loaded 2 times (x 72B)
Class jdk.internal.jimage.decompressor.CompressedResourceHeader                       : loaded 2 times (x 73B)
Class com.android.build.gradle.internal.manifest.LazyManifestParser$manifestData$2    : loaded 2 times (x 77B)
Class com.android.build.api.variant.HostTestBuilder                                   : loaded 2 times (x 72B)
Class com.android.build.gradle.internal.variant.VariantPathHelper$coverageReportDir$2 : loaded 2 times (x 81B)
Class com.android.build.gradle.internal.component.features.OptimizationCreationConfig : loaded 2 times (x 72B)
Class com.android.tools.idea.gradle.project.sync.DeliverableGradleModule              : loaded 2 times (x 78B)
Class com.intellij.openapi.diagnostic.LogLevel                                        : loaded 2 times (x 81B)
Class com.android.tools.idea.gradle.model.IdeUnknownLibraryImpl                       : loaded 2 times (x 85B)
Class com.android.tools.idea.gradle.project.sync.VariantDiscoveryKt                   : loaded 2 times (x 73B)
Class com.android.tools.idea.gradle.project.sync.HasAndroidVariantResolver            : loaded 2 times (x 72B)
Class com.android.build.gradle.tasks.MergeResources$Flag                              : loaded 2 times (x 81B)
Class com.google.common.collect.Cut                                                   : loaded 2 times (x 90B)
Class com.android.build.gradle.internal.dependency.AdditionalArtifactType             : loaded 2 times (x 81B)
Class com.android.build.gradle.internal.component.ComponentBasedBuiltInKotlinCreationConfig$Companion: loaded 2 times (x 73B)
Class com.google.common.collect.ImmutableMultimap$1                                   : loaded 2 times (x 84B)
Class com.sun.xml.bind.v2.model.core.EnumLeafInfo                                     : loaded 2 times (x 72B)
Class com.android.build.gradle.internal.SupportToolsComponents                        : loaded 2 times (x 74B)
Class com.android.build.gradle.internal.PlatformToolsComponents                       : loaded 2 times (x 74B)
Class [Lcom.android.build.gradle.internal.SdkLocator$PropertyLocation;                : loaded 2 times (x 71B)
Class com.android.repository.io.FileOpUtils                                           : loaded 2 times (x 73B)
Class com.android.build.gradle.internal.scope.InternalArtifactType$LINT_MODEL         : loaded 2 times (x 76B)
Class com.android.build.gradle.tasks.ProcessTestManifest$CreationAction               : loaded 2 times (x 92B)
Class com.android.build.gradle.internal.tasks.ExtractApksTask$CreationAction$handleProvider$1: loaded 2 times (x 133B)
Class com.android.build.gradle.internal.tasks.ParseIntegrityConfigTask$CreationAction$handleProvider$1: loaded 2 times (x 133B)
Class com.android.build.gradle.internal.scope.InternalArtifactType$BINARY_ART_PROFILE_METADATA: loaded 2 times (x 76B)
Class com.android.build.gradle.tasks.PackageApplication$CreationAction                : loaded 2 times (x 94B)
Class org.jetbrains.kotlin.gradle.plugin.mpp.compilationImpl.KotlinCompilationRegisterInSourceSetsConfigurator: loaded 2 times (x 76B)
Class org.jetbrains.kotlin.gradle.plugin.mpp.compilationImpl.factory.DefaultKotlinCompilationTaskNamesContainerFactory: loaded 2 times (x 76B)
Class org.jetbrains.kotlin.gradle.plugin.mpp.compilationImpl.DefaultKotlinCompilationFriendPathsResolver$FriendArtifactResolver$Companion: loaded 2 times (x 73B)
Class com.android.build.gradle.internal.dependency.ProvidedClasspathSubtractor        : loaded 2 times (x 74B)
Class [Lcom.android.build.gradle.internal.dependency.AdditionalArtifactType;          : loaded 2 times (x 71B)
Class com.android.build.api.component.impl.DeviceTestImpl$buildConfigFields$2         : loaded 2 times (x 81B)
Class com.android.build.gradle.internal.core.dsl.impl.AndroidTestComponentDslInfoImpl$instrumentedTestDelegate$2: loaded 2 times (x 81B)
Class com.android.build.gradle.internal.tasks.factory.BootClasspathConfigImpl$1       : loaded 2 times (x 81B)
Class com.android.build.gradle.internal.api.DefaultAndroidSourceSet$AndroidSourceDirectorySetFactory: loaded 2 times (x 77B)
Class com.android.build.gradle.internal.dsl.KmpOptimizationImpl                       : loaded 2 times (x 85B)
Class com.android.build.api.dsl.BundleTexture                                         : loaded 2 times (x 72B)
Class com.android.build.api.dsl.ApkSigningConfig                                      : loaded 2 times (x 72B)
Class org.jetbrains.kotlin.gradle.plugin.mpp.AbstractKotlinTarget$components$2        : loaded 2 times (x 81B)
Class org.jetbrains.kotlin.gradle.plugin.mpp.KotlinUsages$setupAttributesMatchingStrategy$1: loaded 2 times (x 76B)
Class org.jetbrains.kotlin.gradle.plugin.KotlinGradleBuildServices$Companion$registerIfAbsent$2$1$1: loaded 2 times (x 77B)
Class org.jetbrains.kotlin.gradle.plugin.PropertiesProvider$preciseCompilationResultsBackup$1: loaded 2 times (x 81B)
Class org.jetbrains.kotlin.gradle.internal.diagnostics.AgpCompatibilityCheck$runAgpCompatibilityCheckIfAgpIsApplied$1$1: loaded 2 times (x 77B)
Class org.jetbrains.kotlin.gradle.utils.AndroidPluginIdsKt                            : loaded 2 times (x 73B)
Class org.jetbrains.kotlin.gradle.plugin.KotlinBaseApiPlugin_Decorated                : loaded 2 times (x 164B)
Class org.jetbrains.kotlin.gradle.plugin.KotlinBasePlugin                             : loaded 2 times (x 72B)
Class org.jetbrains.kotlin.gradle.dsl.KotlinCommonCompilerToolOptionsHelper           : loaded 2 times (x 73B)
Class com.android.build.gradle.internal.services.FakeDependencyJarBuildService        : loaded 2 times (x 84B)
Class com.android.build.gradle.internal.dependency.JacocoInstrumentationService$RegistrationAction: loaded 2 times (x 76B)
Class org.jetbrains.kotlin.gradle.internal.transforms.BuildToolsApiClasspathEntrySnapshotTransform: loaded 2 times (x 84B)
Class org.jetbrains.kotlin.gradle.plugin.mpp.compilationImpl.factory.KotlinCompilationImplFactory$PreConfigure: loaded 2 times (x 72B)
Class org.jetbrains.kotlin.gradle.targets.js.dsl.KotlinJsTargetDsl                    : loaded 2 times (x 72B)
Class com.android.build.gradle.internal.plugins.AndroidPluginBaseServices$projectServices$2$1$1: loaded 2 times (x 131B)
Class com.android.build.gradle.internal.tasks.GlobalSyntheticsGeneratorTask$CreationAction: loaded 2 times (x 92B)
Class [Lcom.android.build.gradle.options.ReplacedOption;                              : loaded 2 times (x 71B)
Class com.android.build.gradle.internal.plugins.BasePlugin$Companion                  : loaded 2 times (x 73B)
Class org.jetbrains.kotlin.gradle.plugin.KotlinCompilerPluginSupportPlugin            : loaded 2 times (x 72B)
Class org.gradle.accessors.dm.LibrariesForLibsInPluginsBlock$AndroidxComposeUiToolingLibraryAccessors: loaded 2 times (x 85B)
Class org.gradle.accessors.dm.LibrariesForLibsInPluginsBlock$AndroidxComposeUiLibraryAccessors: loaded 2 times (x 87B)
Class org.gradle.accessors.dm.LibrariesForLibs$KotlinPluginAccessors                  : loaded 2 times (x 76B)
Class com.android.build.gradle.internal.tasks.AppMetadataTaskKt$configureTaskOutputs$1: loaded 2 times (x 133B)
Class com.android.tools.idea.gradle.project.sync.VariantDetails                       : loaded 2 times (x 74B)
Class com.android.tools.idea.gradle.model.impl.IdeVariantCoreImpl$Companion           : loaded 2 times (x 73B)
Class com.google.common.collect.Range$RangeLexOrdering                                : loaded 2 times (x 116B)
Class [Lcom.android.build.api.variant.impl.DirectoryEntry$Kind;                       : loaded 2 times (x 71B)
Class com.android.build.gradle.internal.variant.DefaultBuildTypeComparator            : loaded 2 times (x 92B)
Class com.android.build.gradle.internal.api.ApkVariantOutputImpl                      : loaded 2 times (x 132B)
Class com.android.build.gradle.internal.publishing.PublishingSpecs                    : loaded 2 times (x 73B)
Class com.android.build.gradle.internal.scope.InternalArtifactType$RES_STATIC_LIBRARY : loaded 2 times (x 76B)
Class com.android.build.gradle.internal.scope.InternalArtifactType$RUNTIME_LIBRARY_CLASSES_JAR: loaded 2 times (x 76B)
Class javax.xml.bind.ContextFinder$1                                                  : loaded 2 times (x 75B)
Class com.sun.xml.bind.api.Bridge                                                     : loaded 2 times (x 87B)
Class com.google.common.collect.ImmutableMultimap$2                                   : loaded 2 times (x 83B)
Class com.sun.xml.bind.v2.runtime.RuntimeUtil                                         : loaded 2 times (x 73B)
Class com.android.sdklib.repository.meta.DetailsTypes$SysImgDetailsType               : loaded 2 times (x 72B)
Class com.android.build.gradle.internal.utils.ConsoleProgressIndicatorFactory$create$1: loaded 2 times (x 110B)
Class com.android.build.gradle.internal.dependency.IdentityTransform                  : loaded 2 times (x 80B)
Class com.android.build.api.variant.impl.FlatSourceDirectoriesForJavaImpl$all$2$1     : loaded 2 times (x 78B)
Class com.sun.xml.bind.v2.model.impl.RuntimeTypeInfoSetImpl                           : loaded 2 times (x 125B)
Class com.android.build.gradle.internal.component.TestVariantCreationConfig           : loaded 2 times (x 72B)
Class com.android.build.gradle.internal.tasks.ClasspathComparisonTask                 : loaded 2 times (x 338B)
Class com.android.build.gradle.internal.tasks.ExtractApksTask$CreationAction$handleProvider$2: loaded 2 times (x 133B)
Class com.android.build.gradle.internal.tasks.SigningConfigVersionsWriterTask$CreationAction: loaded 2 times (x 92B)
Class com.android.build.gradle.internal.tasks.DexMergingTask                          : loaded 2 times (x 347B)
Class com.android.build.gradle.tasks.MapSourceSetPathsTask                            : loaded 2 times (x 349B)
Class com.android.build.api.component.impl.OldVariantApiLegacySupportImpl$manifestPlaceholdersDslInfo$2: loaded 2 times (x 81B)
Class com.android.build.gradle.internal.tasks.ModuleMetadataWriterTask                : loaded 2 times (x 344B)
Class com.android.build.gradle.internal.dependency.VariantDependencies$computeArtifactCollection$1: loaded 2 times (x 80B)
Class com.android.build.api.component.impl.LifecycleTasksImpl                         : loaded 2 times (x 78B)
Class com.android.build.api.component.impl.TestFixturesImpl                           : loaded 2 times (x 368B)
Class com.android.build.gradle.internal.core.dsl.impl.features.OptimizationDslInfoImpl: loaded 2 times (x 100B)
Class com.android.build.gradle.internal.dsl.MinSdkVersionImpl                         : loaded 2 times (x 78B)
Class com.android.build.gradle.internal.dsl.SigningConfig$AgpDecorated                : loaded 2 times (x 152B)
Class com.android.build.api.variant.Aapt2                                             : loaded 2 times (x 72B)
Class com.android.build.gradle.internal.dsl.SdkComponentsImpl                         : loaded 2 times (x 88B)
Class com.android.build.gradle.internal.tasks.factory.BootClasspathConfigImpl$2       : loaded 2 times (x 81B)
Class com.android.build.gradle.internal.dsl.ApplicationPublishingImpl$AgpDecorated    : loaded 2 times (x 87B)
Class com.android.build.gradle.internal.dsl.ManagedDevices_Decorated                  : loaded 2 times (x 125B)
Class com.android.build.gradle.internal.api.AndroidSourceSetName$Companion            : loaded 2 times (x 73B)
Class com.sun.xml.bind.v2.model.impl.Utils$1                                          : loaded 2 times (x 79B)
Class org.jetbrains.kotlin.gradle.utils.FutureKt                                      : loaded 2 times (x 73B)
Class org.jetbrains.kotlin.gradle.targets.native.internal.PlatformLibrariesGenerator$GeneratedPlatformLibrariesService: loaded 2 times (x 78B)
Class org.jetbrains.kotlin.gradle.logging.GradleLoggingUtilsKt                        : loaded 2 times (x 73B)
Class org.jetbrains.kotlin.gradle.plugin.KotlinAndroidPluginWrapper                   : loaded 2 times (x 88B)
Class com.android.build.gradle.internal.AvdComponentsBuildService$RegistrationAction  : loaded 2 times (x 76B)
Class com.android.build.gradle.internal.ide.dependencies.MavenCoordinatesCacheBuildService$RegistrationAction: loaded 2 times (x 76B)
Class org.gradle.tooling.internal.consumer.connection.ToolingParameterProxy           : loaded 2 times (x 78B)
Class com.android.build.gradle.internal.plugins.AndroidPluginBaseServices$projectServices$2$1$2: loaded 2 times (x 81B)
Class com.android.tools.idea.gradle.project.sync.VariantDef                           : loaded 2 times (x 74B)
Class com.android.tools.idea.gradle.project.sync.ClasspathIdentifier                  : loaded 2 times (x 74B)
Class com.android.tools.idea.gradle.project.sync.VariantDiscovery$toTraverseAction$1$1$moduleDependencies$1: loaded 2 times (x 131B)
Class com.android.build.gradle.internal.plugins.BasePlugin$extension$2                : loaded 2 times (x 81B)
Class com.android.build.gradle.internal.plugins.DslContainerProvider                  : loaded 2 times (x 72B)
Class com.android.build.gradle.AppExtension                                           : loaded 2 times (x 217B)
Class com.android.build.gradle.DynamicFeaturePlugin                                   : loaded 2 times (x 78B)
Class com.android.build.gradle.AppPlugin                                              : loaded 2 times (x 78B)
Class com.android.build.gradle.internal.services.GlobalServiceRegistrationAction$execute$globalService$1: loaded 2 times (x 77B)
Class com.android.build.gradle.options.FeatureStage$Enforced                          : loaded 2 times (x 74B)
Class org.jetbrains.plugins.gradle.model.tests.ExternalTestSourceMapping              : loaded 2 times (x 72B)
Class com.android.tools.idea.gradle.project.sync.VariantDependenciesCompat            : loaded 2 times (x 74B)
Class com.android.build.gradle.internal.res.Aapt2FromMaven                            : loaded 2 times (x 74B)
Class com.android.tools.idea.gradle.model.IdeDependenciesInfo                         : loaded 2 times (x 72B)
Class com.android.build.gradle.internal.res.Aapt2FromMaven$Companion                  : loaded 2 times (x 73B)
Class com.google.wireless.android.sdk.stats.GradleBuildMemorySample$Builder           : loaded 2 times (x 304B)
Class com.android.tools.analytics.HostData$threadBean$2                               : loaded 2 times (x 80B)
Class org.jetbrains.kotlin.gradle.plugin.KotlinBaseApiPlugin$kaptExtension$2          : loaded 2 times (x 81B)
Class org.jetbrains.kotlin.gradle.internal.properties.PropertiesBuildService$IntGradleProperty: loaded 2 times (x 78B)
Class org.jetbrains.kotlin.gradle.plugin.mpp.KotlinUsages$KotlinMetadataDisambiguation: loaded 2 times (x 78B)
Class org.jetbrains.kotlin.cli.common.arguments.CommonToolArguments                   : loaded 2 times (x 75B)
Class javax.xml.bind.annotation.XmlElement                                            : loaded 2 times (x 72B)
Class com.sun.xml.bind.v2.model.runtime.RuntimeLeafInfo                               : loaded 2 times (x 72B)
Class com.android.repository.impl.meta.RepoPackageImpl$UsesLicense                    : loaded 2 times (x 75B)
Class com.android.build.gradle.internal.scope.InternalArtifactType$RUNTIME_LIBRARY_CLASSES_DIR: loaded 2 times (x 76B)
Class com.android.build.gradle.internal.scope.InternalArtifactType$UNIT_TEST_LINT_MODEL: loaded 2 times (x 76B)
Class com.android.build.gradle.internal.cxx.logging.ThreadLoggingEnvironment$Companion: loaded 2 times (x 73B)
Class com.android.build.gradle.internal.tasks.ExtractApksTask$CreationAction$handleProvider$3: loaded 2 times (x 133B)
Class com.android.build.gradle.internal.tasks.factory.AndroidVariantTaskCreationAction: loaded 2 times (x 94B)
Class org.jetbrains.kotlin.gradle.plugin.mpp.KotlinAndroidTargetVariantDsl            : loaded 2 times (x 72B)
Class com.android.build.gradle.internal.tasks.DexFileDependenciesTask$CreationAction  : loaded 2 times (x 95B)
Class org.jetbrains.kotlin.gradle.plugin.mpp.compilationImpl.factory.KotlinJvmCompilerOptionsFactory$create$kotlinOptions$1: loaded 2 times (x 103B)
Class com.android.build.gradle.internal.tasks.CheckManifest$CreationAction$handleProvider$1: loaded 2 times (x 133B)
Class com.android.build.gradle.internal.dependency.VariantDependencies$computeArtifactCollection$2: loaded 2 times (x 77B)
Class com.android.build.gradle.internal.TestFixturesTaskManager                       : loaded 2 times (x 84B)
Class com.android.build.gradle.internal.core.dsl.impl.DslInfoCommonKt$initTestApplicationId$2: loaded 2 times (x 76B)
Class com.android.build.api.instrumentation.InstrumentationScope                      : loaded 2 times (x 81B)
Class com.android.build.gradle.internal.lint.AndroidLintGlobalTask$UpdateBaselineCreationAction$Companion: loaded 2 times (x 73B)
Class com.android.builder.signing.DefaultSigningConfig$Companion                      : loaded 2 times (x 73B)
Class com.android.build.gradle.internal.dsl.BundleOptionsAbi$AgpDecorated_Decorated   : loaded 2 times (x 127B)
Class com.android.build.api.artifact.Artifact$Companion                               : loaded 2 times (x 73B)
Class com.android.build.gradle.internal.dsl.AgpExperimentalApiOptInRequiredException  : loaded 2 times (x 84B)
Class [Lcom.android.build.gradle.internal.core.Abi;                                   : loaded 2 times (x 71B)
Class org.jetbrains.kotlin.compose.compiler.gradle.ComposeFeatureFlag                 : loaded 2 times (x 72B)
Class com.android.build.api.dsl.FusedLibraryExtension                                 : loaded 2 times (x 72B)
Class com.android.build.gradle.internal.dsl.AndroidTestImpl                           : loaded 2 times (x 79B)
Class org.jetbrains.kotlin.gradle.plugin.DefaultKotlinBasePlugin$setupAttributeMatchingStrategy$1$1: loaded 2 times (x 81B)
Class org.jetbrains.kotlin.gradle.internal.properties.PropertiesBuildService$property$1: loaded 2 times (x 81B)
Class com.android.build.gradle.internal.dsl.MinSdkSpecImpl$AgpDecorated               : loaded 2 times (x 86B)
Class com.android.build.gradle.internal.ManagedDeviceUtilsKt$getManagedDeviceAvdFolder$1: loaded 2 times (x 77B)
Class com.android.build.gradle.internal.services.AndroidLocationsBuildService$Inject_ : loaded 2 times (x 112B)
Class com.google.protobuf.PrimitiveNonBoxingCollection                                : loaded 2 times (x 72B)
Class com.google.wireless.android.sdk.stats.InstantRunStatus                          : loaded 2 times (x 206B)
Class com.android.build.gradle.internal.profile.AnalyticsConfiguratorService$State    : loaded 2 times (x 81B)
Class com.android.build.gradle.internal.manifest.LazyManifestParser$manifestData$1    : loaded 2 times (x 77B)
Class com.android.build.gradle.internal.plugins.AndroidPluginBaseServices$projectServices$2$1$3: loaded 2 times (x 81B)
Class com.android.build.api.component.impl.ComponentBuilderImpl                       : loaded 2 times (x 94B)
Class com.android.build.gradle.options.FeatureStage$SoftlyEnforced                    : loaded 2 times (x 74B)
Class com.android.build.gradle.api.FusedLibraryPlugin                                 : loaded 2 times (x 76B)
Class com.android.build.gradle.internal.plugins.BasePlugin$variantManager$2           : loaded 2 times (x 81B)
Class org.gradle.accessors.dm.LibrariesForLibsInPluginsBlock_Decorated                : loaded 2 times (x 128B)
Class org.gradle.accessors.dm.LibrariesForLibs$AndroidxLifecycleLibraryAccessors      : loaded 2 times (x 79B)
Class com.android.build.gradle.internal.variant.BaseVariantData                       : loaded 2 times (x 74B)
Class com.android.build.api.variant.ExternalNativeBuild                               : loaded 2 times (x 72B)
Class com.android.build.gradle.internal.core.dsl.impl.InstrumentedTestDslInfoImpl     : loaded 2 times (x 82B)
Class com.android.build.api.component.impl.DeviceTestImpl$renderscriptCreationConfig$2: loaded 2 times (x 81B)
Class [Lcom.android.tools.idea.gradle.model.ResolverType;                             : loaded 2 times (x 71B)
Class com.android.tools.idea.gradle.project.sync.LibraryIdentity                      : loaded 2 times (x 74B)
Class com.android.tools.idea.gradle.model.IdeVariantCore                              : loaded 2 times (x 72B)
Class org.jetbrains.kotlin.gradle.tasks.configuration.AbstractKotlinCompileConfig$1   : loaded 2 times (x 81B)
Class com.android.tools.idea.gradle.project.upgrade.AndroidGradlePluginCompatibilityKt: loaded 2 times (x 73B)
Class com.android.tools.idea.gradle.project.sync.BasicIncompleteAndroidModule         : loaded 2 times (x 75B)
Class org.jetbrains.kotlin.gradle.plugin.mpp.compilationImpl.KotlinCompilationFriendPathsResolver: loaded 2 times (x 72B)
Class com.android.tools.idea.gradle.project.sync.ActionToRun$toSafeController$1       : loaded 2 times (x 92B)
Class org.gradle.tooling.model.GradleTask                                             : loaded 2 times (x 72B)
Class com.android.build.api.variant.impl.SigningConfigImpl$enableV4Signing$1          : loaded 2 times (x 77B)
Class com.android.build.gradle.tasks.ProcessTestManifest$CreationAction$handleProvider$2: loaded 2 times (x 133B)
Class com.android.build.api.variant.impl.ManifestFilesImpl                            : loaded 2 times (x 82B)
Class com.android.build.gradle.internal.tasks.Workers$ProfileAwareExecutorServiceAdapter: loaded 2 times (x 89B)
Class com.android.build.gradle.internal.scope.BootClasspathBuilder$computeClasspath$1 : loaded 2 times (x 77B)
Class org.gradle.kotlin.dsl.Accessors7cddnu26duc8nxp06w1clhaoeKt                      : loaded 2 times (x 73B)
Class com.android.repository.api.LocalPackage                                         : loaded 2 times (x 72B)
Class com.android.repository.impl.generated.v1.DependencyType                         : loaded 2 times (x 83B)
Class javax.xml.bind.annotation.XmlSchema                                             : loaded 2 times (x 72B)
Class com.android.builder.sdk.LicenceNotAcceptedException                             : loaded 2 times (x 84B)
Class com.android.build.gradle.internal.ide.v2.VersionsImpl                           : loaded 2 times (x 78B)
Class com.android.build.gradle.internal.dependency.DexingNoClasspathTransform$Inject_1: loaded 2 times (x 114B)
Class com.android.build.gradle.internal.scope.BuildArtifactSpec                       : loaded 2 times (x 74B)
Class com.android.build.gradle.internal.scope.InternalArtifactType$ANDROID_TEST_LINT_MODEL: loaded 2 times (x 76B)
Class com.android.build.gradle.internal.VariantTaskManager$createAnchorAssembleTasks$3: loaded 2 times (x 77B)
Class com.android.build.gradle.internal.lint.VariantWithTests                         : loaded 2 times (x 74B)
Class com.android.build.gradle.internal.variant.BuildAuthorSpecifiedDefaultBuildTypeComparator: loaded 2 times (x 92B)
Class com.android.build.api.component.impl.DefaultSourcesProviderImpl$getBaselineProfiles$1: loaded 2 times (x 133B)
Class com.android.build.gradle.internal.api.ApkVariantImpl                            : loaded 2 times (x 251B)
Class com.android.build.gradle.internal.scope.InternalArtifactType$MERGED_JAVA_RES    : loaded 2 times (x 76B)
Class org.jetbrains.kotlin.gradle.plugin.mpp.compilationImpl.factory.KotlinCompilationImplFactory$ProcessResourcesTaskNameFactory: loaded 2 times (x 72B)
Class org.jetbrains.kotlin.gradle.tasks.KotlinCompilationTask                         : loaded 2 times (x 72B)
Class com.android.build.api.variant.impl.ResourcesApkPackagingImpl                    : loaded 2 times (x 82B)
Class com.android.build.gradle.internal.tasks.ProcessJavaResTask$CreationAction$handleProvider$1: loaded 2 times (x 133B)
Class com.android.build.gradle.internal.tasks.factory.features.AndroidResourcesTaskCreationActionImpl: loaded 2 times (x 77B)
Class com.android.build.gradle.internal.scope.InternalArtifactType$METADATA_APPLICATION_ID: loaded 2 times (x 76B)
Class com.android.build.api.component.impl.ComponentImpl$computeLocalPackagedJars$1   : loaded 2 times (x 82B)
Class [Lcom.android.builder.dexing.DexingType;                                        : loaded 2 times (x 71B)
Class com.android.build.gradle.internal.VariantTaskManager$checkMultidexDependency$$inlined$filterIsInstance$1: loaded 2 times (x 76B)
Class com.android.build.gradle.internal.core.dsl.NestedComponentDslInfo               : loaded 2 times (x 72B)
Class com.android.build.api.variant.BuildConfigField                                  : loaded 2 times (x 74B)
Class com.android.build.gradle.internal.component.features.BuildConfigCreationConfig  : loaded 2 times (x 72B)
Class com.android.build.api.variant.AndroidTestBuilder                                : loaded 2 times (x 72B)
Class com.android.build.gradle.internal.core.dsl.impl.DslInfoUtilsKt                  : loaded 2 times (x 73B)
Class org.jetbrains.kotlin.compose.compiler.gradle.ComposeCompilerGradlePluginExtension: loaded 2 times (x 78B)
Class com.android.build.gradle.internal.tasks.NonIncrementalGlobalTask                : loaded 2 times (x 329B)
Class com.android.build.gradle.internal.plugins.BasePlugin$createTasks$1              : loaded 2 times (x 77B)
Class com.android.build.gradle.internal.plugins.BasePlugin$buildOutputs$2$1           : loaded 2 times (x 80B)
Class com.android.build.gradle.internal.dsl.AnnotationProcessorOptions$AgpDecorated   : loaded 2 times (x 108B)
Class com.android.build.gradle.internal.SdkLibDataFactory                             : loaded 2 times (x 74B)
Class com.sun.xml.bind.api.CompositeStructure                                         : loaded 2 times (x 74B)
Class com.android.build.gradle.internal.dsl.InternalFusedLibraryExtension             : loaded 2 times (x 72B)
Class com.android.build.gradle.internal.dsl.MultiDexConfigImpl                        : loaded 2 times (x 82B)
Class com.intellij.gradle.toolingExtension.modelAction.GradleModelFetchPhase$ProjectLoaded: loaded 2 times (x 72B)
Class org.jetbrains.kotlin.gradle.plugin.DefaultKotlinBasePlugin$setupAttributeMatchingStrategy$1$2: loaded 2 times (x 81B)
Class org.jetbrains.kotlin.gradle.targets.native.internal.PlatformLibrariesGenerator$Companion: loaded 2 times (x 73B)
Class com.android.tools.analytics.CommonMetricsData                                   : loaded 2 times (x 73B)
Class com.intellij.gradle.toolingExtension.modelProvider.GradleClassProjectModelProvider: loaded 2 times (x 82B)
Class com.android.tools.idea.gradle.model.impl.FileImpl                               : loaded 2 times (x 123B)
Class com.android.build.gradle.internal.profile.AnalyticsConfiguratorService$Params$Inject_: loaded 2 times (x 108B)
Class com.android.tools.idea.gradle.model.IdeVectorDrawablesOptions                   : loaded 2 times (x 72B)
Class com.android.tools.idea.gradle.model.IdeSourceProvider                           : loaded 2 times (x 74B)
Class com.android.tools.idea.gradle.model.IdeTestOptions                              : loaded 2 times (x 72B)
Class com.intellij.openapi.diagnostic.DefaultLogger                                   : loaded 2 times (x 103B)
Class com.android.build.gradle.options.FeatureStage                                   : loaded 2 times (x 74B)
Class com.android.build.gradle.internal.plugins.BasePlugin$variantFactory$2           : loaded 2 times (x 81B)
Class com.android.build.gradle.internal.component.PublishableCreationConfig           : loaded 2 times (x 72B)
Class com.intellij.openapi.diagnostic.Attachment                                      : loaded 2 times (x 74B)
Class com.android.tools.idea.gradle.project.sync.GradleProject$ModelConsumer          : loaded 2 times (x 74B)
Class org.gradle.accessors.dm.LibrariesForLibsInPluginsBlock$AndroidxNavigationRuntimeLibraryAccessors: loaded 2 times (x 79B)
Class com.android.tools.idea.gradle.project.sync.ModelFetchersKt$findKotlinModelsForAndroidProject$kotlinModel$1: loaded 2 times (x 77B)
Class com.android.tools.idea.gradle.project.sync.VariantNameResolutionKt$buildVariantNameResolver$1: loaded 2 times (x 77B)
Class com.android.tools.idea.gradle.model.impl.IdeVariantBuildInformationImpl         : loaded 2 times (x 78B)
Class com.android.builder.errors.EvalIssueException                                   : loaded 2 times (x 84B)
Class com.intellij.gradle.toolingExtension.impl.util.GradleModelProviderUtil          : loaded 2 times (x 73B)
Class com.android.ide.common.blame.SourcePosition                                     : loaded 2 times (x 73B)
Class com.google.gson.internal.reflect.ReflectionHelper$RecordSupportedHelper         : loaded 2 times (x 80B)
Class com.sun.xml.bind.v2.runtime.ValueListBeanInfoImpl                               : loaded 2 times (x 91B)
Class com.android.repository.impl.meta.RepoPackageImpl$Dependencies                   : loaded 2 times (x 74B)
Class com.android.sdklib.repository.generated.sysimg.v5.ObjectFactory                 : loaded 2 times (x 77B)
Class com.android.build.gradle.internal.SdkComponentsBuildService$VersionedSdkLoader$optionalLibrariesProvider$1: loaded 2 times (x 77B)
Class [Lcom.android.build.api.artifact.Artifact$Single;                               : loaded 2 times (x 71B)
Class com.android.build.api.artifact.SingleArtifact$AAR                               : loaded 2 times (x 76B)
Class com.android.build.gradle.internal.publishing.PublishingSpecs$VariantSpec        : loaded 2 times (x 72B)
Class com.android.build.gradle.internal.VariantTaskManager$createAnchorAssembleTasks$4: loaded 2 times (x 77B)
Class com.android.build.gradle.internal.scope.InternalArtifactType$BUNDLE_IDE_REDIRECT_FILE: loaded 2 times (x 76B)
Class com.android.build.gradle.internal.scope.InternalArtifactType$APK_IDE_REDIRECT_FILE: loaded 2 times (x 76B)
Class com.android.build.gradle.internal.scope.InternalArtifactType$EXTERNAL_LIBS_DEX_ARCHIVE_WITH_ARTIFACT_TRANSFORMS: loaded 2 times (x 76B)
Class org.jetbrains.kotlin.tooling.core.ExtrasProperty                                : loaded 2 times (x 72B)
Class org.jetbrains.kotlin.gradle.plugin.mpp.compilationImpl.KotlinCompilationSourceSetInclusion$Companion: loaded 2 times (x 73B)
Class [Lorg.jetbrains.kotlin.gradle.plugin.sources.android.AndroidVariantType;        : loaded 2 times (x 71B)
Class org.jetbrains.kotlin.compilerRunner.UsesCompilerSystemPropertiesService         : loaded 2 times (x 72B)
Class com.android.build.api.artifact.SingleArtifact$RUNTIME_SYMBOL_LIST               : loaded 2 times (x 76B)
Class com.android.build.gradle.tasks.CompatibleScreensManifest$CreationAction$handleProvider$1: loaded 2 times (x 133B)
Class com.android.build.gradle.tasks.ExtractDeepLinksTask$BaseCreationAction$handleProvider$1: loaded 2 times (x 133B)
Class com.android.build.api.component.impl.ComponentImpl$providedOnlyClasspath$2      : loaded 2 times (x 81B)
Class com.android.build.api.variant.impl.ApplicationVariantBuilderImpl$androidTest$2  : loaded 2 times (x 81B)
Class com.android.build.api.variant.impl.ApplicationVariantBuilderImpl$dependenciesInfo$2: loaded 2 times (x 81B)
Class com.android.build.gradle.internal.core.dsl.impl.ConsumableComponentDslInfoImpl$buildConfigDslInfo$2: loaded 2 times (x 81B)
Class com.android.build.gradle.internal.plugins.BasePlugin$createTasks$2              : loaded 2 times (x 79B)
Class com.android.build.gradle.internal.tasks.BaseTask                                : loaded 2 times (x 328B)
Class com.android.build.gradle.internal.dsl.BuildType$AgpDecorated_Decorated          : loaded 2 times (x 446B)
Class com.android.build.api.artifact.impl.ArtifactsImpl$1                             : loaded 2 times (x 80B)
Class com.android.build.api.dsl.ApplicationBuildFeatures                              : loaded 2 times (x 72B)
Class com.android.build.gradle.internal.dsl.Splits                                    : loaded 2 times (x 83B)
Class com.android.build.gradle.internal.dsl.BundleOptionsDeviceGroup                  : loaded 2 times (x 83B)
Class com.android.build.gradle.internal.dsl.ProductFlavorFactory                      : loaded 2 times (x 79B)
Class com.android.build.api.dsl.TestVariantDimension                                  : loaded 2 times (x 72B)
Class com.android.build.api.dsl.ApplicationVariantDimension                           : loaded 2 times (x 72B)
Class org.jetbrains.kotlin.gradle.plugin.mpp.KotlinTargetSoftwareComponent            : loaded 2 times (x 91B)
Class org.jetbrains.kotlin.gradle.plugin.mpp.KotlinVariant                            : loaded 2 times (x 103B)
Class org.jetbrains.kotlin.gradle.utils.WhenPluginEnabledKt                           : loaded 2 times (x 73B)
Class org.jetbrains.kotlin.gradle.plugin.VariantImplementationFactories               : loaded 2 times (x 77B)
Class org.jetbrains.kotlin.gradle.internal.diagnostics.KotlinCompilerEmbeddableCheck  : loaded 2 times (x 73B)
Class org.jetbrains.kotlin.gradle.plugin.sources.android.AndroidVariantType           : loaded 2 times (x 81B)
Class com.android.build.gradle.internal.ide.dependencies.MavenCoordinatesCacheBuildService$Parameters_Decorated: loaded 2 times (x 132B)
Class com.android.build.gradle.internal.utils.AnalyticsEnabledValueSource$Params$Inject_: loaded 2 times (x 108B)
Class com.android.build.gradle.internal.profile.AnalyticsService$Params               : loaded 2 times (x 72B)
Class com.android.build.gradle.internal.utils.AnalyticsEnabledValueSource$Inject_     : loaded 2 times (x 111B)
Class com.android.build.gradle.internal.utils.AnalyticsEnabledValueSource$Params_Decorated: loaded 2 times (x 132B)
Class com.android.build.gradle.internal.dependency.GenericTransformParameters         : loaded 2 times (x 72B)
Class com.google.protobuf.CodedInputStream$StreamDecoder                              : loaded 2 times (x 121B)
Class com.android.build.gradle.options.HasFutureStage                                 : loaded 2 times (x 72B)
Class com.android.build.gradle.options.ProjectOptionService$Inject_                   : loaded 2 times (x 99B)
Class com.android.build.gradle.internal.plugins.BasePlugin$taskManagerConfig$2        : loaded 2 times (x 81B)
Class com.android.build.gradle.internal.plugins.AppPlugin$ApplicationAndroidComponentsExtensionImplCompat: loaded 2 times (x 116B)
Class org.gradle.accessors.dm.LibrariesForLibsInPluginsBlock$AndroidxLibraryAccessors : loaded 2 times (x 85B)
Class com.android.build.gradle.internal.services.Aapt2ThreadPoolBuildService$RegistrationAction: loaded 2 times (x 76B)
Class com.android.tools.idea.gradle.project.sync.SyncVariantResult                    : loaded 2 times (x 74B)
Class com.android.build.gradle.internal.AvdComponentsBuildService                     : loaded 2 times (x 78B)
Class com.android.tools.idea.gradle.model.impl.IdeVectorDrawablesOptionsImpl          : loaded 2 times (x 77B)
Class org.jetbrains.kotlin.idea.gradleTooling.model.kapt.KaptSourceSetModel           : loaded 2 times (x 72B)
Class com.android.build.gradle.internal.services.FakeDependencyJarBuildService$Params : loaded 2 times (x 72B)
Class org.jetbrains.kotlin.gradle.plugin.internal.CustomPropertiesFileValueSource$Parameters$Inject_: loaded 2 times (x 108B)
Class org.jetbrains.kotlin.gradle.report.BuildReportType                              : loaded 2 times (x 81B)
Class org.jetbrains.kotlin.gradle.targets.native.KonanPropertiesBuildService$Companion$registerIfAbsent$2$1: loaded 2 times (x 81B)
Class org.gradle.tooling.internal.consumer.versioning.VersionDetails$R28VersionDetails: loaded 2 times (x 82B)
Class com.android.build.api.dsl.JUnitEngineSpec                                       : loaded 2 times (x 72B)
Class javax.xml.bind.annotation.XmlSchemaType                                         : loaded 2 times (x 72B)
Class com.sun.xml.bind.v2.model.impl.RuntimeBuiltinLeafInfoImpl                       : loaded 2 times (x 135B)
Class com.sun.xml.bind.v2.model.impl.BuiltinLeafInfoImpl                              : loaded 2 times (x 107B)
Class com.android.build.gradle.internal.utils.ConsoleProgressIndicatorFactory$isTerminalSmart$2: loaded 2 times (x 81B)
Class com.android.build.gradle.internal.DependencyConfigurator$configureVariantTransforms$3$1$1: loaded 2 times (x 77B)
Class com.android.build.gradle.internal.dependency.LayoutlibExtractor$Inject_1        : loaded 2 times (x 111B)
Class com.android.build.gradle.internal.cxx.configure.GradleLocalPropertiesKt$gradleLocalProperties$propertiesContent$1: loaded 2 times (x 77B)
Class org.jetbrains.kotlin.tooling.core.Extras$Entry$Companion                        : loaded 2 times (x 73B)
Class org.jetbrains.kotlin.gradle.targets.js.dsl.KotlinWasmWasiTargetDsl              : loaded 2 times (x 72B)
Class com.android.build.api.variant.JniLibsTestedComponentPackaging                   : loaded 2 times (x 72B)
Class com.android.build.api.variant.JniLibsPackaging                                  : loaded 2 times (x 72B)
Class com.android.build.api.artifact.impl.ScopedArtifactsImpl$ScopedArtifactsContainer: loaded 2 times (x 74B)
Class com.android.build.api.variant.impl.VariantImpl$shadersCreationConfig$2          : loaded 2 times (x 81B)
Class com.android.build.api.component.impl.ComponentImpl$resValuesCreationConfig$2    : loaded 2 times (x 81B)
Class com.android.build.gradle.internal.core.dsl.impl.ConsumableComponentDslInfoImpl  : loaded 2 times (x 134B)
Class com.android.build.gradle.internal.profile.AnalyticsUtil                         : loaded 2 times (x 73B)
Class com.android.build.gradle.internal.dsl.SigningConfig$AgpDecorated_Decorated      : loaded 2 times (x 202B)
Class com.android.build.gradle.internal.dsl.ApplicationBuildFeaturesImpl_Decorated    : loaded 2 times (x 171B)
Class com.android.build.gradle.internal.dsl.TargetSdkSpecImpl                         : loaded 2 times (x 83B)
Class com.android.build.api.dsl.DexPackaging                                          : loaded 2 times (x 72B)
Class com.android.build.api.dsl.TestBuildType                                         : loaded 2 times (x 72B)
Class org.jetbrains.kotlin.gradle.internal.CompilerArgumentAware                      : loaded 2 times (x 72B)
Class org.jetbrains.kotlin.gradle.utils.StoredLazyProperty                            : loaded 2 times (x 77B)
Class com.android.prefs.Global                                                        : loaded 2 times (x 81B)
Class com.android.build.gradle.internal.dsl.JniLibsPackagingImpl$AgpDecorated_Decorated: loaded 2 times (x 139B)
Class com.android.build.gradle.internal.dsl.DexOptions                                : loaded 2 times (x 105B)
Class com.android.build.gradle.internal.profile.NoOpAnalyticsConfiguratorService$Inject_: loaded 2 times (x 104B)
Class kotlinx.coroutines.flow.MutableStateFlow                                        : loaded 2 times (x 72B)
Class com.android.build.api.artifact.impl.StorageProviderImpl                         : loaded 2 times (x 74B)
Class com.android.build.gradle.internal.tasks.LintCompile                             : loaded 2 times (x 330B)
Class [Lcom.android.build.gradle.options.SyncOptions$EvaluationMode;                  : loaded 2 times (x 71B)
Class com.android.build.gradle.internal.scope.BuildFeatureValues                      : loaded 2 times (x 72B)
Class com.android.build.api.extension.impl.VariantApiOperationsRegistrar              : loaded 2 times (x 74B)
Class com.android.build.api.variant.ApplicationAndroidComponentsExtension             : loaded 2 times (x 72B)
Class com.android.build.gradle.internal.manifest.ManifestValueSource$Params_Decorated : loaded 2 times (x 132B)
Class com.android.build.gradle.internal.dependency.VariantDependenciesBuilder         : loaded 2 times (x 84B)
Class com.android.build.api.attributes.AgpVersionAttr                                 : loaded 2 times (x 72B)
Class com.android.build.gradle.internal.variant.ApkVariantData                        : loaded 2 times (x 74B)
Class com.android.ide.common.gradle.Component$Companion                               : loaded 2 times (x 73B)
Class com.android.tools.idea.gradle.model.IdeLintOptions                              : loaded 2 times (x 72B)
Class com.android.tools.idea.gradle.project.sync.VariantAssetSourceProviderContext    : loaded 2 times (x 74B)
Class com.android.tools.idea.gradle.project.sync.DefaultVariantsKt$getDefaultVariant$$inlined$compareBy$1: loaded 2 times (x 92B)
Class com.android.builder.model.v2.dsl.ClassField                                     : loaded 2 times (x 72B)
Class com.google.common.collect.Cut$BelowAll                                          : loaded 2 times (x 90B)
Class com.android.tools.idea.gradle.project.sync.AndroidExtraModelProviderWorkerKt    : loaded 2 times (x 73B)
Class com.android.build.api.variant.AnnotationProcessor                               : loaded 2 times (x 72B)
Class org.jetbrains.plugins.gradle.tooling.util.ClassMap                              : loaded 2 times (x 74B)
Class com.android.build.gradle.tasks.ExtractDeepLinksTask$BaseCreationAction          : loaded 2 times (x 95B)
Class com.android.build.gradle.internal.tasks.AppClasspathCheckTask$CreationAction    : loaded 2 times (x 92B)
Class com.android.build.gradle.internal.dependency.VariantDependencies$Companion$WhenMappings: loaded 2 times (x 73B)
Class com.android.build.gradle.internal.tasks.ModuleMetadataWriterTask$CreationAction$handleProvider$1: loaded 2 times (x 133B)
Class com.android.repository.api.Repository                                           : loaded 2 times (x 81B)
Class com.android.build.gradle.internal.scope.InternalArtifactType$PREFAB_PACKAGE     : loaded 2 times (x 76B)
Class com.android.build.gradle.internal.dependency.RecalculateStackFramesTransform$Parameters: loaded 2 times (x 72B)
Class com.android.build.gradle.internal.dependency.LayoutlibExtractor                 : loaded 2 times (x 80B)
Class com.android.build.gradle.internal.lint.AndroidLintTextOutputTask$SingleVariantCreationAction: loaded 2 times (x 94B)
Class com.android.build.api.variant.impl.SourcesImpl$extras$2                         : loaded 2 times (x 81B)
Class com.android.build.gradle.internal.scope.InternalArtifactType$SIGNING_CONFIG_DATA: loaded 2 times (x 76B)
Class org.jetbrains.kotlin.gradle.plugin.mpp.KotlinJvmAgpCompilationFactory$WhenMappings: loaded 2 times (x 73B)
Class org.jetbrains.kotlin.gradle.plugin.sources.FragmentConsistencyChecks            : loaded 2 times (x 74B)
Class org.jetbrains.kotlin.gradle.plugin.diagnostics.IsAttachedToTerminalValueSource  : loaded 2 times (x 82B)
Class com.android.build.gradle.internal.scope.InternalArtifactType$LINT_PUBLISH_JAR   : loaded 2 times (x 76B)
Class com.android.build.gradle.internal.tasks.ProcessNavigationXmlTask$CreationAction : loaded 2 times (x 93B)
Class com.android.build.api.component.impl.DeviceTestImpl$shadersCreationConfig$2     : loaded 2 times (x 81B)
Class com.android.build.gradle.internal.core.dsl.impl.DslInfoCommonKt$initTestApplicationId$testAppIdFromFlavors$1: loaded 2 times (x 80B)
Class com.android.build.api.variant.impl.VariantOutputConfigurationImplKt             : loaded 2 times (x 73B)
Class com.android.build.api.component.impl.AnnotationProcessorImpl$finalListOfClassNames$1: loaded 2 times (x 77B)
Class com.android.build.api.AndroidPluginVersion                                      : loaded 2 times (x 77B)
Class com.android.build.gradle.internal.component.ComponentBasedMergeSourceSetFoldersCreationConfig: loaded 2 times (x 96B)
Class com.android.build.gradle.internal.api.artifact.SourceArtifactType$ANDROID_RESOURCES: loaded 2 times (x 76B)
Class org.jetbrains.kotlin.gradle.plugin.mpp.KotlinAndroidTarget$kotlinComponents$2   : loaded 2 times (x 81B)
Class org.jetbrains.kotlin.gradle.plugin.mpp.InternalKotlinTargetComponent            : loaded 2 times (x 95B)
Class org.jetbrains.kotlin.gradle.utils.ProviderApiUtilsKt                            : loaded 2 times (x 73B)
Class org.jetbrains.kotlin.gradle.targets.native.UsesKonanPropertiesBuildService      : loaded 2 times (x 72B)
Class org.jetbrains.kotlin.gradle.internal.properties.NativePropertiesLoader$forceDisableRunningInProcess$1: loaded 2 times (x 77B)
Class org.jetbrains.kotlin.gradle.utils.PersistentCachesKt                            : loaded 2 times (x 73B)
Class org.jetbrains.kotlin.gradle.internal.tasks.TaskWithLocalState                   : loaded 2 times (x 72B)
Class org.jetbrains.kotlin.gradle.internal.properties.PropertiesBuildService$Params   : loaded 2 times (x 72B)
Class org.jetbrains.kotlin.gradle.internal.diagnostics.GradleCompatibilityCheck       : loaded 2 times (x 73B)
Class com.android.build.gradle.tasks.MergeSourceSetFolders$MergeAssetCreationAction   : loaded 2 times (x 93B)
Class com.google.protobuf.Descriptors$Descriptor                                      : loaded 2 times (x 78B)
Class com.google.wireless.android.sdk.stats.InstantRunStatusOrBuilder                 : loaded 2 times (x 72B)
Class com.android.build.api.variant.impl.JniLibsTestedApkPackagingImpl                : loaded 2 times (x 93B)
Class [Lcom.android.tools.analytics.Environment$SystemProperty;                       : loaded 2 times (x 71B)
Class com.android.tools.analytics.AnalyticsSettings                                   : loaded 2 times (x 73B)
Class com.android.ide.common.blame.SourceFilePosition                                 : loaded 2 times (x 74B)
Class org.jetbrains.kotlin.gradle.report.UsesBuildMetricsService                      : loaded 2 times (x 72B)
Class org.jetbrains.kotlin.gradle.utils.ConfigurationCacheOpaqueValueSource           : loaded 2 times (x 81B)
Class org.jetbrains.kotlin.gradle.plugin.mpp.compilationImpl.factory.KotlinCompilationImplFactory$KotlinCompilationSourceSetsContainerFactory: loaded 2 times (x 72B)
Class org.gradle.accessors.dm.LibrariesForLibs$AndroidxNavigationLibraryAccessors     : loaded 2 times (x 80B)
Class org.jetbrains.kotlin.gradle.utils.MutableObservableSet                          : loaded 2 times (x 72B)
Class org.jetbrains.kotlin.gradle.plugin.hierarchy.KotlinSourceSetTreeClassifierKt    : loaded 2 times (x 73B)
Class com.android.tools.idea.gradle.model.IdeAndroidLibraryImpl$Companion             : loaded 2 times (x 73B)
Class com.android.tools.idea.gradle.model.IdeAndroidArtifactCore                      : loaded 2 times (x 72B)
Class com.android.tools.idea.gradle.model.impl.IdeApiVersionImpl                      : loaded 2 times (x 79B)
Class com.android.tools.idea.gradle.project.sync.AndroidProjectResult$Companion       : loaded 2 times (x 73B)
Class com.android.build.gradle.internal.TaskManager$addSubpluginOptionsForBuiltInKotlin$configureKotlinTask$1: loaded 2 times (x 81B)
Class com.google.common.collect.SortedLists$KeyPresentBehavior$1                      : loaded 2 times (x 82B)
Class org.gradle.tooling.model.kotlin.dsl.EditorReportSeverity                        : loaded 2 times (x 81B)
Class com.intellij.gradle.toolingExtension.impl.modelAction.GradleDaemonModelHolder$ConvertedModel: loaded 2 times (x 74B)
Class org.gradle.tooling.internal.consumer.converters.EclipseExternalDependencyUnresolvedMixin: loaded 2 times (x 75B)
Class com.android.build.gradle.internal.tasks.SigningConfigWriterTask$CreationAction$handleProvider$1: loaded 2 times (x 133B)
Class com.android.build.gradle.internal.tasks.GlobalSyntheticsMergeTask               : loaded 2 times (x 338B)
Class org.gradle.tooling.internal.consumer.versioning.VersionDetails$R44VersionDetails: loaded 2 times (x 82B)
Class org.jetbrains.kotlin.idea.projectModel.KotlinPlatform                           : loaded 2 times (x 81B)
Class com.android.build.gradle.tasks.ProcessTestManifest$CreationAction$handleProvider$1: loaded 2 times (x 133B)
Class com.sun.xml.bind.v2.model.core.LeafInfo                                         : loaded 2 times (x 72B)
Class com.android.repository.impl.generated.generic.v2.package-info                   : loaded 2 times (x 72B)
Class com.android.sdklib.repository.generated.common.v3.package-info                  : loaded 2 times (x 72B)
Class com.android.sdklib.repository.generated.addon.v2.LibrariesType                  : loaded 2 times (x 77B)
Class com.android.sdklib.AndroidTargetHash                                            : loaded 2 times (x 73B)
Class com.android.build.gradle.internal.SdkComponentsBuildService$VersionedSdkLoader$aapt2ExecutableProvider$1: loaded 2 times (x 76B)
Class com.android.build.gradle.internal.ide.v2.VersionsImpl$Companion                 : loaded 2 times (x 73B)
Class com.android.build.gradle.internal.TaskManager$PreBuildCreationAction            : loaded 2 times (x 93B)
Class com.android.build.gradle.internal.dependency.BaseDexingTransform$Parameters_Decorated: loaded 2 times (x 161B)
Class com.android.build.gradle.internal.dependency.AarTransform$Parameters            : loaded 2 times (x 72B)
Class com.android.build.gradle.internal.utils.HasConfigurableValuesKt                 : loaded 2 times (x 73B)
Class com.android.build.api.component.impl.DefaultSourcesProviderImpl$getResources$1  : loaded 2 times (x 80B)
Class com.android.build.api.variant.impl.LibraryVariantImpl                           : loaded 2 times (x 561B)
Class com.android.build.gradle.internal.tasks.ProcessNavigationXmlTask$LibraryCreationAction: loaded 2 times (x 93B)
Class com.android.build.gradle.internal.tasks.featuresplit.FeatureSetMetadataWriterTask: loaded 2 times (x 336B)
Class org.jetbrains.kotlin.gradle.utils.ConfigurationsKt$maybeCreateDependencyScope$1 : loaded 2 times (x 80B)
Class org.jetbrains.kotlin.gradle.plugin.sources.FragmentConsistencyChecks$languageVersionCheck$1: loaded 2 times (x 81B)
Class org.jetbrains.kotlin.gradle.plugin.statistics.UsesBuildFusService               : loaded 2 times (x 72B)
Class org.jetbrains.kotlin.gradle.tasks.K2MultiplatformCompilationTask                : loaded 2 times (x 72B)
Class com.android.build.gradle.internal.scope.InternalArtifactType$FEATURE_RESOURCE_PKG: loaded 2 times (x 76B)
Class com.android.build.gradle.internal.core.dsl.impl.InstrumentedTestDslInfoImpl$handleProfiling$2: loaded 2 times (x 76B)
Class com.android.build.api.variant.impl.HasDeviceTestsCreationConfig                 : loaded 2 times (x 72B)
Class com.android.build.gradle.internal.core.dsl.features.RenderscriptDslInfo         : loaded 2 times (x 72B)
Class com.android.build.gradle.internal.core.dsl.impl.VariantDslInfoImpl$initApplicationId$appIdFromFlavors$1: loaded 2 times (x 80B)
Class com.android.build.gradle.internal.variant.DimensionCombinator$Companion         : loaded 2 times (x 73B)
Class com.android.build.gradle.internal.variant.DimensionCombinator                   : loaded 2 times (x 74B)
Class com.android.build.gradle.internal.dsl.NdkBuildOptions$AgpDecorated_Decorated    : loaded 2 times (x 141B)
Class com.android.build.gradle.internal.dsl.NdkBuildOptions$AgpDecorated              : loaded 2 times (x 97B)
Class com.android.build.gradle.internal.dsl.CommonExtensionImpl$sdkComponents$2       : loaded 2 times (x 81B)
Class com.android.builder.model.PackagingOptions                                      : loaded 2 times (x 72B)
Class com.android.build.api.dsl.DynamicFeatureDefaultConfig                           : loaded 2 times (x 72B)
Class [Lcom.android.builder.core.ComponentType;                                       : loaded 2 times (x 71B)
Class [Lorg.jetbrains.kotlin.gradle.plugin.KotlinPlatformType;                        : loaded 2 times (x 71B)
Class org.jetbrains.kotlin.gradle.plugin.BuildFinishedListenerService$Companion$registerIfAbsent$1$1: loaded 2 times (x 81B)
Class org.jetbrains.kotlin.gradle.internal.diagnostics.GradleCompatibilityCheck$CurrentGradleVersionProvider: loaded 2 times (x 72B)
Class org.jetbrains.kotlin.gradle.plugin.mpp.DecoratedKotlinCompilation               : loaded 2 times (x 193B)
Class com.android.build.gradle.internal.lint.LintFixBuildService$RegistrationAction   : loaded 2 times (x 76B)
Class com.android.build.gradle.internal.attribution.CheckJetifierBuildService         : loaded 2 times (x 82B)
Class com.android.builder.profile.NameAnonymizer$ProjectCacheLoader                   : loaded 2 times (x 78B)
Class com.android.tools.analytics.AnalyticsPaths                                      : loaded 2 times (x 73B)
Class org.jetbrains.kotlin.gradle.dsl.KotlinHierarchyDsl                              : loaded 2 times (x 72B)
Class com.android.build.gradle.internal.plugins.BasePlugin$registeredExtension$2      : loaded 2 times (x 81B)
Class com.android.build.api.extension.impl.DslLifecycleComponentsOperationsRegistrar  : loaded 2 times (x 74B)
Class org.gradle.accessors.dm.LibrariesForLibsInPluginsBlock$AndroidxComposeMaterialLibraryAccessors: loaded 2 times (x 79B)
Class sync_studio_tooling5_5o80vyx3t1y518sbn592c4en7                                  : loaded 2 times (x 173B)
Class com.android.build.gradle.internal.SdkParsingUtilsKt                             : loaded 2 times (x 73B)
Class com.android.tools.idea.gradle.model.IdeAndroidLibraryImplKt                     : loaded 2 times (x 73B)
Class com.android.tools.idea.gradle.model.IdeArtifactLibrary                          : loaded 2 times (x 72B)
Class com.android.sdklib.repository.generated.repository.v1.LayoutlibType             : loaded 2 times (x 76B)
Class com.android.tools.idea.gradle.model.impl.IdeLintOptionsImpl                     : loaded 2 times (x 105B)
Class com.android.tools.idea.gradle.model.IdeSourceProviderContainer                  : loaded 2 times (x 72B)
Class com.google.common.collect.SortedLists$KeyPresentBehavior$2                      : loaded 2 times (x 82B)
Class org.gradle.internal.classloader.ClassLoaderHierarchy                            : loaded 2 times (x 72B)
Class org.gradle.tooling.model.gradle.BasicGradleProject                              : loaded 2 times (x 72B)
Class com.android.tools.idea.gradle.project.sync.HasLintJar                           : loaded 2 times (x 72B)
Class org.gradle.tooling.model.build.BuildEnvironment                                 : loaded 2 times (x 72B)
Class com.intellij.gradle.toolingExtension.impl.model.sourceSetModel.GradleSourceSetModelProvider: loaded 2 times (x 81B)
Class com.google.gson.internal.ReflectionAccessFilterHelper                           : loaded 2 times (x 73B)
Class com.google.gson.internal.reflect.ReflectionHelper$RecordHelper                  : loaded 2 times (x 77B)
Class com.android.tools.idea.gradle.project.sync.ModelFetchersKt$findNativeModuleModel$1: loaded 2 times (x 76B)
Class [Lcom.sun.xml.bind.v2.runtime.Location;                                         : loaded 2 times (x 71B)
Class com.sun.xml.bind.api.JAXBRIContext                                              : loaded 2 times (x 91B)
Class com.android.sdklib.repository.generated.addon.v3.package-info                   : loaded 2 times (x 72B)
Class com.android.build.gradle.internal.SdkLocator$SdkLocationSource                  : loaded 2 times (x 82B)
Class org.jetbrains.kotlin.gradle.dsl.KotlinTargetContainerWithPresetFunctions        : loaded 2 times (x 72B)
Class com.android.build.gradle.internal.DependencyConfigurator$configureVariantTransforms$3$1: loaded 2 times (x 77B)
Class com.android.build.gradle.internal.DependencyConfigurator$configureGeneralTransforms$10: loaded 2 times (x 77B)
Class com.android.build.gradle.internal.ndk.NdkHandler                                : loaded 2 times (x 74B)
Class com.android.build.gradle.internal.tasks.CompileArtProfileTask                   : loaded 2 times (x 345B)
Class org.jetbrains.kotlin.gradle.targets.js.dsl.KotlinWasmJsTargetDsl                : loaded 2 times (x 72B)
Class org.jetbrains.kotlin.gradle.plugin.mpp.compilationImpl.factory.ConfigurationNaming$Default: loaded 2 times (x 77B)
Class org.jetbrains.kotlin.gradle.plugin.sources.DefaultLanguageSettingsBuilder       : loaded 2 times (x 102B)
Class org.jetbrains.kotlin.gradle.plugin.sources.FragmentConsistencyChecks$languageVersionCheck$2: loaded 2 times (x 80B)
Class org.jetbrains.kotlin.gradle.plugin.mpp.compilationImpl.KotlinCompilationSourceSetInclusion: loaded 2 times (x 74B)
Class org.jetbrains.kotlin.gradle.plugin.diagnostics.ToolingDiagnosticRenderingOptionsKt$WhenMappings: loaded 2 times (x 73B)
Class org.jetbrains.kotlin.gradle.tasks.configuration.BaseKotlinCompileConfig$1       : loaded 2 times (x 81B)
Class com.android.build.gradle.internal.scope.InternalArtifactType$COMPILE_R_CLASS_JAR: loaded 2 times (x 76B)
Class com.android.build.gradle.tasks.MergeResources                                   : loaded 2 times (x 358B)
Class [Lcom.android.build.gradle.internal.TaskManager$MergeType;                      : loaded 2 times (x 71B)
Class com.android.build.gradle.internal.scope.InternalArtifactType$MANIFEST_MERGE_BLAME_FILE: loaded 2 times (x 76B)
Class com.android.build.gradle.internal.AbstractAppTaskManager$1                      : loaded 2 times (x 93B)
Class com.android.build.gradle.internal.core.dsl.impl.InstrumentedTestDslInfoImpl$handleProfiling$fromFlavor$1: loaded 2 times (x 80B)
Class com.android.build.api.variant.Dexing                                            : loaded 2 times (x 72B)
Class com.android.build.api.variant.PropertyAccessNotAllowedException                 : loaded 2 times (x 84B)
Class com.android.build.api.artifact.impl.SingleInitialProviderRequestImpl            : loaded 2 times (x 74B)
Class com.android.build.gradle.internal.BuildTypeData                                 : loaded 2 times (x 74B)
Class com.android.build.gradle.api.UnitTestVariant                                    : loaded 2 times (x 72B)
Class com.google.wireless.android.sdk.stats.ProjectApiUseOrBuilder                    : loaded 2 times (x 72B)
Class com.google.common.base.Converter$ReverseConverter                               : loaded 2 times (x 92B)
Class com.android.build.gradle.internal.dsl.MinSdkDelegate                            : loaded 2 times (x 86B)
Class com.android.build.gradle.internal.dsl.SigningConfigImpl                         : loaded 2 times (x 99B)
Class com.android.ide.common.signing.KeystoreHelper                                   : loaded 2 times (x 73B)
Class org.jetbrains.kotlin.gradle.utils.GradleConfigurationUtilsKt                    : loaded 2 times (x 73B)
Class org.jetbrains.kotlin.gradle.plugin.internal.CustomPropertiesFileValueSource$Parameters: loaded 2 times (x 72B)
Class org.jetbrains.kotlin.gradle.plugin.UsesBuildFinishedListenerService             : loaded 2 times (x 72B)
Class org.jetbrains.kotlin.gradle.dsl.KotlinPublishingDsl                             : loaded 2 times (x 72B)
Class org.jetbrains.kotlin.gradle.plugin.KotlinBaseApiPlugin                          : loaded 2 times (x 120B)
Class com.android.build.gradle.internal.services.SymbolTableBuildService$RegistrationAction: loaded 2 times (x 76B)
Class com.android.tools.idea.gradle.project.sync.VariantDiscovery$toProjectGraphAction$1$projectGraph$1: loaded 2 times (x 77B)
Class com.android.build.gradle.internal.plugins.AndroidPluginBaseServices$configuratorService$2$1: loaded 2 times (x 81B)
Class kotlinx.coroutines.flow.StateFlowKt                                             : loaded 2 times (x 73B)
Class com.android.tools.idea.gradle.project.sync.VariantSelectionKt$getModuleDependencyConfigurations$generateDirectModuleDependencies$allDependencies$1: loaded 2 times (x 97B)
Class com.android.build.gradle.internal.dsl.InternalCommonExtension                   : loaded 2 times (x 72B)
Class org.gradle.accessors.dm.LibrariesForLibsInPluginsBlock$BundleAccessors          : loaded 2 times (x 75B)
Class org.jetbrains.plugins.gradle.tooling.serialization.internal.IdeaProjectSerializationService$TargetBytecodeVersionGetter: loaded 2 times (x 77B)
Class org.jetbrains.plugins.gradle.tooling.serialization.internal.IdeaProjectSerializationService$11: loaded 2 times (x 78B)
Class sync_studio_tooling2_9vru2992uxdzxsd5p2f0plrjx                                  : loaded 2 times (x 173B)
Class jdk.internal.jimage.BasicImageReader                                            : loaded 2 times (x 97B)
Class [Lcom.android.tools.idea.gradle.model.IdeTestOptions$Execution;                 : loaded 2 times (x 71B)
Class com.android.builder.model.v2.models.AssetsTestSuiteSource                       : loaded 2 times (x 72B)
Class com.android.build.gradle.internal.plugins.AndroidPluginBaseServices             : loaded 2 times (x 80B)
Class com.google.common.collect.SortedLists$KeyPresentBehavior$3                      : loaded 2 times (x 82B)
Class org.gradle.internal.impldep.com.google.common.base.Present                      : loaded 2 times (x 83B)
Class org.gradle.tooling.internal.consumer.connection.HasCompatibilityMapping         : loaded 2 times (x 75B)
Class com.android.build.gradle.internal.ClasspathVerifier                             : loaded 2 times (x 73B)
Class com.android.build.gradle.internal.plugins.BasePlugin$dslServices$2              : loaded 2 times (x 81B)
Class org.gradle.tooling.internal.consumer.connection.InternalBuildActionAdapter      : loaded 2 times (x 82B)
Class com.google.gson.internal.bind.ReflectiveTypeAdapterFactory$FieldsData           : loaded 2 times (x 74B)
Class org.gradle.internal.installation.CurrentGradleInstallationLocator               : loaded 2 times (x 73B)
Class com.android.repository.impl.generated.v2.RepositoryType                         : loaded 2 times (x 88B)
Class [Ljavax.xml.bind.annotation.XmlNs;                                              : loaded 2 times (x 71B)
Class com.android.build.gradle.internal.publishing.KotlinMultiplatformVariantSpecBuilder: loaded 2 times (x 92B)
Class com.android.build.gradle.internal.scope.InternalArtifactType$UNIT_TEST_LINT_PARTIAL_RESULTS: loaded 2 times (x 76B)
Class [Lcom.android.build.gradle.internal.dependency.DexingOutputSplitTransform$DexOutput;: loaded 2 times (x 71B)
Class com.android.build.gradle.internal.DependencyConfigurator$configureVariantTransforms$3$2: loaded 2 times (x 77B)
Class com.android.build.gradle.internal.DependencyConfigurator$configureGeneralTransforms$11: loaded 2 times (x 80B)
Class com.android.build.gradle.internal.dependency.ClassesDirToClassesTransform       : loaded 2 times (x 80B)
Class com.android.build.gradle.internal.dependency.AarResourcesCompilerTransform      : loaded 2 times (x 80B)
Class com.android.build.gradle.internal.dependency.MockableJarTransform$Inject_1      : loaded 2 times (x 111B)
Class com.android.build.gradle.internal.errors.AndroidProblemReporterProvider$Parameters$Inject_: loaded 2 times (x 108B)
Class com.android.builder.compiling.BuildConfigType                                   : loaded 2 times (x 81B)
Class com.android.build.api.component.impl.DefaultSourcesProvider                     : loaded 2 times (x 72B)
Class com.android.build.gradle.internal.test.AbstractTestDataImpl$minSdkVersion$1     : loaded 2 times (x 81B)
Class com.android.build.gradle.internal.tasks.creationconfig.ProcessTestManifestCreationConfigKt$forTestComponent$2: loaded 2 times (x 146B)
Class com.android.build.gradle.internal.scope.InternalArtifactType$GLOBAL_SYNTHETICS_PROJECT: loaded 2 times (x 76B)
Class com.android.build.gradle.internal.tasks.GlobalSyntheticsGeneratorTask           : loaded 2 times (x 338B)
Class org.jetbrains.kotlin.gradle.plugin.diagnostics.UsesKotlinToolingDiagnosticsKt   : loaded 2 times (x 73B)
Class com.android.build.gradle.internal.res.LinkAndroidResForBundleTask               : loaded 2 times (x 352B)
Class com.android.build.api.component.impl.OldVariantApiLegacySupportImpl$JavaCompileOptionsForOldVariantAPI: loaded 2 times (x 77B)
Class com.android.build.gradle.internal.tasks.ApplicationIdWriterTask                 : loaded 2 times (x 337B)
Class [Lcom.android.build.gradle.internal.publishing.AndroidArtifacts$ArtifactType;   : loaded 2 times (x 71B)
Class com.android.build.api.variant.impl.VariantOutputConfigurationImpl               : loaded 2 times (x 78B)
Class com.android.build.api.variant.impl.ApplicationVariantImpl$renderscript$2        : loaded 2 times (x 81B)
Class com.android.build.gradle.internal.component.features.InstrumentationCreationConfig: loaded 2 times (x 72B)
Class com.android.build.api.variant.impl.HasHostTestsCreationConfig                   : loaded 2 times (x 72B)
Class com.android.build.gradle.internal.utils.GuavaKtxKt                              : loaded 2 times (x 73B)
Class com.android.build.api.artifact.impl.SingleArtifactContainer$initArtifactContainer$1: loaded 2 times (x 81B)
Class com.android.build.gradle.internal.services.VariantServicesImpl                  : loaded 2 times (x 116B)
Class com.android.build.gradle.internal.ide.v2.NativeModelBuilder_Decorated           : loaded 2 times (x 131B)
Class com.google.wireless.android.sdk.stats.GradleBuildProjectMetricsOrBuilder        : loaded 2 times (x 72B)
Class com.android.build.gradle.internal.errors.AndroidProblemReporterProvider$Inject_ : loaded 2 times (x 98B)
Class com.android.build.gradle.internal.dsl.ExternalNativeBuildOptions                : loaded 2 times (x 95B)
Class com.android.build.api.dsl.KeepRules                                             : loaded 2 times (x 72B)
Class org.jetbrains.kotlin.gradle.plugin.AbstractKotlinJsPluginWrapper                : loaded 2 times (x 88B)
Class org.jetbrains.kotlin.gradle.plugin.internal.MavenPublicationComponentAccessor   : loaded 2 times (x 72B)
Class org.jetbrains.kotlin.gradle.fus.BuildUidService                                 : loaded 2 times (x 82B)
Class org.jetbrains.kotlin.gradle.plugin.KotlinPluginWrapperKt                        : loaded 2 times (x 73B)
Class org.jetbrains.kotlin.gradle.plugin.mpp.InternalKotlinCompilation                : loaded 2 times (x 72B)
Class org.jetbrains.kotlin.gradle.plugin.KotlinJvmFactory                             : loaded 2 times (x 72B)
Class [Lcom.google.protobuf.Internal$EnumLite;                                        : loaded 2 times (x 71B)
Class com.google.protobuf.CodedInputStream$ArrayDecoder                               : loaded 2 times (x 121B)
Class com.android.tools.analytics.HostData$osBean$2                                   : loaded 2 times (x 80B)
Class com.android.tools.analytics.HostData                                            : loaded 2 times (x 73B)
Class com.google.protobuf.MapField                                                    : loaded 2 times (x 91B)
Class com.android.tools.analytics.AnalyticsLevel                                      : loaded 2 times (x 81B)
Class com.android.build.gradle.internal.LoggerWrapper                                 : loaded 2 times (x 88B)
Class com.android.builder.profile.NameAnonymizer                                      : loaded 2 times (x 74B)
Class com.google.protobuf.CodedInputStream$UnsafeDirectNioDecoder                     : loaded 2 times (x 121B)
Class com.android.build.gradle.options.Option$Status$Deprecated                       : loaded 2 times (x 74B)
Class com.android.build.gradle.internal.plugins.TestPlugin                            : loaded 2 times (x 99B)
Class org.jetbrains.kotlin.gradle.plugin.KotlinPlatformType$Companion                 : loaded 2 times (x 73B)
Class com.android.tools.idea.gradle.project.sync.AllKotlinModels                      : loaded 2 times (x 74B)
Class org.jetbrains.kotlin.gradle.plugin.KotlinPlatformType$DisambiguationRule        : loaded 2 times (x 78B)
Class com.google.common.collect.SortedLists                                           : loaded 2 times (x 73B)
Class [Lcom.google.common.collect.SortedLists$KeyPresentBehavior;                     : loaded 2 times (x 71B)
Class com.google.common.collect.SortedLists$KeyPresentBehavior$4                      : loaded 2 times (x 82B)
Class org.gradle.tooling.model.idea.IdeaJavaLanguageSettings                          : loaded 2 times (x 72B)
Class com.android.build.api.dsl.DynamicFeatureVariantDimension                        : loaded 2 times (x 72B)
Class org.jetbrains.plugins.gradle.tooling.serialization.internal.adapter.kotlin.dsl.InternalKotlinDslScriptsModel: loaded 2 times (x 78B)
Class org.gradle.tooling.internal.adapter.ProtocolToModelAdapter$ChainedMethodInvoker : loaded 2 times (x 78B)
Class com.android.build.gradle.internal.dsl.decorator.SupportedPropertyType$Collection$Set: loaded 2 times (x 76B)
Class com.android.build.gradle.internal.dsl.ConsumerKeepRulesImpl                     : loaded 2 times (x 94B)
Class com.android.build.gradle.internal.dsl.VcsInfoImpl                               : loaded 2 times (x 79B)
Class com.google.common.collect.ImmutableMultimap$Builder                             : loaded 2 times (x 88B)
Class org.gradle.internal.service.DefaultServiceLocator                               : loaded 2 times (x 85B)
Class javax.xml.bind.annotation.XmlAttribute                                          : loaded 2 times (x 72B)
Class com.android.sdklib.repository.generated.repository.v3.package-info              : loaded 2 times (x 72B)
Class com.android.build.gradle.internal.FileExistsValueSource$Params$Inject_          : loaded 2 times (x 108B)
Class com.android.build.gradle.internal.api.BaseVariantImpl                           : loaded 2 times (x 217B)
Class com.android.build.gradle.internal.tasks.PackageBundleTask$CreationAction        : loaded 2 times (x 92B)
Class com.android.build.gradle.internal.dsl.CompileSdkSpecImpl                        : loaded 2 times (x 92B)
Class org.jetbrains.kotlin.gradle.plugin.mpp.compilationImpl.KotlinAndroidCompilationAssociator: loaded 2 times (x 76B)
Class org.jetbrains.kotlin.compilerRunner.CompilerSystemPropertiesService$Companion$registerIfAbsent$1: loaded 2 times (x 77B)
Class com.android.build.gradle.internal.component.BuiltInKotlinCreationConfig         : loaded 2 times (x 72B)
Class com.android.build.gradle.tasks.JavaPreCompileTask                               : loaded 2 times (x 337B)
Class com.android.build.gradle.internal.scope.InternalArtifactType$MERGED_NATIVE_LIBS_BLAME: loaded 2 times (x 76B)
Class com.android.build.gradle.internal.res.LinkAndroidResForBundleTask$CreationAction$handleProvider$1: loaded 2 times (x 133B)
Class com.android.build.gradle.tasks.ProcessApplicationManifest$CreationAction        : loaded 2 times (x 92B)
Class com.android.build.gradle.internal.scope.InternalArtifactType$COMPILE_MANIFEST_JAR: loaded 2 times (x 76B)
Class com.android.build.gradle.internal.tasks.StripDebugSymbolsTask$CreationAction    : loaded 2 times (x 92B)
Class com.android.build.api.component.impl.ComponentImpl$sources$2                    : loaded 2 times (x 81B)
Class com.android.build.api.variant.impl.ApplicationVariantImpl_Decorated             : loaded 2 times (x 687B)
Class com.android.build.gradle.internal.variant.ApplicationVariantData                : loaded 2 times (x 78B)
Class com.android.build.gradle.internal.profile.ProfilingMode                         : loaded 2 times (x 81B)
Class com.android.build.api.artifact.impl.TypedStorageProvider$getArtifact$1$1        : loaded 2 times (x 81B)
Class com.android.build.gradle.internal.tasks.GlobalTask                              : loaded 2 times (x 72B)
Class com.android.build.gradle.internal.cxx.gradle.generator.CxxMetadataGenerator     : loaded 2 times (x 72B)
Class com.android.build.api.artifact.impl.StorageProviderImpl$fileStorage$1           : loaded 2 times (x 80B)
Class com.google.wireless.android.sdk.stats.GradlePluginData                          : loaded 2 times (x 201B)
Class com.android.build.api.dsl.JacocoOptions                                         : loaded 2 times (x 72B)
Class com.android.build.gradle.internal.api.LazyAndroidSourceSet                      : loaded 2 times (x 74B)
Class com.android.build.api.dsl.DefaultConfig                                         : loaded 2 times (x 72B)
Class org.jetbrains.kotlin.gradle.plugin.internal.DefaultProjectIsolationStartParameterAccessor_Decorated: loaded 2 times (x 123B)
Class org.jetbrains.kotlin.gradle.plugin.internal.ProjectIsolationStartParameterAccessorKt: loaded 2 times (x 73B)
Class org.jetbrains.kotlin.gradle.dsl.KaptExtensionConfig                             : loaded 2 times (x 72B)
Class com.android.build.gradle.internal.dsl.CoreExternalNativeCmakeOptions            : loaded 2 times (x 72B)
Class com.android.builder.profile.AnalyticsProfileWriter$Companion                    : loaded 2 times (x 73B)
Class com.android.build.api.dsl.AndroidSourceFile                                     : loaded 2 times (x 72B)
Class com.google.protobuf.ProtocolStringList                                          : loaded 2 times (x 72B)
Class com.android.build.gradle.internal.errors.SyncIssueReporterImpl$GlobalSyncIssueService$Parameters_Decorated: loaded 2 times (x 141B)
Class com.android.build.gradle.internal.dsl.ManagedDevices                            : loaded 2 times (x 82B)
Class com.android.build.gradle.internal.dsl.CmakeOptions$AgpDecorated_Decorated       : loaded 2 times (x 148B)
Class com.android.build.gradle.internal.plugins.AndroidPluginBaseServices$projectServices$2: loaded 2 times (x 81B)
Class com.android.build.gradle.internal.VariantManager                                : loaded 2 times (x 74B)
Class jdk.internal.jrtfs.JrtDirectoryStream                                           : loaded 2 times (x 91B)
Class com.android.build.gradle.internal.dsl.SdkComponentsImpl_Decorated               : loaded 2 times (x 131B)
Class com.android.build.gradle.internal.services.FakeDependencyJarBuildService$FakeDependencyJarCreator$Params: loaded 2 times (x 72B)
Class com.android.build.gradle.internal.tasks.SigningConfigUtils$Companion$gson$2     : loaded 2 times (x 80B)
Class com.android.build.api.artifact.impl.SingleInitialProviderRequestImpl$on$2       : loaded 2 times (x 77B)
Class com.android.build.api.annotations.ReplacedByIncubating                          : loaded 2 times (x 72B)
Class com.android.tools.idea.gradle.project.sync.VariantNameResolutionKt              : loaded 2 times (x 73B)
Class com.android.build.gradle.internal.attributes.VariantAttr                        : loaded 2 times (x 72B)
Class com.google.common.collect.SortedLists$KeyPresentBehavior$5                      : loaded 2 times (x 82B)
Class com.google.common.collect.ComparisonChain$InactiveComparisonChain               : loaded 2 times (x 82B)
Class com.android.build.gradle.internal.scope.InternalArtifactType$METADATA_FEATURE_MANIFEST: loaded 2 times (x 76B)
Class org.jetbrains.plugins.gradle.model.FilePatternSet                               : loaded 2 times (x 72B)
Class org.jetbrains.plugins.gradle.model.GradleLightProject                           : loaded 2 times (x 72B)
Class com.android.build.gradle.internal.res.LinkApplicationAndroidResourcesTask       : loaded 2 times (x 385B)
Class com.android.tools.idea.gradle.project.sync.AdditionalClassifierArtifactsActionOptions: loaded 2 times (x 74B)
Class com.android.build.gradle.internal.scope.InternalArtifactType$COMPILE_AND_RUNTIME_R_CLASS_JAR: loaded 2 times (x 76B)
Class com.google.common.collect.ImmutableMultimap$EntryCollection                     : loaded 2 times (x 130B)
Class org.gradle.internal.installation.CurrentGradleInstallation                      : loaded 2 times (x 75B)
Class com.android.repository.api.Dependency                                           : loaded 2 times (x 79B)
Class com.android.repository.impl.meta.Archive                                        : loaded 2 times (x 86B)
Class [Lcom.android.repository.api.SchemaModule;                                      : loaded 2 times (x 71B)
Class com.android.build.gradle.internal.utils.ConsoleProgressIndicatorFactory$IsTerminalSmartValueSource$Inject_: loaded 2 times (x 111B)
Class com.android.ide.common.workers.WorkerExecutorFacade                             : loaded 2 times (x 72B)
Class com.android.build.gradle.internal.scope.InternalArtifactType$RESOURCES_CONFIG_MAP_FILE: loaded 2 times (x 76B)
Class com.android.build.gradle.internal.scope.InternalArtifactType$MERGED_STARTUP_PROFILE: loaded 2 times (x 76B)
Class com.android.build.gradle.internal.tasks.featuresplit.PackagedDependenciesWriterTask: loaded 2 times (x 337B)
Class com.android.build.gradle.internal.tasks.R8VersionCheckException                 : loaded 2 times (x 84B)
Class org.jetbrains.kotlin.gradle.plugin.sources.DefaultKotlinSourceSet$special$$inlined$Iterable$1: loaded 2 times (x 81B)
Class org.jetbrains.kotlin.gradle.plugin.KotlinTargetConfiguratorKt                   : loaded 2 times (x 73B)
Class org.jetbrains.kotlin.gradle.plugin.mpp.compilationImpl.factory.KotlinCompilationImplFactory$KotlinCompilerOptionsFactory$Options: loaded 2 times (x 74B)
Class org.jetbrains.kotlin.gradle.plugin.diagnostics.ToolingDiagnosticRenderingOptionsKt: loaded 2 times (x 73B)
Class com.android.build.gradle.internal.tasks.factory.features.AndroidResourcesTaskCreationAction: loaded 2 times (x 72B)
Class com.android.build.gradle.tasks.ProcessPackagedManifestTask$CreationAction$handleProvider$1: loaded 2 times (x 133B)
Class com.android.build.gradle.internal.tasks.ExtractNativeDebugMetadataTask$FullCreationAction: loaded 2 times (x 93B)
Class com.android.build.gradle.internal.services.VariantBuilderServicesImpl$ValueImpl : loaded 2 times (x 78B)
Class com.android.build.gradle.internal.tasks.DeviceSerialTestTask                    : loaded 2 times (x 323B)
Class com.google.wireless.android.sdk.stats.GradleBuildProjectMetrics                 : loaded 2 times (x 201B)
Class com.android.build.gradle.internal.dsl.ApplicationAndroidResourcesImpl           : loaded 2 times (x 126B)
Class com.android.build.api.dsl.TargetSdkSpec                                         : loaded 2 times (x 72B)
Class com.android.build.gradle.internal.dsl.JniLibsPackagingImpl                      : loaded 2 times (x 91B)
Class com.android.build.api.dsl.BundleLanguage                                        : loaded 2 times (x 72B)
Class com.android.build.api.dsl.BundleCountrySet                                      : loaded 2 times (x 72B)
Class com.android.build.api.dsl.BundleDeviceTier                                      : loaded 2 times (x 72B)
Class com.android.builder.core.AbstractProductFlavor                                  : loaded 2 times (x 196B)
Class org.jetbrains.kotlin.gradle.targets.native.internal.PlatformLibrariesGenerator  : loaded 2 times (x 74B)
Class org.jetbrains.kotlin.tooling.core.Extras$Type$Companion                         : loaded 2 times (x 73B)
Class org.jetbrains.kotlin.gradle.plugin.KotlinCompilation                            : loaded 2 times (x 72B)
Class org.jetbrains.kotlin.gradle.plugin.internal.ConfigurationCacheStartParameterAccessorKt: loaded 2 times (x 73B)
Class com.android.build.gradle.internal.services.SymbolTableBuildService              : loaded 2 times (x 81B)
Class com.android.build.gradle.internal.ide.v2.GlobalSyncService$Parameters           : loaded 2 times (x 72B)
Class org.jetbrains.kotlin.gradle.plugin.mpp.compilationImpl.factory.DefaultKotlinCompilationSourceSetsContainerFactory: loaded 2 times (x 77B)
Class com.android.builder.profile.Recorder$VoidBlock                                  : loaded 2 times (x 72B)
Class com.android.build.gradle.internal.tasks.UninstallTask                           : loaded 2 times (x 339B)
Class com.android.build.gradle.internal.tasks.BundleToStandaloneApkTask               : loaded 2 times (x 338B)
Class com.android.build.api.extension.impl.ApplicationAndroidComponentsExtensionImpl  : loaded 2 times (x 116B)
Class com.android.build.gradle.internal.dependency.SubtractingArtifactCollection$SubtractingArtifactResult$initFileCollection$1: loaded 2 times (x 77B)
Class com.android.build.gradle.internal.services.UsesAapt2ThreadPoolBuildService      : loaded 2 times (x 72B)
Class com.android.tools.idea.gradle.model.IdeUnknownLibrary                           : loaded 2 times (x 72B)
Class com.android.build.gradle.internal.publishing.OutputSpecImpl                     : loaded 2 times (x 80B)
Class com.android.tools.idea.gradle.project.sync.LibraryIdentity$LibraryIdentityProvider$special$$inlined$compareBy$1: loaded 2 times (x 92B)
Class com.android.build.api.variant.impl.ArtifactMetadataProcessor$Companion$handleFinalizedByForType$1$1$1: loaded 2 times (x 77B)
Class com.android.tools.idea.gradle.project.sync.GradleInjectedSyncActionRunner       : loaded 2 times (x 72B)
Class com.android.sdklib.repository.meta.DetailsTypes$PlatformDetailsType$LayoutlibType: loaded 2 times (x 75B)
Class com.android.sdklib.util.CacheByCanonicalPath                                    : loaded 2 times (x 74B)
Class com.android.repository.impl.generated.v1.ObjectFactory                          : loaded 2 times (x 109B)
Class com.sun.xml.bind.v2.model.impl.ArrayInfoImpl                                    : loaded 2 times (x 100B)
Class com.sun.xml.bind.v2.model.impl.ModelBuilder$1                                   : loaded 2 times (x 78B)
Class org.gradle.internal.classloader.FilteringClassLoader                            : loaded 2 times (x 106B)
Class com.google.gson.Gson$FutureTypeAdapter                                          : loaded 2 times (x 78B)
Class org.jetbrains.kotlin.idea.projectModel.KotlinTargetJar                          : loaded 2 times (x 72B)
Class org.gradle.util.internal.GUtil                                                  : loaded 2 times (x 73B)
Class javax.xml.bind.annotation.XmlElementDecl                                        : loaded 2 times (x 72B)
Class com.android.repository.impl.generated.v2.CompleteType                           : loaded 2 times (x 86B)
Class com.android.repository.api.SchemaModule$SchemaModuleVersion                     : loaded 2 times (x 78B)
Class com.android.build.gradle.internal.PlatformToolsComponents$Companion             : loaded 2 times (x 73B)
Class com.android.build.gradle.internal.SdkComponentsBuildService$VersionedSdkLoader$sdkLoadStrategy$2$1$1: loaded 2 times (x 81B)
Class com.android.build.gradle.internal.scope.InternalArtifactType$LINT_VITAL_PARTIAL_RESULTS: loaded 2 times (x 76B)
Class com.android.build.gradle.internal.scope.InternalArtifactType$GLOBAL_SYNTHETICS_MERGED: loaded 2 times (x 76B)
Class com.android.build.gradle.internal.scope.InternalArtifactType$VARIANT_CODE_COVERAGE_DATA: loaded 2 times (x 76B)
Class com.android.build.gradle.internal.utils.KgpUtils$recordKgpPropertiesForAnalytics$1: loaded 2 times (x 80B)
Class com.android.build.gradle.internal.DependencyConfigurator$configureGeneralTransforms$8$1: loaded 2 times (x 76B)
Class com.android.build.gradle.internal.SdkComponentsBuildService$Environment         : loaded 2 times (x 75B)
Class com.android.build.gradle.internal.scope.InternalArtifactType$DEVICE_SPEC_PATH_MAP: loaded 2 times (x 76B)
Class com.android.build.gradle.internal.tasks.factory.features.DexingTaskCreationActionImpl: loaded 2 times (x 77B)
Class com.android.build.gradle.internal.scope.InternalArtifactType$GENERATED_PROGUARD_FILE: loaded 2 times (x 76B)
Class org.jetbrains.kotlin.gradle.plugin.mpp.KotlinCompilationFactory                 : loaded 2 times (x 72B)
Class com.android.build.api.variant.impl.JniLibsPackagingImpl$pickFirsts$1            : loaded 2 times (x 77B)
Class com.android.build.gradle.tasks.ProcessPackagedManifestTask$CreationAction$handleProvider$2: loaded 2 times (x 133B)
Class com.android.build.gradle.internal.testsuites.impl.TestSuiteBuilderImpl          : loaded 2 times (x 88B)
Class com.android.build.gradle.internal.dsl.ModulePropertyKey$BooleanWithDefault$Companion: loaded 2 times (x 73B)
Class com.android.build.gradle.internal.variant.DimensionCombinationImpl              : loaded 2 times (x 78B)
Class com.android.build.gradle.api.TestVariant                                        : loaded 2 times (x 72B)
Class com.android.build.gradle.internal.CompileOptions$AgpDecorated_Decorated         : loaded 2 times (x 147B)
Class [Lcom.android.tools.lint.model.LintModelSeverity;                               : loaded 2 times (x 71B)
Class com.android.resources.ResourceEnum                                              : loaded 2 times (x 72B)
Class com.google.common.base.Converter$IdentityConverter                              : loaded 2 times (x 92B)
Class com.google.common.util.concurrent.AbstractFuture$SetFuture                      : loaded 2 times (x 77B)
Class org.jetbrains.plugins.gradle.model.ProjectImportModelProvider$GradleModelConsumer: loaded 2 times (x 72B)
Class com.android.build.api.dsl.DependenciesInfo                                      : loaded 2 times (x 72B)
Class com.android.build.gradle.internal.utils.KgpUtils                                : loaded 2 times (x 73B)
Class com.android.build.gradle.internal.services.BuiltInKotlinServices$Companion      : loaded 2 times (x 73B)
Class org.jetbrains.kotlin.gradle.utils.Future                                        : loaded 2 times (x 72B)
Class org.jetbrains.kotlin.gradle.plugin.mpp.AbstractKotlinCompilation                : loaded 2 times (x 193B)
Class com.android.prefs.PathLocator$WhenMappings                                      : loaded 2 times (x 73B)
Class com.google.wireless.android.sdk.stats.JavaProcessStats                          : loaded 2 times (x 208B)
Class com.android.tools.idea.gradle.project.sync.ModelFeature                         : loaded 2 times (x 81B)
Class com.google.protobuf.Message                                                     : loaded 2 times (x 72B)
Class com.android.build.gradle.internal.profile.NoOpAnalyticsConfiguratorService$RegistrationAction: loaded 2 times (x 76B)
Class com.android.tools.analytics.Environment$Companion$SYSTEM$1                      : loaded 2 times (x 75B)
Class com.android.tools.analytics.Environment$Companion                               : loaded 2 times (x 73B)
Class com.android.tools.analytics.Environment$SystemProperty                          : loaded 2 times (x 81B)
Class com.android.ide.common.blame.SourceFilePositionJsonSerializer                   : loaded 2 times (x 79B)
Class com.android.tools.idea.gradle.model.impl.IdeBuildTypeImpl                       : loaded 2 times (x 95B)
Class com.android.build.gradle.TestPlugin                                             : loaded 2 times (x 78B)
Class com.android.tools.idea.gradle.model.impl.IdeAndroidArtifactCoreImpl             : loaded 2 times (x 105B)
Class com.android.tools.idea.gradle.project.sync.ArtifactDependenciesCompat           : loaded 2 times (x 74B)
Class org.jetbrains.plugins.gradle.tooling.serialization.internal.IdeaProjectSerializationService$10: loaded 2 times (x 78B)
Class com.android.build.api.variant.HasUnitTestBuilder                                : loaded 2 times (x 72B)
Class com.android.tools.idea.gradle.project.sync.AndroidSdkBootClasspathUtilKt        : loaded 2 times (x 73B)
Class com.android.tools.idea.gradle.model.impl.IdeVariantCoreImpl                     : loaded 2 times (x 110B)
Class com.android.tools.idea.gradle.model.impl.IdeExtraSourceProviderImpl             : loaded 2 times (x 78B)
Class com.android.build.gradle.options.ApiStage$Deprecated                            : loaded 2 times (x 74B)
Class com.android.tools.idea.gradle.project.sync.AgpVersionTooOld                     : loaded 2 times (x 84B)
Class com.android.ide.common.blame.SourceFileJsonTypeAdapter                          : loaded 2 times (x 77B)
Class com.google.wireless.android.sdk.stats.JavaProcessStatsOrBuilder                 : loaded 2 times (x 72B)
Class com.android.prefs.AndroidPathLocator                                            : loaded 2 times (x 75B)
Class com.android.build.gradle.internal.services.ClassesHierarchyBuildService         : loaded 2 times (x 82B)
Class javax.activation.DataSource                                                     : loaded 2 times (x 72B)
Class com.sun.xml.bind.v2.model.runtime.RuntimeBuiltinLeafInfo                        : loaded 2 times (x 72B)
Class com.android.sdklib.repository.generated.sysimg.v4.package-info                  : loaded 2 times (x 72B)
Class com.android.sdklib.repository.meta.DetailsTypes$ExtraDetailsType                : loaded 2 times (x 72B)
Class com.android.build.gradle.internal.SdkComponentsBuildService$VersionedSdkLoader$aidlFrameworkProvider$1: loaded 2 times (x 77B)
Class com.android.build.gradle.internal.SdkComponentsBuildService$VersionedSdkLoader$androidJarProvider$1: loaded 2 times (x 77B)
Class com.android.build.gradle.internal.api.UnitTestVariantImpl                       : loaded 2 times (x 221B)
Class com.android.build.gradle.internal.dependency.AgpVersionCompatibilityRule        : loaded 2 times (x 78B)
Class com.android.build.gradle.internal.cxx.logging.PassThroughRecordingLoggingEnvironment: loaded 2 times (x 85B)
Class com.android.build.gradle.internal.dependency.SubtractingArtifactCollection$SubtractingArtifactResult$fileCollection$1: loaded 2 times (x 81B)
Class com.android.build.gradle.internal.tasks.ApkZipPackagingTask                     : loaded 2 times (x 338B)
Class com.android.build.gradle.internal.scope.InternalArtifactType$DESUGAR_GRAPH      : loaded 2 times (x 76B)
Class org.jetbrains.kotlin.gradle.targets.js.dsl.KotlinJsSubTargetContainerDsl        : loaded 2 times (x 72B)
Class com.android.build.gradle.internal.TaskManager$maybeCreateKotlinExtensionConfiguration$kotlinExtension$1: loaded 2 times (x 76B)
Class com.android.build.api.artifact.ScopedArtifact$POST_COMPILATION_CLASSES          : loaded 2 times (x 76B)
Class com.android.builder.merge.DuplicateRelativeFileException                        : loaded 2 times (x 84B)
Class com.android.build.gradle.internal.TaskManager$WhenMappings                      : loaded 2 times (x 73B)
Class com.android.build.api.component.impl.features.OptimizationCreationConfigImpl$consumerProguardFiles$2: loaded 2 times (x 81B)
Class [Lcom.android.build.gradle.internal.publishing.AndroidArtifacts$ConsumedConfigType;: loaded 2 times (x 71B)
Class com.android.build.gradle.internal.publishing.AndroidArtifacts$ArtifactScope     : loaded 2 times (x 81B)
Class com.android.build.api.variant.impl.VariantOutputImpl                            : loaded 2 times (x 85B)
Class com.android.build.api.variant.Instrumentation                                   : loaded 2 times (x 72B)
Class com.android.build.api.variant.GeneratesTestApk                                  : loaded 2 times (x 72B)
Class com.android.build.gradle.internal.variant.VariantPathHelper$defaultApkLocation$2: loaded 2 times (x 81B)
Class com.android.build.gradle.internal.scope.InternalArtifactType$DEFAULT_PROGUARD_FILES: loaded 2 times (x 76B)
Class com.android.build.gradle.internal.tasks.AndroidGlobalTask                       : loaded 2 times (x 328B)
Class com.android.build.gradle.internal.tasks.factory.TaskInformation                 : loaded 2 times (x 72B)
Class com.android.build.gradle.internal.dsl.SigningConfigImpl$AgpDecorated_Decorated  : loaded 2 times (x 152B)
Class com.android.build.gradle.internal.dsl.SigningConfigImpl$AgpDecorated            : loaded 2 times (x 103B)
Class com.android.build.gradle.internal.dsl.DefaultConfig$AgpDecorated                : loaded 2 times (x 444B)
Class org.jetbrains.kotlin.tooling.core.MutableExtrasImpl$Companion                   : loaded 2 times (x 73B)
Class org.jetbrains.kotlin.gradle.internal.ClassLoadersCachingBuildService$Parameters : loaded 2 times (x 72B)
Class org.jetbrains.kotlin.gradle.plugin.internal.ProjectIsolationStartParameterAccessor: loaded 2 times (x 72B)
Class org.jetbrains.kotlin.gradle.plugin.KotlinGradleBuildServices$Companion$registerIfAbsent$1: loaded 2 times (x 77B)
Class org.jetbrains.kotlin.gradle.utils.StoredProperty                                : loaded 2 times (x 72B)
Class org.jetbrains.kotlin.gradle.plugin.internal.CustomPropertiesFileValueSource$Inject_: loaded 2 times (x 115B)
Class org.jetbrains.kotlin.gradle.plugin.PropertiesProvider$booleanPropertyWithDeprecatedValues$1: loaded 2 times (x 80B)
Class com.google.protobuf.ExtensionRegistryFactory                                    : loaded 2 times (x 73B)
Class com.google.protobuf.AbstractMessage$Builder                                     : loaded 2 times (x 259B)
Class org.jetbrains.kotlin.gradle.internal.ClassLoadersCachingBuildService$Companion$registerIfAbsent$2$1$1: loaded 2 times (x 77B)
Class com.android.ide.common.blame.Message                                            : loaded 2 times (x 74B)
Class org.jetbrains.kotlin.gradle.targets.native.KonanPropertiesBuildService$Companion$registerIfAbsent$1: loaded 2 times (x 77B)
Class com.google.protobuf.ProtocolMessageEnum                                         : loaded 2 times (x 72B)
Class com.android.build.gradle.internal.plugins.BasePlugin$ExtensionData              : loaded 2 times (x 74B)
Class com.android.build.gradle.internal.VariantTaskManager                            : loaded 2 times (x 88B)
Class org.gradle.accessors.dm.LibrariesForLibs$AndroidxActivityLibraryAccessors       : loaded 2 times (x 79B)
Class com.android.build.gradle.internal.packaging.GradleKeystoreHelper                : loaded 2 times (x 73B)
Class com.android.build.gradle.internal.dsl.JavaCompileOptions                        : loaded 2 times (x 84B)
Class com.android.builder.model.v2.ide.TestSuiteTarget                                : loaded 2 times (x 72B)
Class com.android.build.gradle.internal.dsl.OptimizationImpl                          : loaded 2 times (x 88B)
Class com.android.build.gradle.internal.dsl.decorator.annotation.NonNullableSetter    : loaded 2 times (x 72B)
Class com.android.build.api.dsl.DeviceGroup                                           : loaded 2 times (x 72B)
Class org.gradle.tooling.internal.consumer.converters.IncludedBuildsMixin             : loaded 2 times (x 76B)
Class com.android.build.gradle.internal.dsl.BundleOptionsLanguage$AgpDecorated_Decorated: loaded 2 times (x 127B)
Class com.android.build.gradle.internal.dsl.BundleOptionsCountrySet$AgpDecorated_Decorated: loaded 2 times (x 132B)
Class com.android.build.gradle.internal.dsl.VcsInfoImpl$AgpDecorated                  : loaded 2 times (x 83B)
Class com.android.build.api.artifact.impl.SingleInitialProviderRequestImpl$on$1       : loaded 2 times (x 77B)
Class com.android.build.gradle.internal.dsl.CompileSdkSpecImpl$AgpDecorated_Decorated : loaded 2 times (x 142B)
Class org.gradle.internal.installation.GradleInstallation                             : loaded 2 times (x 77B)
Class com.sun.xml.bind.v2.model.annotation.XmlElementRefQuick                         : loaded 2 times (x 96B)
Class com.sun.xml.bind.v2.runtime.JaxBeanInfo                                         : loaded 2 times (x 91B)
Class com.android.repository.impl.meta.GenericFactory                                 : loaded 2 times (x 74B)
Class com.android.build.gradle.internal.SdkComponentsBuildService$VersionedSdkLoader$sdkSetupCorrectly$1: loaded 2 times (x 77B)
Class com.android.build.gradle.internal.scope.InternalArtifactType$JAVA_DOC_JAR       : loaded 2 times (x 76B)
Class com.android.build.gradle.internal.api.InstallableVariantImpl                    : loaded 2 times (x 243B)
Class com.android.build.gradle.internal.SdkHandler                                    : loaded 2 times (x 83B)
Class com.android.build.api.variant.impl.FlatSourceDirectoriesForJavaImpl$WhenMappings: loaded 2 times (x 73B)
Class com.android.build.api.variant.TestVariant                                       : loaded 2 times (x 72B)
Class com.android.build.gradle.internal.tasks.ExtractApksTask$CreationAction          : loaded 2 times (x 92B)
Class com.android.build.gradle.internal.scope.InternalArtifactType$BUNDLE_IDE_MODEL   : loaded 2 times (x 76B)
Class com.android.build.gradle.internal.scope.InternalArtifactType$COMBINED_ART_PROFILE: loaded 2 times (x 76B)
Class com.android.build.gradle.internal.tasks.ListingFileRedirectTask$CreationAction  : loaded 2 times (x 94B)
Class org.jetbrains.kotlin.gradle.plugin.mpp.compilationImpl.factory.KotlinCompilationImplFactory$create$1: loaded 2 times (x 77B)
Class com.android.build.gradle.tasks.CompatibleScreensManifest$CreationAction         : loaded 2 times (x 92B)
Class com.android.build.api.variant.ResValue                                          : loaded 2 times (x 74B)
Class com.android.build.api.variant.impl.SigningConfigImpl                            : loaded 2 times (x 81B)
Class com.android.build.api.variant.impl.ApplicationVariantImpl                       : loaded 2 times (x 634B)
Class com.android.build.api.attributes.AgpVersionAttr$Impl                            : loaded 2 times (x 90B)
Class com.android.build.gradle.internal.core.VariantSources                           : loaded 2 times (x 75B)
Class com.android.build.gradle.internal.dsl.TestOptions$suites$2$AgpTestSuiteFactory  : loaded 2 times (x 77B)
Class com.android.build.gradle.internal.core.dsl.impl.ComponentDslInfoImpl$mergedFlavor$2: loaded 2 times (x 81B)
Class com.android.build.gradle.internal.TaskManager$Companion$createCoreLibraryDesugaringConfig$1: loaded 2 times (x 76B)
Class com.android.build.gradle.internal.TaskManager$Companion                         : loaded 2 times (x 73B)
Class com.android.build.api.dsl.NdkBuild                                              : loaded 2 times (x 72B)
Class com.android.build.api.dsl.BundleAiModelVersion                                  : loaded 2 times (x 72B)
Class com.android.build.gradle.internal.dsl.decorator.SupportedPropertyType$Var$File  : loaded 2 times (x 76B)
Class com.android.build.api.dsl.TestBaseFlavor                                        : loaded 2 times (x 72B)
Class com.android.build.api.dsl.LibraryBuildType                                      : loaded 2 times (x 72B)
Class com.android.build.api.dsl.VariantDimension                                      : loaded 2 times (x 72B)
Class org.jetbrains.kotlin.gradle.tasks.KotlinJavaToolchain                           : loaded 2 times (x 72B)
Class org.jetbrains.kotlin.gradle.plugin.internal.CompatibilityConventionRegistrar    : loaded 2 times (x 72B)
Class org.jetbrains.kotlin.gradle.plugin.AndroidGradlePluginVersion                   : loaded 2 times (x 77B)
Class com.android.prefs.AndroidLocationsException                                     : loaded 2 times (x 84B)
Class com.google.protobuf.CodedInputStream                                            : loaded 2 times (x 121B)
Class com.google.wireless.android.sdk.stats.GradleBuildProfileSpan                    : loaded 2 times (x 217B)
Class com.google.protobuf.MessageLite                                                 : loaded 2 times (x 72B)
Class com.android.build.gradle.internal.res.Aapt2FromMaven$Companion$DefaultAapt2Version$BUILD_NUMBER$2: loaded 2 times (x 80B)
Class com.android.build.api.variant.ApkPackaging                                      : loaded 2 times (x 72B)
Class com.android.build.gradle.internal.component.features.RenderscriptCreationConfig : loaded 2 times (x 72B)
Class android.databinding.tool.processing.ScopedException                             : loaded 2 times (x 88B)
Class jdk.internal.jimage.decompressor.ResourceDecompressor$StringsProvider           : loaded 2 times (x 72B)
Class org.gradle.accessors.dm.LibrariesForLibsInPluginsBlock$AndroidxComposeUiTestLibraryAccessors: loaded 2 times (x 80B)
Class com.android.build.gradle.internal.UnitTestTaskManager                           : loaded 2 times (x 84B)
Class com.android.tools.idea.gradle.project.sync.StandaloneDeliverableModel$Companion : loaded 2 times (x 73B)
Class com.android.tools.idea.gradle.project.sync.AgpCompatibilityKt                   : loaded 2 times (x 73B)
Class com.google.common.collect.ForwardingCollection                                  : loaded 2 times (x 132B)
Class com.android.build.gradle.internal.TaskManager$createAnchorTasks$1               : loaded 2 times (x 77B)
Class com.android.build.gradle.internal.scope.InternalArtifactType$NAVIGATION_JSON    : loaded 2 times (x 76B)
Class com.android.build.gradle.tasks.ProcessManifestForBundleTask$CreationAction      : loaded 2 times (x 92B)
Class org.gradle.tooling.internal.adapter.ProtocolToModelAdapter$2                    : loaded 2 times (x 80B)
Class org.jetbrains.kotlin.compilerRunner.CompilerSystemPropertiesService$Companion   : loaded 2 times (x 73B)
Class com.android.build.gradle.internal.SdkComponentsBuildService$VersionedSdkLoader$aidlExecutableProvider$1: loaded 2 times (x 77B)
Class com.android.build.gradle.internal.scope.ArtifactPublishingUtil$publishIntermediateArtifact$2: loaded 2 times (x 81B)
Class com.android.build.gradle.internal.dependency.CollectResourceSymbolsTransform$Inject_1: loaded 2 times (x 111B)
Class com.android.build.gradle.internal.scope.InternalArtifactType$MERGED_NATIVE_DEBUG_METADATA: loaded 2 times (x 76B)
Class com.android.build.gradle.internal.tasks.MergeGeneratedProguardFilesCreationAction$handleProvider$1: loaded 2 times (x 133B)
Class org.jetbrains.kotlin.gradle.plugin.KotlinCompilation$Companion                  : loaded 2 times (x 73B)
Class com.android.build.api.component.impl.features.DexingImpl                        : loaded 2 times (x 89B)
Class com.android.build.api.variant.impl.HasTestSuitesCreationConfig                  : loaded 2 times (x 72B)
Class com.android.build.gradle.internal.variant.VariantPathHelper$targetFilterConfigurations$2: loaded 2 times (x 81B)
Class org.jetbrains.kotlin.gradle.plugin.mpp.compilationImpl.factory.KotlinJvmCompilerOptionsFactory$create$compilerOptions$1: loaded 2 times (x 79B)
Class com.android.build.gradle.internal.core.dsl.impl.ConsumableComponentDslInfoImpl$manifestPlaceholdersDslInfo$2: loaded 2 times (x 81B)
Class com.android.build.gradle.internal.utils.PublishingUtils                         : loaded 2 times (x 73B)
Class com.android.build.gradle.internal.manifest.LazyManifestParser                   : loaded 2 times (x 78B)
Class com.android.build.gradle.internal.tasks.factory.TaskFactoryImpl                 : loaded 2 times (x 85B)
Class com.android.build.gradle.internal.tasks.factory.GlobalTaskCreationConfigImpl$localCustomLintChecks$2: loaded 2 times (x 81B)
Class com.android.build.api.artifact.impl.ArtifactsImpl$3$1                           : loaded 2 times (x 82B)
Class com.android.build.gradle.internal.dsl.DependenciesInfoImpl$AgpDecorated_Decorated: loaded 2 times (x 132B)
Class com.android.build.gradle.internal.dsl.DependenciesInfoImpl$AgpDecorated         : loaded 2 times (x 86B)
Class com.android.build.gradle.internal.coverage.JacocoOptions_Decorated              : loaded 2 times (x 132B)
Class com.android.build.gradle.internal.api.artifact.SourceArtifactType$SHADERS       : loaded 2 times (x 76B)
Class com.android.builder.core.AbstractProductFlavor$Companion                        : loaded 2 times (x 73B)
Class com.android.build.api.dsl.VcsInfo                                               : loaded 2 times (x 72B)
Class com.android.build.gradle.internal.model.CoreCmakeOptions                        : loaded 2 times (x 72B)
Class com.android.build.gradle.internal.dsl.decorator.SupportedPropertyType$Collection: loaded 2 times (x 76B)
Class com.android.builder.core.ComponentType                                          : loaded 2 times (x 72B)
Class com.android.build.gradle.internal.scope.InternalArtifactType$FEATURE_SET_METADATA: loaded 2 times (x 76B)
Class org.jetbrains.kotlin.gradle.dsl.ToolchainSupport$Companion                      : loaded 2 times (x 73B)
Class org.jetbrains.kotlin.gradle.plugin.KotlinSourceSet                              : loaded 2 times (x 72B)
Class com.google.protobuf.MapFieldReflectionAccessor                                  : loaded 2 times (x 76B)
Class com.google.wireless.android.sdk.stats.GradleBuildProject$Builder                : loaded 2 times (x 361B)
Class com.google.protobuf.AbstractMessageLite$Builder                                 : loaded 2 times (x 128B)
Class com.android.tools.analytics.AnalyticsStateManager                               : loaded 2 times (x 73B)
Class com.android.build.gradle.internal.tasks.PerModuleReportDependenciesTask$CreationAction$Companion: loaded 2 times (x 73B)
Class com.android.build.gradle.internal.errors.AndroidProblemsReporter                : loaded 2 times (x 72B)
Class com.android.build.gradle.internal.services.AndroidLocationsBuildService$RegistrationAction: loaded 2 times (x 76B)
Class com.android.build.api.variant.CanMinifyAndroidResources                         : loaded 2 times (x 72B)
Class com.android.build.gradle.TestedExtension                                        : loaded 2 times (x 217B)
Class com.android.build.gradle.internal.test.AbstractTestDataImpl                     : loaded 2 times (x 111B)
Class com.android.build.api.variant.impl.DirectoryEntries                             : loaded 2 times (x 74B)
Class com.android.build.gradle.internal.tasks.DeviceProviderInstrumentTestTask$CreationAction$Type: loaded 2 times (x 81B)
Class com.android.build.gradle.internal.dependency.AarToClassTransform                : loaded 2 times (x 80B)
Class com.android.build.gradle.internal.dependency.AsmClassesTransform                : loaded 2 times (x 81B)
Class com.android.build.gradle.internal.publishing.PublishingSpecs$OutputSpec         : loaded 2 times (x 72B)
Class com.android.build.gradle.internal.SdkComponentsBuildService$VersionedSdkLoader$annotationsJarProvider$1: loaded 2 times (x 77B)
Class com.android.sdklib.repository.generated.addon.v3.LibrariesType                  : loaded 2 times (x 77B)
Class com.sun.xml.bind.api.RawAccessor                                                : loaded 2 times (x 75B)
Class com.sun.xml.bind.v2.model.impl.ClassInfoImpl                                    : loaded 2 times (x 138B)
Class org.jetbrains.kotlin.gradle.plugin.hierarchy.KotlinSourceSetTreeClassifierKt$sourceSetTreeClassifier$2: loaded 2 times (x 80B)
Class org.gradle.tooling.model.internal.Exceptions                                    : loaded 2 times (x 73B)
Class com.sun.xml.bind.v2.model.impl.RuntimeBuiltinLeafInfoImpl$StringImpl            : loaded 2 times (x 136B)
Class org.gradle.tooling.UnsupportedVersionException                                  : loaded 2 times (x 85B)
Class com.intellij.gradle.toolingExtension.impl.model.buildScriptClasspathModel.GradleBuildScriptClasspathModelProvider: loaded 2 times (x 81B)
Class com.intellij.gradle.toolingExtension.impl.modelAction.GradleModelFetchAction    : loaded 2 times (x 88B)
Class org.gradle.tooling.BuildAction                                                  : loaded 2 times (x 72B)
Class com.google.gson.ReflectionAccessFilter$FilterResult                             : loaded 2 times (x 81B)

---------------  S Y S T E M  ---------------

OS:
 Windows 11 , 64 bit Build 26100 (10.0.26100.9444)
OS uptime: 1 days 0:57 hours
Hyper-V role detected

CPU: total 8 (initial active 8) (8 cores per cpu, 2 threads per core) family 23 model 24 stepping 1 microcode 0x8108109, cx8, cmov, fxsr, ht, mmx, 3dnowpref, sse, sse2, sse3, ssse3, sse4a, sse4.1, sse4.2, popcnt, lzcnt, tsc, tscinvbit, avx, avx2, aes, clmul, bmi1, bmi2, adx, sha, fma, vzeroupper, clflush, clflushopt, hv, rdtscp, f16c
Processor Information for the first 8 processors :
  Max Mhz: 2100, Current Mhz: 2100, Mhz Limit: 2100

Memory: 4k page, system-wide physical 7882M (454M free)
TotalPageFile size 25448M (AvailPageFile size 6M)
current process WorkingSet (physical memory assigned to process): 613M, peak: 735M
current process commit charge ("private bytes"): 939M, peak: 951M

vm_info: OpenJDK 64-Bit Server VM (25.0.2+-15348964-b329.117) for windows-amd64 JRE (25.0.2+-15348964-b329.117), built on 2026-05-05T18:25:19Z with MS VC++ 16.10 / 16.11 (VS2019)

END.
